reviewId,content,score,thumbsUpCount,reviewCreatedVersion,at,replyContent,repliedAt,appVersion,app_name
c43ad2e7-9d4c-4ca5-9fb2-b791de879418,"I just spent the best part of an hour trying to update all my balances after doing a fresh start. Surprised to see past transactions even after the fresh start. Then I tried to link an account; login to the bank worked, then ""Syncing"" for FOUR MINUTES, then ""There was a problem validating your credentials"". I'd already got last login. The same password works in the bank's app. You broke YNAB, you broke YNAB, you broke YNAB. I bought ifetime in 2013. A thirteen-year love affair, over? V. 26.35.0",1,10,26.35.0,2026-09-22 14:14:46,"Oof, that doesn't sound right! We don't want the love affair to end—and we definitely want to work with you on those import errors to make sure everything is running smoothly in your Fresh Start plan. Reach out in the app and our team will be standing by to help! \-Blair@YNAB",2026-09-22 14:55:58,26.35.0,YNAB
58b37a36-c499-4511-8a38-e572dad7e8e1,"overpriced, can't use unless you pay",1,0,26.35.0,2026-09-22 11:17:29,"Hi Austin! Everyone gets a 34\-day trial of YNAB—after the trial, it's $14.99 USD a month or $109 USD annually. We understand that's a big investment, but stand behind the price: we know most YNABers save much more than they spend on the subscription. If you have any questions about how to get the most out of YNAB, reach out any time! \-Blair@YNAB",2026-09-22 14:53:48,26.35.0,YNAB
1a531161-d133-460d-9a0a-796bbddaa18d,Fantastic company and great app! Haven't worried about money in years because of YNAB!,5,0,26.35.0,2026-09-21 09:18:34,,,26.35.0,YNAB
4cd4c77c-5548-4dc6-a06a-1440a7df2a7a,"I began using this app in 2014. I was in a lot of credit card debt and needed a way to save money for specific things without actually using the cash envelope method. It totally changed my life and my family's life. It may seem like a lot of money each year, but if you break it down by month it's very little for the service you get! I now have savings, and peace of mind and a lot less time in therapy talking about stress from money!",5,0,26.35.0,2026-09-21 04:01:13,,,26.35.0,YNAB
f1b2a659-e220-414d-bc50-fb42763e4140,I came here for my financial issue but you are asking me for 10000 dollars to get lost and don't waste everyone time and money,1,0,26.34.0,2026-09-21 00:07:29,"Hi Survi, thanks for giving YNAB a try. The cost of an annual subscription is $109 USD per year. If you don't find the subscription price to be worth it in your currency, we understand—but if you ever want to give it another try, we'll be here to help! \-Blair@YNAB",2026-09-22 14:50:53,26.34.0,YNAB
ff58aefc-049e-4bfa-86a9-d57ca63d2896,bad,1,0,,2026-09-20 08:40:37,"Hi Shantha, we'd love to hear how we can improve! If you're up for it, share your feedback to help @ynab.com. ~ Lauren @ YNAB",2026-09-23 06:23:51,,YNAB
8cb914e0-08b7-4e09-a473-d95e86ed3eaf,I came back to try this for the third time after almost two years. I keep getting told it's the best budgeting app so it feels like it has to be a me problem. It still can't work correctly with PayPal. It can't add credit cards that are closed even if they still have debt in them (so much for tracking debt I guess.) Still claims your password is wrong when connecting banks if it takes too long despite copying and pasting. Guess il be back in another two years for nothing to change.,1,11,26.35.0,2026-09-17 22:22:27,"It sounds like you've run into more than your share of issues getting up and running, Jack. I understand why you'd feel frustrated! The life\-changing part of YNAB comes when you use the app to decide ""what's the money for?"" I'm hopeful we can help with direct import so you can get to the good stuff, so I'd encourage you to reach out! \-Blair@YNAB",2026-09-18 19:47:33,26.35.0,YNAB
76aaf08d-6512-48d5-bc64-24f2bde01ef8,refuses to sync with my Capital One accounts. not usable.,2,0,26.34.0,2026-09-17 17:19:36,"Hi JHS—I can see why you'd feel frustrated since you weren't able to get your Capital One accounts to sync. We have multiple import providers and with an assist from YNAB Support, I'm very hopeful we can get you up and running. Reach out in the app and we'll hop in to help. \-Blair@YNAB",2026-09-18 19:35:07,26.34.0,YNAB
15aa883e-1523-4816-aa3b-ac6fbe301886,"I continue to dread updates. The latest disables ""Ready to Assign"" and adds ""Start Assigning."" Before, you could add/subtract money to multiple directly all on one screen. The new workflow is inefficient. You must use Plan, select the category, Move Money then repeat for another. Is this to force ""intentionality?"" Judging from responses to support requests and app reviews, it seems YNAB has lost its way. New customers welcome: current ones, I'm not sure anymore. See Edit History for more.",1,13,26.35.0,2026-09-17 04:21:59,"Thanks for sharing how recent updates are landing for you, Leonel. Our aim is to improve the app for both new and long\-time YNABers, but I hear these changes aren't adding value for you, and that's a frustrating spot to be in. Your feedback on this new flow really helps, and you can reach us in\-app anytime if you'd like to add more.\-Caity@YNAB",2026-09-18 16:49:15,26.35.0,YNAB
27d8ba55-b3c3-4e24-ad03-2a1fff643367,works well,5,0,26.34.0,2026-09-16 12:15:51,,,26.34.0,YNAB
eb38d1e9-3510-4651-b0d6-2b4411ab448b,"I love YNAB, but I love more the web version of the app.. I'm too millennial for cellphone ui. there's some aspects of the mobile expensive that could be better, like split transaction",4,1,26.34.0,2026-09-16 05:20:17,"Hi Martin—thanks for taking the time to post a review! I'm so happy to hear you love YNAB. 😊 We appreciate your feedback about web vs. mobile too. If you'd like to share more detailed thoughts about split transactions on mobile \(or anything else!\), please email help@ynab.com or fill out this form: ynab.me/feedbackform. \-Erika@YNAB",2026-09-16 13:51:22,26.34.0,YNAB
63a2b4f7-4ed5-42a9-8a75-0cf3e578ddc5,"Editing to reply to admin reply: I have already submitted feedback a few times, both through the app as well as the Facebook group. I feel that my, as well as many others, concerns and issues have been ignored and that is why I left this review. Used to be great, updates are horrible in the last year. Looking for an alternative app.",2,1,26.26.0,2026-09-15 12:52:44,"Hi Kendra, I'm sorry to hear you've felt ignored. Every single piece of feedback is considered by our product teams, and it's a big part of any change we make. So thanks for sharing with us. If you'd like extra context or to talk through a specific workflow, please reach out to us via the app or help @ynab.com anytime! ~ Lauren @ YNAB",2026-09-15 20:07:32,26.26.0,YNAB
15ac107b-fd1d-47ae-adf1-08bbfcfbebd3,Updating review. App continues to glitch constantly. Continues to show the next month needing funds to be added to categories to bring them to $0 even though they are at $0. Bank transactions don't sync quickly or consistently. Some will take 24 hours others can take up to 3 weeks!,1,2,26.34.0,2026-09-15 06:26:46,"Hi B, we'd love to look at those categories and bank connections together. Import delays of up to 3 days are expected—3 weeks is not! Reach out in the app or to help @ynab.com! ~ Lauren @ YNAB",2026-09-15 19:55:32,26.34.0,YNAB
74222745-2e41-4c5e-b33a-267b6a4e6b2f,Love this app! I thought my finances were organized before using YNAB but this app is other level.,5,0,26.34.0,2026-09-12 15:28:12,,,26.34.0,YNAB
e12315cc-42bf-42c8-903f-ea44c73025c3,this app used to be so good. I decided to go back and go gove it another try. it hasn't updated my transactions since I created my new budget and now it says my transactions are going to be delayed more. it would be faster if I just tracked it on Excel myself at this rate.,1,2,26.34.0,2026-09-11 07:02:07,"Hi kryke09, bummer to hear you're off to a slow start with importing! It can take time for those first transactions to start coming in, but there could be something else going on with your connection. YNAB Support would love to help! Give us a shout in the app—we'll love to take a look and put together next steps. \-Blair@YNAB",2026-09-11 20:31:50,26.34.0,YNAB
5073b733-6a51-413d-aa1b-aca158c4737f,"I have been using this for years and love the clarity it gives to my financial life. It has helped me simplify my accounts, be confident with credit card spending, and build savings, both for the expected unknowns (maintenance for car, home, etc.) and goals I'm working towards. It involves a steeper learning curve and more day-to-day maintenance than similar options, but the increased intentionality it brings to my spending and savings has been so worth it!",5,0,26.34.0,2026-09-11 05:49:43,,,26.34.0,YNAB
3d9c65de-def8-4272-b120-313e124850b6,"Life changing product. It teaches you a completely new paradigm for taking control of your money. The educational resources are top notch as well. I've been using YNAB for about 6 years now and it's the best investment I've made by a long shot. I recommend using the web for serious endeavors like setting up all your categories and major transaction-sorting events, but the app is great for categorizing things and doing quick checks. Thank you, YNAB Team!!! :)",5,1,26.33.1,2026-09-10 19:22:40,,,26.33.1,YNAB
37989a22-acac-48d0-a469-a42d90e0c81c,"The latest update is terrible, not intuitive, more difficult to navigate.",2,2,26.34.0,2026-09-10 09:42:29,"Hey Audrey, we're glad you took the time to review! If you'd ever like to add context to what you said here, we'd love to hear from you via the app. The more details you share about what's not working for you, the better we can understand your perspective and consider it for future updates. \-Blair@YNAB",2026-09-10 17:20:40,26.34.0,YNAB
67a39fad-7897-4d6d-bdaa-d4e2351a87dc,Decent Budgeting Software. Extortionary subscription fees.,3,1,26.33.1,2026-09-09 03:54:50,"Thanks for checking out the app, Tony. We get that the price is a real factor when choosing an app. Our subscription fee is what lets us maintain the app, keep building new features, and provide top notch support for YNABers. If you don't find the price worth it, we totally understand. We wish you the best on your money journey! \-Blair@YNAB",2026-09-09 18:24:06,26.33.1,YNAB
3f7dfa6d-340e-4343-a99f-b645f73ee904,nice app but I can't figure out how to make the transactions in spending before today,2,0,26.33.1,2026-09-07 15:38:01,"Hi Rachel! It sounds like you want to include historical transactions in your YNAB plan. You can do that using File\-Based Import, but we don't typically recommend it because categorizing past transactions can be very time\-consuming. It's up to you though! Please email help@ynab.com and we'll be happy to share more details! \-Erika@YNAB",2026-09-09 13:25:36,26.33.1,YNAB
278fdeff-b828-47d6-93cf-5fb41c63d77d,I use Chat GPT to help set-up and use.,5,0,26.33.1,2026-09-05 19:46:02,,,26.33.1,YNAB
70ba2ba9-a2b7-4561-8a41-f08f7f9d1511,"wanted to give it a go , and I honestly hate apps that don't even let you acces the app without the ""Only £££ a month "" . I want to see and have a play around the interface before I commit to a free trail on which I agree that at the end of it there will be an automated renewal. Its a shame , people seem to really like ur app. Thanks but no thank you for now.",3,1,26.33.1,2026-09-03 18:01:27,"Hi Alex, thanks for posting! It's true you'd have to choose a subscription, and your YNAB account would be managed on Google Play Store. That said, you can cancel the renewal as soon as the free trial starts and get the full experience. Reach out to help @ynab.com if you have any questions! ~ Lauren @ YNAB",2026-09-03 21:03:51,26.33.1,YNAB
f1501e11-a514-473f-bb6f-e9226c7c6c82,No longer worth it. Costs more than double what it did a few years ago even though they used to say how important it is to minimize recurring expenses. Budget Friendly Budget works the exact same for free. Actual Budget lets you self host. Zero sum is cheaper if you want to sync. They couldn't even add a fiscal transaction post like others already have.,2,24,26.32.0,2026-09-02 09:17:36,"Thanks for posting, Jason, and YNABing for so many years. I get why it's frustrating that a semi\-monthly view isn't an option, especially if the other features we've launched aren't adding enough value for the cost. We appreciate you being upfront and wish you and your finances continued success, no matter what software you choose! \- Caity @ YNAB",2026-09-03 16:42:01,26.32.0,YNAB
ade5f96c-bee1-4fea-849a-c6d46b0954ac,little hard to figure out with no in app guidance but definitely helps with budgeting,4,0,26.32.0,2026-09-02 05:04:36,"I'm so glad YNAB has been helpful for you, Heather! I did share your message about in\-app guidance with our product team because customer feedback helps inform future updates. In the meantime, our Help Center \(ynab.com/help\-center\) has lots of great resources, and you can email help@ynab.com anytime with questions! :\) \-Erika@YNAB",2026-09-03 13:54:00,26.32.0,YNAB
985e3249-8d5a-4208-8cc7-b399d2fc2da2,to much money,1,0,,2026-08-31 20:50:45,"Thanks for your review and for checking out YNAB, Isidro. If you're curious about our approach but a subscription doesn't feel worth it to you right now, we have lots of free materials that can still help you make a plan for your money! \- Caity @ YNAB",2026-09-02 16:35:18,,YNAB
20a34072-3d9e-4c89-a1d3-44c1165e5abf,"if ur canadian u will have to do everything manually despite this being one of the ones you'd expect to link to ur bank and work fine automatically bc trying to link any canadian bank account seems to be impossible lmao rbc, PC financial, scotiabank, tangerine, nope",1,1,26.32.0,2026-08-31 14:25:39,"I hear you, Ren. It's disappointing when one bank has connection issues, let alone four of them. Canada is working on an open banking framework which should lead to big improvements in the future. Until then, we're happy to talk through troubleshooting or our other entry methods—just reach out in\-app or to help@ynab.com anytime. \- Caity @ YNAB",2026-09-02 16:15:55,26.32.0,YNAB
eaa9d581-9fcd-4181-97b6-44d2ee4b6597,"$180 a year is the price to GIVE AWAY your financial info they sell. What a ripoff. Also the app is not at all intuitive unless you have no money, no credit card spend. Awful spending tracker. Great for doing mental math exercises. Credit card payments is a spending category filled with other spending categories? Pass.",1,2,26.32.0,2026-08-31 13:41:58,"Hi Andrew, glad you posted! We never sell your data or ads. That's part of YNAB's cost \($109 USD\)—we only make money by helping people figure out what their money's for. And it's true, YNAB automatically sets aside funds as you spend on cards, so you're ready when the bill comes. Reach us at help @ynab.com anytime! ~ Lauren @ YNAB",2026-08-31 20:53:32,26.32.0,YNAB
7176a57f-b278-460b-b6fb-8b69c9817ea5,"Very nice and expensive app, it would be best if I alone determined if an entry has cleared the bank. I have requested some form of work around; however, to date not a single word back from developers. Reconciliation of your accounts are just that more difficult to verify.",3,0,26.32.0,2026-08-31 01:39:54,"I'm glad you brought this up, Daniel. With direct import, only cleared transactions import but you can change the status if you'd like. You could also try using YNAB without direct import for more control there! Our devs don't reply to feature requests directly, but if you reach out to Support we're happy to chat more about this \-Blair@YNAB",2026-09-02 16:07:50,26.32.0,YNAB
6f4cda29-e731-4cd0-97ed-84d3602d5c39,"I love YNAB, but why is the inflow/outflow selection in a new transaction now a dropdown menu? Why is Outflow (or ""spending"" as it's now called) not red anymore? The top just remains grey-blue-ish, now it's very unclear that I'm entering an outflow. And why is the Cleared toggle now under ""Show more""??",1,2,26.32.0,2026-08-30 14:38:41,"Hi Jonathan! The changes you mentioned are part of an ongoing effort to make the transaction interface more intuitive. I can understand why it would seem pretty different to you if you were used to the previous design! We want to make sure you feel comfortable entering your transactions, so if you have more questions please reach out. \- Blair@YNAB",2026-08-26 18:56:51,26.32.0,YNAB
a85c3ae2-f861-45f6-a1f1-5e9a021bceb6,"great budgeting app, been using it for years",5,0,26.32.0,2026-08-30 11:08:29,,,26.32.0,YNAB
ecb45e82-06a5-42be-abb4-2472c50cb339,"Update... After giving some thought, I'm going to continue to use this app and see if I can give it the benefit of the doubt. It is however annoying that I have to manually ""approve"" my spending and categorize everything especially when I have a working budget and account linked. Update... Having to reauthorize linked accounts over and over again is just too much hassle. This is why my rating went down to a one star. The help and tutorial doesn't work or make sense at all. Fix, I'll come back",1,0,26.32.0,2026-08-30 06:38:37,"Hi Smokey! If you have to reauthorize your accounts frequently, that's because of your bank's security requirements. It can be annoying, but it IS something that could change with time. If you'd like to chat about best practices for connections with frequent reauthorization requests \(I've been there!\), reach out in the app \-Blair@YNAB",2026-09-02 08:39:15,26.32.0,YNAB
fc0b217d-83dc-429c-994a-6820249c7626,Been using this app for many years and I'm happy with the approach to budgeting that it takes. And support is great. However the bank connections are simply terrible. One of my credit cards won't connect anymore at all (verified by support) and others are always having to be reconnected. I hate that I now spend at least an hour every week to manually enter transactions. The app price is getting too high now considering all the manual effort I'm having to do.,2,1,26.32.0,2026-08-30 05:39:09,"I hear you, Alexa! Bank connections are really convenient when they work. There are rare cases when the bank's system is just not compatible and that's disappointing. Let's chat more about keeping accounts updated without direct import, though! I'm hopeful we can help you to come up with a workflow that would take you less time. \-Blair@YNAB",2026-09-01 15:01:10,26.32.0,YNAB
3b36fa7e-31db-48e3-afa4-e933a82726ad,There is this horrible auto playing intro that you cannot skip at the beginning that has stopped me being able to use the app because it messes with my disability and is a blatant WCAG violation. I uninstalled it.,1,3,26.32.0,2026-08-28 00:38:21,"Hi Erissa—thanks for letting us know about your experience of getting started with YNAB. We do our best to make the app accessible, and we’re taking your feedback seriously—I’ve shared it directly with our design team. We appreciate you letting us know how to make YNAB more friendly for everyone! \-Erika@YNAB",2026-09-02 09:54:35,26.32.0,YNAB
bfd9730c-d19f-459d-a985-1e1e34c148f8,"I've used YNAB since version 3 and it gave me the tools to save for my retirement home. I was skeptical when they went to the app and the subscription service, but I have to admit it has been very useful to have it handy on my phone.",5,0,26.31.1,2026-08-27 02:56:39,,,26.31.1,YNAB
68edccd5-e646-4b4c-96b5-1336a7122a80,"it's fine but has lots of annoyances, yearly targets do baffling things, some simple budget tasks are very confusing. quite expensive",3,1,26.32.0,2026-08-26 18:57:08,"Thanks for sharing your review, Matt! If you reach out from the app or via help @ynab.com, we'd love to help with yearly targets and note your feedback about anything else confusing. ~ Lauren @ YNAB",2026-08-31 20:35:42,26.32.0,YNAB
d6d6dd80-f844-470e-ae52-e4267f2341b3,started getting a ton of spam after installing and creating an account,1,0,26.31.1,2026-08-25 09:04:40,"Hi Jason, I'm glad you brought this up. Spam is super frustrating to deal with and I can see why you'd be concerned. YNAB doesn't sell your information and we never have. I'd encourage you to check out our privacy policy \(https://www.ynab.com/privacy\-policy\) and please reach out if you have questions! \-Blair@YNAB",2026-08-28 14:29:07,26.31.1,YNAB
3bb3bb9d-7f86-4100-a372-42797e6cb18b,"I see lots of people complaining, and maybe I'll have my moment yet, but at this point I am totally sold on YNAB. Yeah, it's a different concept, and it might take some time until you quit making systemic mistakes. I occasionally have glitches like YNAB not recognizing a transfer to my Paypal account. But no other money management app really functions like this one does, and it really does work.",5,0,26.31.1,2026-08-24 16:40:20,,,26.31.1,YNAB
4501125a-4f1e-4e10-848e-0b0c5564712f,"Good budgeting app, but has too many issues connecting to 3rd party accounts (for example, HealthEquity). Not good if you want to track anything aside from your bank accounts.",1,1,26.31.1,2026-08-23 14:00:47,"YNAB's direct import focus is on spending accounts: checking, savings, and credit cards. You use your accounts in the app to plan for that spending. We're not set up to import investment accounts like HSAs, so we recommend keeping those unlinked. We can chat more managing an HSA account without direct import—just give us a shout! \-Blair@YNAB",2026-08-27 20:07:58,26.31.1,YNAB
5e4ba103-b76e-49f2-893f-8288c03396af,"Keeping track of my money is like a quick, easy game I play daily.",5,0,26.31.1,2026-08-22 20:09:02,,,26.31.1,YNAB
43c0edfb-23e7-461b-9d7a-4ae09f904e4c,"I love this app for tracking mine and my fiances finances together! once you get used to it, it is easy and well laid out.",5,0,26.31.1,2026-08-22 16:22:33,,,26.31.1,YNAB
c27f4cf3-5416-4e23-910e-bf22b71ee606,First timer and I haven't even seen the home page yet that I'm prompted to pay?? No free version at least for new user?...BYE,1,1,,2026-08-22 01:25:18,"Hi Lilya, you're right — that doesn't sound expected! If you're open to it, I'd love to have you reach out to us at help@ynab.com so we can help get that sorted out for you! \-Renae @YNAB.com",2026-08-27 11:12:54,,YNAB
e0212a81-e6d2-43a8-a297-54a004cc5795,"This could also be called ENAB because, seriously, EVERYBODY needs a budget, and this is the app that they need for it! After slogging through years with Quicken and then months searching for something with Quicken's good features but not all the annoying ones, I found YNAB and thought I heard angels singing. It is not only effective and easy to use, it's actually fun--and even addictive!",5,10,26.31.1,2026-08-20 13:58:23,,,26.31.1,YNAB
7528e49d-cbca-43e6-a89c-5e7cc4e7d622,saved my marriage,5,0,26.30.0,2026-08-19 15:56:46,,,26.30.0,YNAB
30c78ad8-7381-4ae6-bc3e-8cf946cc4026,"Good budgeting app for a manual process, but if you have a credit card you use for purchases and immediately pay off it's a pain. The totals always get out of sync and I find myself spending hours each month trying to figure out why YNAB has the wrong amount on my CC balance. Half the time I end up doing a full reset, but it will have some discrepancy again in another 1-2 months, I'll check all transactions and they'll all match so I give up and reset again.",3,0,26.30.0,2026-08-18 09:32:02,"Clinton, that sounds super frustrating and NOT what we'd expect you to experience as someone who makes credit card purchases and immediately pays them off! YNAB is designed so that as long as you're not overspending, you should always have the correct amount set aside. YNAB Support can work with you to get things running more smoothly! \-Blair@YNAB",2026-08-26 19:00:59,26.30.0,YNAB
1ff9f223-028b-42c0-bc41-ebbdfb58365d,Best budgeting system for our family. I love that they are constantly making it more user friendly and listen to the community,5,0,26.30.0,2026-08-17 08:43:41,,,26.30.0,YNAB
878e2095-4db7-43c0-82b3-33d5ff053c90,Top app once you decide to get finances in order.,5,0,26.30.0,2026-08-16 03:31:24,,,26.30.0,YNAB
8bb836d3-1d81-4cff-9659-782ed9fdfcca,Brilliant and litterly life changing. I've used YNAB for years and cannot recommend more highly for personal money management.,5,0,26.30.0,2026-08-15 15:59:05,,,26.30.0,YNAB
34bd843c-9015-4ae7-a218-e2a1fb888e7b,"Just so you know, after the 30 day trial it will be $109.00 per year.",1,0,,2026-08-14 14:07:49,"Thanks for checking out YNAB, C. Stipp! While there isn't a free version of YNAB beyond the trial, we do have a monthly option for those who don't want to commit to a full year right away. We hope you'll still give it a try, and are happy to help make sure you won't be charged—reach out in\-app or at help@ynab.com anytime! \- Caity @ YNAB",2026-08-14 16:34:49,,YNAB
9ec18da9-c241-47f1-ba08-cb79d51389bb,"Five years ago, ynab was the only way we could make ends meet. This month we brought a second car and we're able to replace the clutch in our other car without having to worry too much.",5,1,26.30.0,2026-08-14 00:57:32,"Congrats on the second car, Hans! 🎉 And yay for being able to replace your other car's clutch without much worry. We appreciate you taking the time to share those exciting wins and post a review. Keep up the good work! \-Erika@YNAB",2026-08-14 07:20:32,26.30.0,YNAB
8f169403-2377-4b84-8c02-8977a944249b,"I've never responded to a review request but this app has changed my life, honestly.",5,1,26.30.0,2026-08-13 18:18:16,"Hi Ryan! We're honored to be your first response to a review request! 😃 Thanks so much for taking the time to post your thoughts. I'm so happy to hear YNAB has had a positive impact on your life. Reach out anytime if questions come up; otherwise, happy YNABing! 🎉 ~Erika",2026-08-14 07:17:28,26.30.0,YNAB
89acf232-bf2b-4ee1-a04e-f4f300be48aa,3 best,5,0,,2026-08-13 04:33:23,,,,YNAB
10455908-7740-4f1d-a12a-cd62cfd9ec8e,This app helped us to feel in control of our money and stopped us from feeling like our money was controlling us.,5,0,26.29.0,2026-08-12 06:43:10,,,26.29.0,YNAB
83b6a206-fa76-415c-adbc-238313a57783,"eh. it requires $15/mo to use, which is fair enough, but I wish I knew before downloading.",3,0,,2026-08-11 06:33:23,"Thanks for posting, Rex! I understand where you're coming from and can appreciate wanting pricing details upfront. The first month is free, so I hope you'll still give YNAB a try—it's a great way to get a feel for the YNAB Method and help decide if it'll be a good fit. We're here at help@ynab.com anytime if you have questions! \- Caity @ YNAB",2026-08-12 17:26:23,,YNAB
861d4989-f0e4-43a8-8b5d-8b30fc544c29,syncs well with banking and is soo helpful for all budgeting !!,5,0,26.29.0,2026-08-09 11:10:37,,,26.29.0,YNAB
3b2be8a6-4126-498f-a7e2-71b073d5aec8,Love the clarity this app and all of the related educational materials has given me over my finances!,5,0,26.29.0,2026-08-08 10:00:47,,,26.29.0,YNAB
3a688694-45c4-462a-8123-11625365acc8,"It is a learning curve, but in my opinion the videos they have on YouTube make it not much of one. 3 months in, and the app has completely changed how I approach money. I am actually saving money now, and spending on things like a night out to eat guilt free because I know exactly how much I have allocated. I am also impressed with how well it handles credit cards. Our house always puts everything on the card and then pays if off every month and YNAB handles it with ease. Amazing app!",5,6,26.29.0,2026-08-07 06:44:41,"Your review totally made my day, A. James! I am thrilled to hear that using YNAB has helped you to save and spend with intention—that's what it's all about. Cheers to your new perspective on money and all the guilt\-free dinners to come! \- Caity @ YNAB",2026-08-07 15:50:31,26.29.0,YNAB
6bfbe603-0f6b-4a22-988c-ff46aa8eda7f,Really good!,5,0,26.28.1,2026-08-05 06:19:59,,,26.28.1,YNAB
5b136d72-3e65-41f4-a564-2d4c7257860b,Love YNAB! Super helpful with staying on track with budgets and getting ahead.,5,0,,2026-08-03 11:53:28,,,,YNAB
e75c8917-d3e7-42bf-a677-9b43f092cd71,I want to get out of debt but simply can't afford this app. Having such high pricing model is so predatory when you customer base are people who are trying to get their spending under control.,1,1,,2026-08-02 17:48:09,"That'a tough, Anna—we understand that at times, the price of the app can be a barrier. That being said, we'd love for you to be be use YNAB because a lot of folks save more than they spend on the subscription. Reach out to Support and we'll look at options for an extended trial to give you more time to save up to subscribe! \-Blair@YNAB",2026-08-04 10:38:37,,YNAB
d1d2aa54-3de3-4dfb-8b6f-2ec1115eb0da,"while I like YNAB and feel like it is a good investment, I am not a fan of the latest update. Font is smaller, now I have to use my reading glasses to see the app, didn't have to before. there's way too much info, it feels cluttered. I don't like how you cannot easily see the details on a saved transaction when you go to edit. you have to click ""see more"" to see details. this adds no benefit to the app. the one thing I like is the option to easily see uncleared transactions.",3,3,26.28.1,2026-08-01 23:40:27,"Hi Alisha, thanks for posting! We're always looking to improve, and feedback was part of why the ""See More"" option was added. Would you be up for writing to us via the app or help @ynab.com about where you feel the app's cluttered or the font got smaller? ~ Lauren @ YNAB",2026-08-04 20:51:36,26.28.1,YNAB
d78e11b8-5fb8-4163-96fd-d20ac27c82f5,"Take my advice: if you're just starting out like me, don't link accounts. Do everything manually.",4,0,26.28.1,2026-08-01 08:23:39,"Thanks for sharing this tip, Justin! Actively entering transactions always makes a big difference for my awareness of my spending and engagement with my plan. And please reach out via the app anytime. We're here to help! ~ Lauren @ YNAB",2026-08-03 21:17:59,26.28.1,YNAB
a0bbc798-c0b3-4eed-9f3a-411e1ad69e48,Recent app development has made much harder to use and doesn't seem to always follow the YNAB method.,1,1,26.28.1,2026-08-01 05:30:27,Hi Scott — thanks for sharing your thoughts! I'd love to hear more about where you feel the app isn't following the YNAB Method! You can reach us at help@ynab.com \-Renae @YNAB.com,2026-08-04 06:35:05,26.28.1,YNAB
e6fd4f44-5e13-4251-81e2-38a63fe1b398,"I don't enjoy the latest Android update. I don't like that there's a see more because I didn't even see that at first and couldn't figure out where the rest of the options were for entering my transaction. I don't like that when I overspend a category now, I have to physically subtract dollars instead of just clicking on a category to take it from. Aren't updates supposed to make things easier?",3,4,26.28.1,2026-08-01 04:12:06,"I appreciate you sharing your thoughts on this, Meesha! I've shared your thoughts with our development team — they really carefully consider every piece of feedback that comes in, so please keep sharing! You can reach us any time at help@ynab.com \-Renae @YNAB.com",2026-08-04 06:39:10,26.28.1,YNAB
f8738987-6354-47e8-b0cb-00513a87c6a0,"This app has changed the way I relate to money. This is the best budget app out there, and I've tried a bunch of them. Give your money an assignment rather than just tracking where it all went.",5,1,26.28.1,2026-07-31 18:51:44,,,26.28.1,YNAB
26b69ad1-340a-4117-9b41-43be269ee20b,"Been using YNAB for 9 years. It's the best budgeting app, bar none. Wonderful company with heart too. Not a mega corp trying to squeeze you of every penny and sell your data.",5,0,26.28.1,2026-07-30 20:21:59,,,26.28.1,YNAB
18f4ec5e-6e6f-4768-9f5c-118cc56a0aa3,"This app has changed my entire life in the almost 3 years I'veused it, being used correctly with watching training videos and going to Crown Financial ministry- I have been able to save and change my entire life style with budgeting! It's worth it to pay for 1000%. It depends on YOUR discipline and will to budget. I look at it everyday, so it only works if you do. But its amazing, always accurate. I dont have any issues with the way it works. I truly love and am thankful for this service.",5,0,26.26.0,2026-07-28 12:09:44,,,26.26.0,YNAB
b22db4b8-32aa-450a-a2b8-cf388430594c,absolutely hate the new update. takes so much longer to input and clear transactions.,1,2,26.27.0,2026-07-27 06:21:30,"Thanks for sharing your thoughts, Lisa! If you're up for it, I'd love to have you reach out to us to share the specifics of what's taking longer and any other thoughts/ideas you've got! We can be reached at help@ynab.com :\) \-Renae @YNAB.com",2026-07-29 04:59:33,26.27.0,YNAB
b7fed7a0-b469-488a-88e1-f800317d2ad9,"A bit hard to rate. Its good, but expensive as hell. Sure, the product is well made, but I feel the current price is milking it a bit too much. Would rather support a project like Actual Budget or similar where the money wont end up in a close sourced product that suddenly gets a big price hike, just to collect more cash. Totally understand why though. Money is money. With that said, if money isn't an issue for you, then YNAB is a valid contender.",4,1,26.27.0,2026-07-26 14:52:10,"Thanks for sharing your perspective! We work hard to deliver a product, support, and educational resources that continue to improve over time, and our subscription price helps make that possible. If YNAB ever doesn't feel worth the cost, we completely understand—we want you to feel great about every dollar you spend, including on YNAB. –Blair@YNAB",2026-07-28 07:14:31,26.27.0,YNAB
bfb544ba-08d8-4c34-8b2f-751fbf75c046,best budgeting app i have found. has completely changed our financial game.,5,0,26.27.0,2026-07-26 00:15:53,,,26.27.0,YNAB
6e98c44c-629f-4ec5-9449-58f8ac51e122,"YNAB is a great way to keep track of your spending, savings, and giving. Both the web version and the app are easy to use. I highly recommend it.",5,0,26.26.0,2026-07-25 04:30:39,,,26.26.0,YNAB
7b72a35c-a1af-4883-a939-3e92d4a3d7f0,"I'm starting to get frustrated and annoyed from how many times it needs to reauthenticate. I'm the owner of my phone, it takes too long to do that and feels like a chore. I love this app but it's both expensive and a chore at times",3,8,26.27.0,2026-07-25 02:38:03,"We hear you, Yazeed! Reauthentication can be a drag. Requests are based on your bank's security, so it's not something we can change, but if it's taking extra long or you're not able to connect there might be an underlying issue. Support would be happy to check your connection—just reach out in the app and we'll dive in together! \-Blair@YNAB",2026-07-28 07:19:01,26.27.0,YNAB
af7985ab-af71-466f-bc1f-9375585ac797,"This app is fantastic if you have a lemonade stand and colorful undersized paper money. For everyone else that has real monthly expenses, and doesn't have hours to fight with an unintuitive interface, creating everything manually 3 times; there are better options. At its most basic level the whole concept of ""allocate money to buckets"" is fine. But they took that idea and mangled it until it's completely unrecognizable. If you actually want planning and analytics, pick something else, I am.",1,6,26.15.1,2026-07-24 20:53:19,"We're glad you gave YNAB a try! There's a lot to learn when you get started with YNAB, but we believe the effort is worth it: we have tons of transformed lives to prove it. That being said, we want you to experience money peace even if YNAB isn't the method that gets you there. We wish you the best on your journey! \-Blair@YNAB",2026-07-27 19:10:48,26.15.1,YNAB
63ce0e31-b083-47aa-be0c-19351e8be2ad,"love this app but do not like the latest layout, its way more confusing. would be nice if you went back to the way it was.",4,1,,2026-07-24 11:40:08,"I'm glad you shared your thoughts, Adelle! We'd love to hear more about what feels confusing these days, as well as anything you'd love to see added! If you reach out in the app and tell the chatbot you have feedback, they'll collect your ideas and make sure they get over to our designers. \-Blair@YNAB",2026-07-24 18:19:59,,YNAB
1a1125fb-fbfe-474e-8fbe-5e81310c50a3,"Love the app and service, would 100% reccomend. 3/5 because they keep rolling out updates that make the UI worse...",3,2,26.26.0,2026-07-22 20:17:55,"Thanks for the kind words about the app and service, Dallin! If you'd like to share more detailed feedback about which aspects of the UI you're not loving, I'd encourage you to reach out in the app. Our product team reads every submission and keeps your thoughts in mind as they determine what's next for YNAB \-Blair@YNAB",2026-07-23 17:25:49,26.26.0,YNAB
044d0224-eb37-483d-8528-1e3dc10668ec,"I have used this app for a very long time and still find it very useful for managing how my money works. I do have to agree with a lot of others on here that the latest UI changes are terrible. They are definitely changes for the sake of changes with no logical thought, presumably to justify the very expensive annual cost. Something that used to be quick and easy (clearing a transaction) is now hidden behind a show more tab. Why? Change it back and stop making stupid changes.",3,4,26.27.0,2026-07-22 14:32:52,"Hi Ben! 👋 You're not the only one who didn't appreciate the extra click to mark a transaction cleared, so we made an update so that the toggle stays visible. I hope it's helpful to know that YNAB doesn't change for change's sake. Everything we do connects back to our number one priority: helping folks get good with money \-Blair@YNAB",2026-07-23 17:23:31,26.27.0,YNAB
2d4c233f-49fb-463c-bba5-9bd62a049d0e,INSANE learning curve!!! Their idea of giving you support is telling you to watch videos that only vaguely touch on the issue you're having!! I can't even articulate the issues I'm having because I don't even understand why the app isn't doing the thing I want to do!!! crazy complicated!!!,1,3,26.24.1,2026-07-21 16:32:45,"Getting good at money can be like getting good at anything else—say, hiking. It can be uncomfortable at first, but if you stick with it there are so many benefits! We'd love another chance to help. If we send a resource that doesn't click for you, we don't have to stop there: we'll continue the conversation until you get what you need. \-Blair@YNAB",2026-07-22 13:14:50,26.24.1,YNAB
64a3f77d-87c3-461a-80c6-64defb217e5c,Linked financial institutions are constantly under maintenance now. It used to only happen once every few months but now I can barely make the app work. Might have to switch apps soon. It's a shame after so many years.,3,1,26.26.0,2026-07-21 05:56:32,"I'm glad you mentioned this, Jon. Often, that error message can resolved by removing and re\-adding the connection. If that doesn't work, we have some tricks up our sleeve to improve your connections. It's definitely worth troubleshooting with YNAB Support if you haven't already! Reach out in the app and we'll be standing by to help. \-Blair@YNAB",2026-07-21 16:07:30,26.26.0,YNAB
5a9005e6-547b-4b68-a804-21193217f2c7,So perfect,5,0,,2026-07-19 08:41:11,,,,YNAB
d02ade2a-0dcf-41b1-8be0-d22b05a27eda,"I love the program overall. The most recent update of the interface on the Android app is a downgrade in my opinion. It was quick and easy the way it was prior to the recent shift, and now it feels more labor intensive and less intuitive. I don't know if there are actually a lot more steps that require dropdown menus and searching through options compared to how it used to be or if it only feels that way. It's much more clunky. I don't like it.",4,7,26.25.2,2026-07-18 16:26:22,"Hi Jennie! Thanks for taking the time to share your thoughts about the recent Android update. I submitted a feedback form on your behalf to ensure our product team sees your note. Community input is a real driver of how we build and improve, so they always appreciate hearing from our customers! \-Erika@YNAB",2026-07-21 12:41:36,26.25.2,YNAB
f27f8a5d-5e0b-409c-949d-ea6b54f7b41b,Used to be a good product it has gone downhill. Constant UX changes and price increases. And they keep spamming my inbox for some stupid book that the creator of YNAB wrote.,2,12,26.26.0,2026-07-17 03:11:04,"Hi Brian! If you don't want anymore marketing emails, we understand. You can click the Unsubscribe button at the bottom of the email and that should do the trick, but if you have any issues please reach out to Support and we'll be glad to help. -Blair@YNAB",2026-07-17 20:38:30,26.26.0,YNAB
7e51cdf1-c196-4b61-8863-f4dd1ec7099a,"Great app, does take some time to get used to. Overall would recommend.",5,0,26.26.0,2026-07-16 16:42:31,,,26.26.0,YNAB
cb67cd12-a748-45c1-9588-9c9cb9b5b082,"app is so so complicated to set up. I wanted it to pull transactions from my bank and then ask me how I want to categorize them and then learn from my choices.I want to get to 10 break down my spending so I could see where the money is going. I wanted to be able to enter cash loans and track repayments. I feel like this is all possible but it is beyond me **EDIT** after reading other reviews, I see there's a steep learning curve. i will try again another time",3,3,,2026-07-16 14:01:39,"Thanks for sharing some of the things that were missing for you during setup! YNAB is designed to stay focused on what you have on hand right now, but I can appreciate wanting to have some of your previous transactions. We'd love to walk through it together so it doesn't feel so daunting—reach out anytime in-app or to help@ynab.com! - Caity @ YNAB",2026-07-16 16:57:53,,YNAB
fa820273-40db-429e-aad1-7c9c27197d80,"You've strayed too far, YNAP. Features and improvements for the price absolutely are not there. It's been ages since any material benefit (Australia bank sync?) and these redesigns.... Oof. Just reducing usability. User since 2013, time to say farewell. Hopefully some new users are somehow benefiting, but I wish YNAB kept small and simple rathen than charging such a high sub.",3,2,26.26.0,2026-07-16 13:52:13,"Hi Conrad, it means a lot to us that you've been YNABing for 13 years and we appreciate your honest feedback. We're eager to hear more about where the usability has slipped for you or what other types of features/changes you'd be excited to see. If you're up for sharing, reach out to help@ynab.com or in-app anytime! - Caity @ YNAB",2026-07-16 17:15:26,26.26.0,YNAB
de20c0a2-16e9-49c3-a8f0-26f2462172e1,I love this freaking app. Syncs with my bank accounts and lets me know how much discretionary money I have for the month after allocating money for bills. 🫰🏾🤑,5,0,26.25.2,2026-07-15 22:40:11,,,26.25.2,YNAB
3172639d-07c8-4517-9a18-cf621406f70a,"This app just keeps getting worse and worse with every update. The UX changes need to stop (or at least be toggleable). Entering transactions/transfers has become more difficult, Spending Breakdown logic has changed, removing some filterable categories and rendered that feature useless if you have inflow dedicated to a specific category. Support doesn't seem to actually do anything except say ""we've let our team know"". I'm just so confused, what happened to YNAB? Don't fix what ain't broke...",2,5,26.26.0,2026-07-15 18:09:02,"Thanks for laying out the specific places where YNAB feels harder to use now. Entering transactions, transfers, and reviewing spending are core workflows, so friction there matters. I know “we’ll pass this along” can feel unsatisfying, but detailed feedback like this really does help us understand what’s not working. —Renae @ YNAB",2026-07-16 06:54:41,26.26.0,YNAB
dd6f79ec-3a7e-4649-932d-d5191486c5e5,"7/15/2026: latest update hides, under a submenu, cleared transaction toggle and flag selector for transactions. I tluse these, especially the flags, constantly. it would be nice if the app would remember that I have expanded the submenu and keep it visible. 2026 : Update: the price keeps going up from when I started YNAB. It's getting harder to justify the price. 2023 : Not a fan of the yearly charge, but if I were to have only one subscription that I pay for, it would be YNAB",3,3,26.26.0,2026-07-15 17:07:24,Hi Sean. Thanks for sharing your thoughts about the recent changes. As a fellow flag-user I can understand the impact on your workflow. I'll make sure your feedback gets to the right people! -Blair@YNAB,2026-07-16 16:39:11,26.26.0,YNAB
08dbfb14-cf21-4f6e-b162-bcf21492903a,YNAB is a lifesaver. Thank you.,5,0,26.26.0,2026-07-15 16:19:24,,,26.26.0,YNAB
d45b800b-92f7-46d0-b8f8-41791a8901f6,"Perfect product ruined by recent UX changes. Everything now takes one or more taps more than it did a year ago. Basically changes for the sake of changes which don't improve anything nut rather make things worse and make using the app frustrating. At the same time the web version hasn't received any love in a long time. Particularly it is very slow to load. But YNAB prioritises moving commonly used functionality behind a ""show more"" button rsther than fixing things like that.",1,3,26.25.2,2026-07-15 00:50:45,"We appreciate hearing from you and we're listening. Other YNABers mentioned that they wanted better access to the cleared status on the transaction entry screen, so we made a change so it now defaults to visible. It's not expected you'd have problems loading the web app. Reach out in the app and we'll problem solve together! -Blair@YNAB",2026-07-15 15:48:16,26.25.2,YNAB
35408b97-fdb2-4eaf-ac05-7a1f7ad8039f,"Stop with the UI changes. There's no good reason I need to tap a menu then tap another option to change from ""spending"" to ""income"" when both options were just presented. This is a bad UI/UX change, followed by the other bad changes from earlier this year",2,14,26.25.2,2026-07-13 21:57:46,"Hey Ryan, thanks for the feedback. We know UI changes make an impact—it helps to hear your real-world experience adding transactions. If you have more thoughts, you can use our feedback and feature request form: https://ynab.typeform.com/to/Pt6cek We read every submission and keep your ideas in mind when making decisions about YNAB -Blair@YNAB",2026-07-15 15:40:14,26.25.2,YNAB
7e323a21-aff1-4c61-bfce-76faac5ed739,UI is constantly changing and getting worse. Seems like they have fired most of their UX team because the UX is becoming horrendous. Customer service has also gone downhill. They fired most of their frontend staff.,1,9,26.25.2,2026-07-13 20:23:42,"Hi Geoffrey—our Support Team would love the opportunity to help! If you haven't already, please email help@ynab.com with details about your issue, and we'll be happy to assist. 😊 -Erika@YNAB",2026-06-12 17:25:00,26.25.2,YNAB
c2fcb895-67f7-4f14-828e-5ee42c583304,ANOTHER update brings in a new UI just for the sake of it to justify some product manager's jobs. You've now added more taps required to get to flags and clear transactions. WHY. Stop messing with the UI!!!,1,13,26.25.2,2026-07-12 15:25:09,"I hear you, Marvin. The ""Show More"" section is meant to cut down on overwhelm—a lot of folks don't regularly use those items. It will automatically expand if you're manually entering a transaction. I know that's still an adjustment, so please reach out anytime with feedback or questions! ~ Lauren @ YNAB",2026-07-14 21:28:33,26.25.2,YNAB
0fac0adb-f17d-43f0-a50d-0c9619c789f9,"edit: I wrote this review THREE years ago and there's still no way of dismissing past notifications. an option to only get one notification at a desired time once a day to review all pending transactions would be great. alas. 2023 review: Persistent notifications are so annoying. If I swipe them away they should stay gone, I know I have an uncategorized transaction just let me deal with it later or at least snooze the notification. 👎👎👎",1,5,26.25.2,2026-07-12 08:29:51,"Hi Eloi, would you write in via the app or help @ynab.com? Notifications that are no longer relevant shouldn't persist. I'll also pass along your idea for scheduling a notification at a specific time! ~ Lauren @ YNAB",2026-07-14 21:23:53,26.25.2,YNAB
36d4cb68-87af-495f-9abc-135b41f7d3e7,"It might be excellent, but not having the option to define a currency per bank account added is a no-go for me.",2,1,,2026-07-12 07:12:20,"Thanks for sharing how valuable it'd be to give each account its own currency, Avi. I've made sure to pass that request along to our product team! If you'd like to hear how other multi-currency YNABers make it work in the meantime, reach out to help @ynab.com or in-app anytime. - Caity @ YNAB",2026-07-14 16:43:16,,YNAB
482d1b4d-05bf-42df-a49d-e4f024bfc237,1) it's expensive. over $20cad a month for people trying to budget is ridiculous. 2) it doesn't link properly with CIBC. this is a known issue and makes it not user friendly. 3) if you post payments for the previous month it counts that money as being spent in the current month. 4) it doesn't roll over overspending to the next month which would be very useful for seeing which categories need more attention. it's okay and kind of useful but not worth the money in my opinion.,2,2,,2026-07-11 21:21:44,"Thanks for being so open about the pain points, Ashley. Not allowing overspending to carry over is something we're intentional about, but I understand why you'd want that option! If you're up for it, we'd love to dig further into your post-dated payments and CIBC connection with you—message us in-app or at help@ynab.com anytime. - Caity @ YNAB",2026-07-14 16:29:40,,YNAB
72cc3717-73c6-4534-a35c-d68ec08e5e77,"Please stop messing with how the UI looks, there's no need to reinvent what's working. Now have to give extra taps to add flags, and clear transactions. Totally unnecessary change which just makes life more complicated",1,3,26.25.2,2026-07-11 07:40:16,"Hi Carlos! We're always looking for ways to make YNAB work better—so change is a given, but we want to make sure it's worth the tradeoffs. I've shared your feedback with the team. Thanks for posting! ~ Lauren @ YNAB",2026-07-13 03:23:25,26.25.2,YNAB
05f264c2-46d8-41d9-9de0-d7dd09503c9e,"Great app to help with finances. Lets me keep track of every single dollar I earn. The subscription is a bit steep, but the new app updates and their support for them makes it worthwhile to me.",5,0,26.25.2,2026-07-11 06:21:38,,,26.25.2,YNAB
be9dba2f-6956-4ea1-96b6-beaa175981e2,"The constant updates feel like they are just for the sake of updates. It feels like I'm having to relearn things regularly within the app that I've been using for years. The YNAB tool is great for budgeting and has truly changed our financial situation, but having to fight the app all the time to learn new things and tap more times to do the same things is really making it difficult to even want to open the app to manage our budget.",2,3,26.25.2,2026-07-10 08:24:34,"It means a lot that YNAB has changed your financial situation, Amanda, and hearing feedback (good and bad!) about our updates is a big part of how we improve. We'd love to help you find a smoother workflow so that using the app feels less like a battle—reach out anytime at help@ynab.com or send us an in-app message. - Caity @ YNAB",2026-07-10 17:11:16,26.25.2,YNAB
c6da524b-1f72-492f-b32e-97c7a9342e7a,"takes a while to switch to this new way of thinking, but after 9 months I have my money planned one month out with savings and can make financial choices with my partner in a less stressful way.",5,1,26.25.2,2026-07-10 06:06:27,,,26.25.2,YNAB
b1a35a19-aea1-4d03-a856-643d3c30d875,"Plan where your money will go with YNAB and it'll be there for you! It works so well, and seamlessly, across platforms.",5,0,26.24.1,2026-07-07 05:33:54,,,26.24.1,YNAB
27f9f63e-7b69-4545-a033-00e11799b6cd,Just installed on GPT's advice but it's totally paid you have to give bank account for free trail otherwise it will not continue.. so deleting it,1,1,26.24.1,2026-07-05 02:09:55,"Hi Syed! Google handles their own signups/billing, and the subscription cost is a bit hidden in the Play Store. Trials managed directly by YNAB (ynab.com/signup) don't require payment info, so it's truly free. 😊 To continue YNABing after 34 days, you'll need to subscribe ($109 USD/yr or $14.99/mo; details at ynab.com/pricing)! -Erika@YNAB",2026-07-08 05:31:37,26.24.1,YNAB
7118c551-2414-4aaf-83d4-b9f2d36bddeb,Why not charge right off the bat? They get you to fill out your info just to force you into a subscription before you can do anything at all.,1,1,26.24.1,2026-07-03 00:24:45,"Hi Kitija—sorry the subscription cost caught you by surprise! Unfortunately pricing can be hard to find in the Google Play Store (they manage all their own signups and billing). YNAB costs $109 USD/year or $14.99/mo (plus tax, if applicable). You can find more info at ynab.com/pricing! -Erika@YNAB",2026-07-08 04:45:59,26.24.1,YNAB
10289128-9746-45ba-972f-f13ec7582282,👌🏾😎,5,0,26.24.1,2026-07-02 20:41:24,,,26.24.1,YNAB
4d0aaf1a-461b-4b90-a301-c041f1618b09,Absolutely essential. This app easily pays for itself with money saved and with peace of mind. Highly recommended.,5,0,26.23.1,2026-07-01 08:23:15,,,26.23.1,YNAB
fb8ba4a7-94f7-49ee-8b52-ee4616ab3926,couldn't live with out it.,5,0,26.23.1,2026-06-30 12:31:00,,,26.23.1,YNAB
c131f95f-3e41-4835-8614-9070348625a2,"Changed my life. Not a joke. Knowing the precise impact of what your funds are doing. What every dollar is for and the transparency and flexibility to reallocate funds on the fly is incredibly rewarding. The financial success of my family has increased dramatically as a direct result of YNABs use. When I spend, I no longer spend from a pile of money hoping that I'm leaving enough for what matters. Now I know EXACTLY the dollars I'm spending and when and where I can make changes month to month.",5,1,26.23.1,2026-06-30 03:20:01,,,26.23.1,YNAB
f7304e02-7410-4f7a-8aca-9d561f2f8dfc,this app has 0/10 customer service. you can't call them and they have generic responses and can't help you if your problem doesn't fit in that generic response. use rocket money or something else besides this app.,1,2,26.23.1,2026-06-29 14:00:42,"Hi Nick! It sounds like you've had a pretty frustrating experience so far, which is not what we want for you. If you're up for it, YNAB Support would love another chance to problem solve with you. While we don't offer phone support, you can reach out in the app or contact us at help@ynab. com -Blair@YNAB",2026-07-07 06:35:53,26.23.1,YNAB
cb085035-e4c8-4c8c-88ac-52b34209f504,"it is definitely a learning curve, I feel like if there were tutorial videos to walk you through how to use the app it would be easier for alot more people. I worked in accounting so I was able to figure it out pretty quick because their setup reminded me of Quickbooks. I manually add in income & our bills & our purchases ect. I havent tried adding my bank just because I prefer to enter them myself. I do love this app it has helped me keep track of what we are spending our money on & budgeting.",5,9,26.23.1,2026-06-26 22:07:07,"So glad you're loving YNAB, Alexis! Manual entry is such a great way to stay in control & aware. We have lots of content on our YouTube channel, but we'd love to hear more about which tutorials you think would be helpful. You can share more with us anytime at help@ynab.com, and thanks so much for your lovely review! - Caity @ YNAB",2026-07-03 16:39:35,26.23.1,YNAB
0691a6a3-0dc1-4220-9d88-e1ff727e50c4,"constantly making changes no one asked for and that move away from the core ynab purpose from years ago. forums online and multiple support tickets show that ynab doesn't listen to their customers so don't bother trying. at least make the changes behind a toggle rather than force them. automatic clearing and the ""home"" tab are two of the latest examples. I wish I hadn't just upped for another year because this garbage is only getting worse",1,1,26.22.1,2026-06-24 17:06:23,"I assure you we source lots of feedback before releasing any updates, Patrick. No decision is made lightly! We hope you'll stick with us, but should you decide to cancel, email help@ynab.com for assistance. If you'd like to share specific thoughts about the Home tab or clearing transactions, you can do so here: ynab.me/feedbackform. -Erika@YNAB",2026-07-02 12:13:01,26.22.1,YNAB
54ee1ef9-bf73-4b01-b340-61bd6093b711,YNAB has been a game changer for my marriage. so easy to use and they make improvements frequently. I've used other budgeting tools in the past but YNAB's approach is by far the best.,5,2,26.22.1,2026-06-23 03:32:39,,,26.22.1,YNAB
9dac4ae7-6072-42cc-873b-6a94c05b5563,horrible customer service,1,0,26.22.1,2026-06-22 10:41:45,"Hey there—sounds like you had a disappointing experience when you connected with YNAB Support. That's not what we want for you! If you're up for it, we'd love if you would give us another chance. Just reach back out in the app and we'll be standing by to help. - Blair@YNAB",2026-06-23 15:36:34,26.22.1,YNAB
46ff51dc-ca3f-4e2e-aabe-35b91c16cd29,"I'm updating my review once again. previously it went from 5 stars to 2 stars. We are now unfortunately down to 1 star. My last review mentioned the home page feeling like an ad even though this is a paid service and there are no tiers in aware of. The team responded telling me that was educational content and not ads. This morning as I logged in to start budgeting I had an actual pop up ad to order their new book. I guess the price increases were not enough, ads are now in the platform too.",1,87,26.22.1,2026-06-22 06:31:36,I appreciate hearing what works well for you — and what doesn't. I hope you'll reach out to our Support team for anything that feels confusing (help@ynab.com). I also did want to clear up that YNAB doesn't have ads. There are videos sharing tips and tricks to use YNAB. You can move away to the Plan tab with just one tap. 😊 -Renae @YNAB.com,2025-10-07 08:26:57,26.22.1,YNAB
d5640b17-ec81-442c-a48f-00b11860f2b0,"After reading book from Ramit Sethi, This application really is an enlightenment !",5,1,26.22.1,2026-06-20 06:17:00,,,26.22.1,YNAB
1a71ad2f-f8ff-475f-a6a7-8099540d9af4,"This app has really helped me get a handle on my finances and my budget. It's very clean and straight to the point. The UI/UX took some getting used to, but it has everything you need to be successful. The subscription is well worth it I would say!",4,2,26.21.1,2026-06-16 08:09:07,,,26.21.1,YNAB
64a1487a-fbad-4290-9d6e-9955b5e02f32,YNAB has been very helpful for budgeting The support chat should be with live agents.,4,1,26.21.1,2026-06-16 04:29:02,"Hi Phillip! I'm so happy YNAB has been helpful for you. 😊 Thanks for taking time to post a review! To clarify, you can speak with a live agent via chat. Conversations start with a chatbot but you can ask to speak with a human anytime. Then your message will get routed to us! -Erika@YNAB",2026-07-01 12:49:10,26.21.1,YNAB
36dc631b-618b-493a-ba26-f6a1efb4d68c,"Really helps us keep track of outlays and incomes from a variety of sources, as well as to plan financially.",5,2,26.21.1,2026-06-15 09:44:39,,,26.21.1,YNAB
dc1a668e-5df0-41ea-8fc8-55dc57184f0c,YNAB has been crucial in turning around our finances. The app makes it so clear where your money is going and helps you find ways to meet your goals,5,1,26.21.1,2026-06-13 13:19:52,,,26.21.1,YNAB
ae6abf9f-80ae-41d9-bec0-acf1d3ed409f,"I can no longer recommend YNAB. What made me try YNAB was the respect and human touch that YNAB's creators were able to deliver. It truly made me think the price was worth it despite price hikes. However, it seems management thinks those humans were no longer worth it. As a result, YNAB is no longer a product I find interesting. It's quite a shame how easily bad management can destroy a product's image.",1,2,26.21.1,2026-06-12 20:04:10,,,26.21.1,YNAB
9d28e9c2-29fe-4a9a-93e7-e95c1293fa5d,Saves me so much stress!,5,1,26.21.1,2026-06-12 17:32:23,,,26.21.1,YNAB
7e3184a5-1b31-4915-9297-ef19826a7c3a,"I've been using ynab for years and it's been my favorite budgeting app. Its easy to both plan how to allocate your money, and also track that spending and look retroactively at how it was spent.",5,0,26.21.1,2026-06-12 04:44:09,,,26.21.1,YNAB
949fe48c-40bb-423b-939b-980f2849b195,"I used to give ynab a 5 star rating but recent updates to the UI as well as an increase in AI for chat support, etc has really changed the product and I'm looking at alternatives before my subscription is due again. The concept of budget help seems to be lower on their list of priorities than it used to be, swapped out for a new shiny interface that people hate using",3,4,26.21.1,2026-06-12 04:10:17,"At YNAB we love feedback, including constructive feedback, so thank you for sharing! I'm bummed you've had a less than stellar experience with YNAB recently. If you'd like to chat more, reach out to support: we'd love to collect more details about what's not working for you. You can bypass our chatbot by asking to speak to a human! -Blair@YNAB",2026-06-25 19:31:21,26.21.1,YNAB
f3ffb063-27ec-4340-bfce-2e273bef5d76,it's an amazing app. the best in the market. but I can't give more than 1 stars because it's stupidly expensive...,1,0,26.20.1,2026-06-10 20:55:29,"Hiya! We're glad you think YNAB is amazing. We want you to feel great about your spending, including the money you spend on a YNAB subscription. Here's a link to our feedback and feature request form where you can share more details about what features might add value for you: https://ynab.typeform.com/to/Pt6cek Happy YNABing! -Blair@YNAB",2026-06-24 20:10:24,26.20.1,YNAB
0680809f-0de9-4692-a61c-6560adb0391f,Amazing app gives me all the visibility into my finances! it has literally changed my life.,5,1,26.21.1,2026-06-10 20:33:39,,,26.21.1,YNAB
2abc98ab-a26c-4c12-a04b-2ada091bef1f,Amaze amaze amaze!!!,5,1,26.20.1,2026-06-10 15:48:47,,,26.20.1,YNAB
faa3c7c4-cf95-4c97-a017-b07ef9887b18,very effective and easy to personalize.,5,1,26.20.1,2026-06-10 13:15:34,,,26.20.1,YNAB
e9b378c1-5e38-4ff8-b315-69a066266e11,"Please let me select prefered card manually instead of recommending automatically. My wife and I both use the app on the same budget, she has her own card, I have my own, but the app keeps suggesting whoever last added an expense in a category. So if she buys groceries, and then I, the app suggests her account. It's so anoying, I keep having to do the extra step almost every single time. Just leave the option to select a preferred account on a device. It's been awhile, still the same issue.",2,4,26.20.1,2026-06-08 21:59:29,"Hi Ivan! We appreciate you posting a review and sharing your feedback. I've submitted a Feature Request on your behalf to ensure our design and development teams see it. For future reference, here's the link to our Feature Request and Feedback form: https://ynab.typeform.com/to/Pt6cek -Erika@YNAB",2026-01-14 12:11:19,26.20.1,YNAB
07c42879-15c4-4451-b6f4-1421214fcc12,"YNAB is headed downhill fast. Every app update makes the UI worse, showing less information and requiring more button clicks just to increase engagement. They have also now included pop up ads promoting their own products to PAID subscribers. After many years I'll be moving to a different service.",1,2,26.20.1,2026-06-08 19:22:22,"We hear you, Scott! We released a new update that requires fewer clicks for entering transactions — I think you'll be pleased! The pop up was to let you know that a book written by YNAB's founder will be released very soon. You won't see ads in YNAB. ;) - Renae @YNAB.com",2026-06-24 15:55:18,26.20.1,YNAB
3e632ffb-d37a-4b16-9551-bc6874c656ba,App has gone downhill while price increased. The company doesn't seem to listen to what customers want.,1,2,26.20.1,2026-06-08 12:29:06,"Hi Anastasia—we truly appreciate hearing from our customers. Community input, both positive and negative, helps inform future updates and improvements. I invite you to share detailed thoughts by submitting a feedback form (ynab.me/feedbackform) or by emailing our Support Team (help@ynab.com). Thanks in advance! -Erika@YNAB",2026-06-24 11:39:25,26.20.1,YNAB
37c2a753-51a8-41bc-839d-7e080927a210,"The ""updates"" progressively make this app worse. It feels like the developers are deaf to the requests of those using the app daily. It is incredibly frustrating and makes it harder to use every update. I am looking forward to someone making a better and cheaper option.",2,2,26.20.1,2026-06-07 03:14:37,"Thanks for taking the time to share your thoughts, William! We actively review feedback from the YNAB community, and our product team utilizes it to help design future versions of the app. If you want to share specific frustrations affecting your workflow, please email help@ynab.com or fill out this form: ynab.me/feedbackform! -Erika@YNAB",2026-06-17 12:27:34,26.20.1,YNAB
9105cace-576a-491d-9532-38887f78e53a,"YNAB, you are losing your base. The app has gone progressively downhill since I first started using it over 5 years ago. I will likely leave this year if they try to raise prices despite a reduction in quality.",2,2,26.20.1,2026-06-06 03:39:07,"I'm glad you shared here, Keith. We want every YNABer to feel their subscription is worth it, and I hear that changes to the app have you questioning that. If you have more feedback on what's not working or what you'd like to see, I hope you'll reach out to help@ynab.com! We'll get those details to the right place. - Caity @ YNAB",2026-06-12 13:12:47,26.20.1,YNAB
c5ad394f-e9e0-4fc1-9202-1891fe4c5097,Moved to Actual Budget. YNAB is definitely not worth the price increase for what it is.,1,2,24.20.1,2026-06-05 21:31:03,"Thank you for your honesty, Kyle. While YNAB's price hasn't increased since September 2024, we know a subscription won't be the right fit for everyone and we want you to feel good about where your money is going! - Caity @ YNAB",2026-06-11 15:45:55,24.20.1,YNAB
92f5f575-5b2e-4528-ba22-9a540f254043,"After YEARS of using the app, I've finally decided to quit. The constant UI changes, the price hikes, the AI implementation (and the downfall of your customer service because of that) I've had enough.",1,3,26.20.1,2026-06-05 17:54:19,"Thank you for the years you've spent using YNAB, Jeremy—it really means a lot, and we appreciate you sharing what led to your decision. If you ever want to talk anything through, you can bypass our chatbot by asking to speak to a human at any point. - Caity @ YNAB",2026-06-11 15:34:52,26.20.1,YNAB
b867fc56-2200-4f47-a21d-0e9c3d77c9ee,Super awesome,5,0,26.20.1,2026-06-05 13:26:03,,,26.20.1,YNAB
54e31ca3-c080-4a4b-9152-022fc3250ad6,I've been using this app for 4 years and it was so helpful. However recently there have been many really bad design choices. The UI is incredibly hard to use now. They fired key members of their marketing team. I will be finding a new platform going forward. YNAB is now too much of an uncaring corporation.,1,8,26.20.1,2026-06-05 05:30:34,,,26.20.1,YNAB
d7b68c47-b841-458f-aa87-544bfb0d94f5,it infuriates me when apps make you answer 20 questions and make you sign up with your email....... and then its a completely paid app. they really need to tell you that before you do all the garbage. make the app paid from the app store or something.,1,2,,2026-06-05 01:03:34,"Hi Owen! I agree pricing is quite hidden in the Google Play Store, and I encourage you to share that feedback directly with Google. For others who may see this, I want to transparently share the subscription cost—YNAB is $109 USD/year for an annual subscription or $14.99/month for the monthly option (plus tax, where applicable). -Erika@YNAB",2026-06-25 11:36:01,,YNAB
13c60e8e-4d1b-420b-9b4a-85e67f001ddd,"Takes a couple months to get the hang of YNABing, but totally worth it. I feel more in control of my money than I ever have.",5,1,26.20.1,2026-06-04 13:18:52,,,26.20.1,YNAB
04eb4c6c-1d13-4e8a-bd9d-f877171502db,fantastic app that has been crucial in my journey towards financial stability.,5,0,26.20.1,2026-06-04 09:35:42,,,26.20.1,YNAB
e5a33c2d-b318-469f-8b35-13c6f63778d6,New update hides the floating button to enter transactions on a screen nobody asked for or wanted. If you aren't already a YNAB user find a different system. They needlessly update to solve problems that don't exist and you will have to relearn everything monthly when they change it up again. re: response: transaction+ is only on two screens actually and the long press takes 3x as long. You clearly don't even use your own app. 6/4/26 another useless update makes you spend more time clicking ...,1,11,26.16.1,2026-06-04 05:21:22,"We hear you, D! The + Transaction button's now on the Home, Plan, and Spending tabs, as well as in each account register. And we're already working to reduce extra taps when entering a transaction manually. If you have any other thoughts, please reach out via the app or help @ynab.com so we can dig in! ~ Lauren @ YNAB",2026-06-08 22:48:05,26.16.1,YNAB
23543c6c-27b2-4099-a7b3-6a4d5ad7560b,The best budget app ever!!!,5,0,26.19.1,2026-06-02 23:33:56,,,26.19.1,YNAB
f44b5d46-3b61-4893-852a-9cc0e405c253,too expensive,1,0,26.19.1,2026-06-02 19:21:54,"Hi Moheb! 👋 We're glad you gave YNAB a try. Even though you won't be subscribing to the app, we hope you will check out the free resources on our website. They're designed to teach you what question to ask so you never have to worry about money again! -Blair",2026-06-03 17:05:14,26.19.1,YNAB
de313a10-8b43-43ee-8ef3-0116bca4c156,"Getting ads for the owner's book? In a $100+ yearly paid subscription? I'm not sure why Jesse thinks it's worth alienating his app's user base to pump up his preorder numbers, unless the ""one question"" he's trying to answer is ""how to torch your company's credibility in the tackiest way possible?""",1,5,26.19.1,2026-06-02 19:09:52,"Thanks for sharing your candid thoughts, A N! While YNAB doesn't accept outside ads, we sometimes share updates, announcements, and opportunities with YNABers in the app. Never Worry About Money Again is published by YNAB's imprint, Wish Farm Press. -Blair@YNAB",2026-06-03 17:02:34,26.19.1,YNAB
7fc13147-90f8-4090-a0bc-f5b1714aee18,"The app is fine, but despite paying £100 a year I'm still getting ads popping up for ynab products. That's pretty shoddy - happy to have ads, but not while paying such a high cost.",3,3,26.19.1,2026-06-02 12:16:29,"Hi Nina! 👋 YNAB doesn't have any outside ads, but from time to time, we send updates, announcements, and opportunities with YNABers in the app. I’ve shared your feedback with the team. -Blair@YNAB",2026-06-03 16:57:04,26.19.1,YNAB
bd04afed-6ddd-4e34-859d-45a4588c06dc,Love this app! been a user for 8 years and can't live without it! easy to use and helps me see everything in one picture in planning,5,0,26.19.1,2026-06-01 17:59:43,,,26.19.1,YNAB
d0e82d51-0a03-4fba-ad68-34acc230b8e5,The YNAB budgeting concept is wonderful but some of the latest updates have made it harder to use. Particularly when adding a transaction that the app remembers was split between categories the last time you were at the vendor but this time you want to split between different categories. It seems like more steps have been added. If it is a new vendor and the first time you are splitting no problem just like always but trying to adjust a previous split is harder now.,4,2,26.19.1,2026-06-01 04:45:14,"I'm so glad YNAB's concepts have been helpful, Kris! Auto-categorization for split transactions does work a bit differently on mobile vs. web, and I've made sure to share your feedback with our product team. We appreciate you taking the time, and hope you'll reach out to help@ynab.com if you'd like to chat more! - Caity @ YNAB",2026-06-04 17:10:20,26.19.1,YNAB
65f91631-25a2-41eb-8b6f-db1751180cde,Using this app for many years. Philosophy first mindset with a tool to add structure to that philosophy. Would recommend to anyone,5,1,26.19.1,2026-05-30 06:08:19,,,26.19.1,YNAB
0fb36bbe-a2b3-4238-95ea-22b6415e1075,1 star for annoying me and forcing me to leave a review,1,1,26.18.0,2026-05-26 09:35:20,"Hey Carsten, that's the last thing we want—for you to feel annoyed! We'd love to hear what's going on if you're up for sharing. You can reach us anytime through in-app messaging or at help@ynab.com. - Caity @ YNAB",2026-05-27 16:47:19,26.18.0,YNAB
2d031e97-37a5-4a6a-8d37-04d6b8e15495,Rubbish app,1,0,26.18.0,2026-05-25 13:09:27,"I'm so bummed to hear that you feel that way! If you're open to it, we'd love to hear more detailed feedback. You can reach us at help@ynab.com any time! 😊 -Renae @YNAB.com",2026-05-27 06:44:05,26.18.0,YNAB
fcfdb087-0c14-4e45-8ec5-868994c48edf,"even alarm app will start demanding subscription very soon 🥲 and the response is automated to further advertise ""pricing"", practically not addressing concerns about apps charging for simple no-brainer services",1,0,26.17.0,2026-05-24 07:43:05,"Hi Chukwuebuka, I hear you! We built YNAB to help people not worry about their money, and we don't make money from advertising or selling your data. Most YNABers find that they save more than the cost of the subscription in the first month. Reach out to us at help @ynab.com if you have more questions! ~ Lauren @ YNAB",2026-05-26 21:28:58,26.17.0,YNAB
8ab7653e-500c-4b93-802b-49d5d0a590ba,"Uninstalled as soon as I realized it's $15/mo with no free tier. I can make an Excel sheet with a little extra effort, and it's free. Just having this all isn't going to save you, if you're serious about building a budget, you can muster the strength to do it manually.",1,0,,2026-05-22 17:45:35,"Thanks for checking out YNAB, Garrett! I totally get that you'd rather put those dollars towards something else, and I love that you're ready to put in the effort to build your own system. All of our resources on the YNAB Method are free—we hope you'll still find those helpful even if you're not using the app. - Caity @ YNAB",2026-05-26 15:30:43,,YNAB
55d73bdf-06d8-4d53-bf52-ec0231ff4587,Has certainly helped save us money by staying more organized and intentional about every dollar. Been using for 5+ years and still appreciating greatly.,5,0,26.18.0,2026-05-22 13:30:34,,,26.18.0,YNAB
2bcc9aeb-2824-4b7c-8d5a-5fa21566c235,"Great app, but direct import breaks every month negating the main thing I pay for.",1,0,26.18.0,2026-05-22 08:41:08,"Hi Annika! If you haven't already, please email help@ynab.com with details about your bank connection(s), and we can help troubleshoot! - Erika@YNAB",2026-05-22 14:26:05,26.18.0,YNAB
cb95b55f-4e9b-4ff1-aad9-429f529037c4,Too Expensive for none American Clients,1,1,,2026-05-22 00:59:16,,,,YNAB
7f16a7b6-ae38-4ecc-b206-49960f7edaa2,"Stupidly confusing and frustrating. Does not provide any sort of clarity on how app works, and if you connect bank does not match up at all",1,1,26.18.0,2026-05-21 15:09:57,"Hi Nicholas! I'm bummed to hear that you ran into confusion, but I'd be happy to help you sort anything out! You can reach us any time at help@ynab.com. -Renae @YNAB.com",2026-05-12 07:57:47,26.18.0,YNAB
f95958e1-61e3-4459-8753-b4caf9b9a09f,"This app is incredible. Its honestly a slightly bigger learning curve than other apps, simply because the concept of assigning money is a bit non-intuitive, but once you get the hang of it its amazing! This really works as advertised. It really does make you feel less guilty about spending, and Im saving a lot more money now! I will be honest I used ChatGPT for 1 month to guide me through how to use YNAB, because I didnt get it at first, but after that its been really smooth.",5,20,26.17.0,2026-05-20 15:41:26,,,26.17.0,YNAB
cfa8596d-8f6e-4f2a-a500-14443a9b4aad,"I have used this app for years, excellent analysis and management of our spending habits",5,0,26.17.0,2026-05-20 15:36:15,,,26.17.0,YNAB
2a6a2ca1-72fe-4710-b4ed-185d1619e4d2,"After 25 years of trying...My husband and I can finally budget together. I love YNAB. The zero based budgeting approach has changed our finances in an incredible way. Doing this through the app has made our budgeting consistent so we truly know where every dollar is going. even better is that we know BEFORE we spend. Best of all, having the app on both our phones has given both my husband and me a way to check in when we spend - so we are on the same page. It has been worth the subscription",5,6,26.17.0,2026-05-20 06:19:04,,,26.17.0,YNAB
cb9ecf60-0852-45d9-9af8-40317210b732,"it has unnecessary quirks that makes the functionality difficult like the inability for negative balances to transfer into the next month and requirement to physically ""assign"" each dollar. perhaps it's just geared for a very ignorant person who has never ran a budget before.",2,2,26.16.1,2026-05-20 03:21:29,"YNAB is different from other methods out there. It's zero-based budgeting, which is why YNAB requires giving every dollar a job and not letting negative amounts roll forward. Most importantly, YNAB has a proven track record: it helps folks get good at money so they don't have to stress about finances. Thanks for giving YNAB a try! -Blair@YNAB",2026-05-20 20:41:25,26.16.1,YNAB
9001b3ff-8c3c-40b1-8cc9-00029227fd11,free trial but give us your credit card info,1,0,26.17.0,2026-05-19 21:28:08,"If you sign up for a trial on the YNAB website, we don't require a credit card. That ensures that when your trial ends, you won't get charged.",2026-05-20 20:17:52,26.17.0,YNAB
62719bf5-abb8-4450-b3d0-0e44ec6ec543,The price is ironically heafty for a budgeting app but is well designed.,4,0,26.17.0,2026-05-17 09:23:16,"I get where you're coming from with the irony there, Adam! YNAB's subscription cost is what lets us keep improving the app and ensure we never sell your data. We're so glad the design is working well for you, and we appreciate you taking the time to share your thoughts! - Caity @ YNAB",2026-05-20 17:11:58,26.17.0,YNAB
9029fa71-1498-4633-91be-dae11fb2d553,fab - I've been on top of my finances since I started using YNAB,5,0,26.17.0,2026-05-16 23:56:02,,,26.17.0,YNAB
e8b3be53-cc87-4a11-8a11-c260dab57c50,Used to be great: straightforward and clear. I clawed myself out of debt using it. Beautiful! Now it's needlessly complicated with background decisions about my money made by ynab programmers with no ability on my end to simplify it.,1,10,26.17.0,2026-05-14 07:56:11,"Hi Gail! I'm so glad YNAB helped you get out of debt—congrats! 🎉 If you're up for it, please use our feedback form (ynab.me/feedbackform) to share details about what you're finding complicated after recent app updates. Also, if you have specific questions about your plan, email help@ynab.com, and we'll be happy to assist! 😊 -Erika@YNAB",2026-05-15 10:20:10,26.17.0,YNAB
0fbb0992-2e2c-445c-93b4-fc23066d771a,Absolutely Wonderful,5,0,26.16.1,2026-05-14 07:24:01,,,26.16.1,YNAB
0cc4a3f8-e6fc-4672-9170-af32c9d52bcc,Pretty good,5,6,26.16.1,2026-05-13 07:57:30,,,26.16.1,YNAB
fb6abb7b-14a6-483c-a825-e9b4d154f31f,this app has made budgeting 10x easier for me. I feel more in control and aware of my spending than ever before,5,0,26.16.1,2026-05-11 14:07:07,,,26.16.1,YNAB
3fb4cd0b-a80a-49f8-89e5-bb126f8fe9b7,I've been loving ynab so it sucks to have to give it three stars. the need to reauthorize with your bank almost every day makes it pretty much unusable. you're waiting for it to synch for close to 10 minutes every time.,3,3,26.16.1,2026-05-11 09:20:06,"Hi Seb, I'm glad you brought this up! While the need for frequent reauthorization is determined by your bank and not something we can control, it's NOT expected that reauthorizing would take ten minutes at a time. That might signal an underlying issue. Please reach out in the app—we'd love to take a closer look at that connection! -Blair@YNAB",2026-05-13 17:34:45,26.16.1,YNAB
68c1b4e8-0522-41b3-bfe5-4fe5f1cd2bf2,"Essential - I run my life on it, I used it to teach my son about money. Huge ecosystem of support of all kinds full of advice, tech support, suggestions... this app gets your spending in order, saves you a fortune and keeps you on track. If you stop for a while it doesn't judge, just gently gets you back on track. Their YouTubers are the finest out there. You are in safe hands.",5,5,26.16.1,2026-05-09 02:49:41,,,26.16.1,YNAB
10adbdab-18fa-46bf-b76b-4d220386c911,5* when free :),5,0,26.16.1,2026-05-08 10:05:45,"Thank you for the review, Samuel—so glad you're enjoying YNAB! While we don't offer a free version, our full-featured trial is a great way to explore what makes YNAB different, and (in my opinion!) worth every penny. And if there are any features you'd like to see improved, we'd love to hear from you in-app or at help@ynab.com! - Caity @ YNAB",2026-05-13 13:18:23,26.16.1,YNAB
f92a3f56-f630-4505-86be-403301779c23,YNAB has changed my life.,5,0,26.16.1,2026-05-08 10:01:16,,,26.16.1,YNAB
fa6416fc-aec5-4cc6-b613-7228a48e5f9b,Great app to organize you financial life. I love knowing exactly what my situation is at all times. I found that being able to add transactions as soon as I make them works best for me. Now it's a habit!,5,0,26.16.1,2026-05-07 08:29:59,,,26.16.1,YNAB
c9f6a203-2ced-46c1-8960-3ee8ebfa0fc1,"Great app, definitely a bit overpriced which makes it very very difficult to convince friends, family, and peers to give it a try.",4,1,,2026-05-05 12:32:24,"I'm glad you've been enjoying YNAB, Nathan! Most find the subscription pays for itself within a couple months because of the money YNAB helps them save. As I'm sure you've noticed, it also brings peace of mind, which is very valuable. We appreciate you spreading the word to your friends and family—I hope they'll try our free trial! :) -Erika@YNAB",2026-05-13 07:28:14,,YNAB
0cac5d2c-aeeb-4f89-be9e-f55819a7c07d,First open of the app and there is a non skip able ad for the app. Then it treats you like an idiot through the entire sign up process. Like you stumbled into downloading the app by accident. If they are willing to waste my time signing me up i have no trust that the app is worth my time.,1,1,,2026-05-04 10:53:58,"Hi Nicholas! The onboarding steps are designed to help build a personalized YNAB plan and set you up for success. If you're willing to share, we'd appreciate specifics about what felt like a waste of time (ynab.me/feedbackform). Our team is always working on ways to improve the app, so they'd love to hear from you. Thanks! -Erika@YNAB",2026-05-13 07:38:41,,YNAB
981d88cd-6f9a-4d73-9d9d-fd628c831170,this app has been a massive help to me. I literally can't imagine not using it.,5,0,26.16.1,2026-05-04 10:47:49,,,26.16.1,YNAB
3decd484-ed43-4c23-b50f-a7368bbd4dc7,"changed my life, not joking",5,0,26.16.1,2026-05-03 21:12:13,,,26.16.1,YNAB
4c196897-a879-46ce-b365-472ff15d4ec5,Won't connect to banks. Fails authentication.,1,0,,2026-05-03 18:39:22,Hi there—we'd love the opportunity to assist with this! Please email help@ynab.com with details so we can help troubleshoot. Thanks! -Erika@YNAB,2026-05-12 15:36:15,,YNAB
f13adfde-46b1-477c-8d10-fa51fda335b2,You get through the prompts/questions and then are asked to log in and sign up to an almost $200p/y subscription. Garbage.,1,0,,2026-05-01 17:47:59,"Hi Jacques, thanks for giving YNAB a try! If you'd rather set up your trial without entering payment details, you can do that via the YNAB website (www.ynab.com). 😊 -Renae @YNAB.com",2026-05-12 07:59:21,,YNAB
370aad74-1bf2-44c9-9699-7319bbcdaa6c,Legendary app! Only concern is that I dont know enough about their security. But Im still giving it 5 stars!,5,0,26.16.1,2026-05-01 13:14:09,"Thanks so much for the kind review, Nikola! I'm so glad you're loving YNAB. Security is something we take really seriously and I'd encourage you to check out our Security Policy at ynab.com/security if you haven't already. You can also get in touch with us anytime at help@ynab.com if you have any questions or concerns! - Caity @ YNAB",2026-05-01 17:14:59,26.16.1,YNAB
a7532863-2267-4cab-b51a-69208282e1fc,"Great app, totally helped me get a hold on my finances. My big issue, they charge too much. The fact it's a top 5 grossing finance app in the app store and it's competing against gambling apps demonstrates this.",4,1,26.16.1,2026-05-01 12:19:29,"So glad that YNAB has helped give you more control, Patrick—that's exactly what we hope for! We also appreciate your honest feedback on the cost. If you ever want to dig deeper into all that's included in a subscription, or share ideas for features you want to see added, we're always happy to talk more in-app or at help@ynab.com! - Caity @ YNAB",2026-05-01 17:30:53,26.16.1,YNAB
048b69ef-339c-4181-b7a9-2a1e8fbbf920,It wants you to pay a monthly subscription.,1,0,26.16.1,2026-04-29 13:04:06,"Hi Jacob! Thanks for checking out YNAB and leaving a review. While it's true that you need a subscription to continue using YNAB past the full-featured trial, many YNABers end up saving much more than the monthly or annual fee. I hope you'll give the free trial a go, and if any questions come up, we're always here at help@ynab.com. - Caity @ YNAB",2026-04-29 20:03:52,26.16.1,YNAB
36d50422-74c2-49a4-8302-1668fd2db41d,I have probably tried just about every budgeting app there is. I tried this one once before and gave up on it early but I'm now back to it. If you can put the time in to learn how to use it properly it's the best one hands down.,5,1,26.15.1,2026-04-28 17:07:14,,,26.15.1,YNAB
15f39cda-11ae-4ec4-a4c7-b479d40f7b3b,"App is too expensive and no free option, it is not intuitive to use. I have been looking for an everydollar equivalent in Canada which links to your bank account....this is not it",1,0,,2026-04-27 10:16:29,Hi Thevathan! YNAB does require a subscription and is meant to help you build a flexible plan for your spending—so it can feel pretty different from other options. Reach out to us at help @ynab.com if you have questions or need help canceling a trial through Google! ~ Lauren @ YNAB,2026-04-28 00:03:40,,YNAB
0b2586be-7012-4f42-82fe-dcd5a7dedd57,The whole purpose of downloading this app is to monitor my spending. and you have a monthly subscription for that. how do I say no in swahili?,1,0,,2026-04-26 22:07:40,"It's true, YNAB is not free! Many people find that using the app saves them hundreds of dollars in the first month. If you'd like to ask more questions or get another free trial, just let us know! ~ Lauren @ YNAB",2026-04-27 23:44:32,,YNAB
a5fdb928-375f-45d6-88e7-e8517262435a,"I wanted to see what the app is about and test it quickly. Installed it and it goes through a quick setup asking bunch of questions. Great. Except at the end after all the work I have done it asks me to create an account. No, thank you. Put your account creation dialog first, so i know not to waste my time. This design choice is bad and misleading, and they know exactly why they are doing it. If the app does this from the start, i trust it will continue to do so throughout. No need to test it.",2,0,,2026-04-26 00:06:42,"Thanks for giving our setup a try, Mikhail! The good news is that you can start a free account on ynab.com for free — and we won't even collect any payment details, so it's truly risk-free. 😊 -Renae @YNAB.com",2026-04-27 08:44:39,,YNAB
344710d5-89f1-49b6-818d-c4e1639d7e83,"keeps ""forgetting"" my bank account",1,0,26.15.1,2026-04-25 13:01:11,"Glad you posted, Jim! We're happy to take a look at your bank connection, and we can also help you turn off the geo-payee feature. Send us a note via the app or help @ynab.com! ~ Lauren @ YNAB",2026-04-27 07:00:28,26.15.1,YNAB
11d1eea3-4d3a-48a5-913a-e2a5f9bb9413,"I love YNAB my only regret is I wish I started using it sooner! I love giving every dollar a job! I used to have a problem with spending money, the problem was I hated doing it. Moving money out of my savings pained me. Being able to categorize the money gives me the permission to use it how I planned. I tell everyone about YNAB!",5,0,,2026-04-25 07:46:44,,,,YNAB
40e517c5-6ce9-4a82-8414-948ccac0b213,"For me personally - best app on the market. The only reason for 3 stars, is that my bank stopped being supported. Definitely coming back to using it and leaving 5 stars as soon as support for my bank (Erste Bank) is restored. In-app request for bank support was sent numerous times within last year. Automation is crucial for me.",3,0,,2026-04-24 06:26:46,"Thanks for the shout-out, Elchin! And feel free to reach out to us any time at help@ynab.com to check on the status of Erste Bank. 😊 -Renae @YNAB.com",2026-04-27 08:56:31,,YNAB
2d012dee-5d57-4656-8fc3-f5b93e993545,$15 a month for budgeting app. No thank you.,1,2,26.14.1,2026-04-20 10:54:50,"Luckily, most YNAB report saving ~ $600 in their first month of YNAB, making the monthly subscription more than worth it! 😄 -Renae @YNAB.com",2026-04-20 10:14:58,26.14.1,YNAB
eda5466d-fe4f-4e16-9309-4979ace4c8c7,"it works, but the automatic categorization doesn't work with imported data",3,0,26.14.1,2026-04-20 06:55:56,"Thanks for reaching out, Kim! Automatic categorization does work with imported data — it sounds like you may have hit a snag. I'd love to have you reach out to us at help@ynab.com. We'll be happy to help! 😊 -Renae @YNAB.com",2026-04-20 10:11:07,26.14.1,YNAB
190e119c-08c1-4669-be43-a8836aad6976,There's an unskippable propaganda cutscene that tells you how happy you are with the app upon initial install I'm not trusting an app that treats me like a child with finances,1,3,26.14.1,2026-04-18 11:52:57,"While YNAB does have some steps to help you get onboarded, we're definitely not trying to treat you like a child — YNAB has a bit of a learning curve, so we want to make sure you've got all the tools at your fingertips! 😊 -Renae @YNAB.com",2026-04-20 10:13:12,26.14.1,YNAB
25f1aa64-36cc-4cb6-a742-6299d8c00564,Should be renamed to You Need To Reactivate an Account,2,1,26.14.1,2026-04-16 06:51:27,"I appreciate you posting about this, M R! We'd love to better understand what you mean about having to reactivate. If you haven't already, please send us a message in-app or at help@ynab.com with some more details and we'll do all we can to help smooth things out. - Caity @ YNAB",2026-04-16 11:11:10,26.14.1,YNAB
d7377001-7996-4bbc-8731-0aa7a588ca59,I love YNAB. Please stop forcing people to watch an intro sequence when they launch the app for the first time. I already have an account and I just want to log in and get to my budget.,4,3,26.13.0,2026-04-10 10:02:48,"Thank you for the YNAB love, Kelly, and for sharing this feedback! I can understand why it feels frustrating to hit extra steps when you’re just trying to log in. Our hope for this sequence is to to orient (or reorient) folks to what we're all about, and it’s helpful to hear how that experience lands for returning YNABers. - Caity @ YNAB",2026-04-10 16:29:21,26.13.0,YNAB
ba9b6ebc-d768-4e4d-a700-999f08b049ed,"Overall I highly recommend this to anyone looking to improve their budgeting! I moved to YNAB after Simple Bank closed, so it's been quite a while now. It did take some doing to get set up, but after that YNAB worked really well. I use the Home tab: I pinned credit cards there, so now it's fewer taps to record those payments. Requests: Spending tab needs filtering features to be useful, and the start of the month is clumsy as transactions clear from end of previous month.",5,1,26.13.0,2026-04-09 06:28:10,"Thanks for the kind words, Alexis! For those requests, I'd love to have you reach out to our Support team at help@ynab.com to discuss these further! 😊 -Renae @YNAB.com",2026-04-09 07:43:59,26.13.0,YNAB
0882d90b-9080-42b3-9533-06c8b446cf81,I share this budget with everyone. I try to explain the freedom in a budget and the ability to move money from fully funded categories to over budget categories. This is the way to go!,5,0,26.12.0,2026-04-07 22:04:24,,,26.12.0,YNAB
402f2abe-ff50-4ab7-93f4-87548a087f2b,Pretty good but I find the way it imports inflow and transactions to be a little too counterintuitive for me. It was especially bad with my credit card transactions as it would say I'm in the negatives which was sort of true except the point of a credit card is to pay it off when I get paid. Too confusing to set up (I also have ADHD so that could have something to do with it),4,4,26.12.0,2026-04-07 14:59:10,"Hi Lessa, fellow ADHDer here! Our Support's fantastic at explaining transaction nuances and how credit card handling in YNAB helps you pay them off. If you're up for giving it another try, reach out to help @ynab.com! ~ Lauren @ YNAB",2026-04-07 21:11:26,26.12.0,YNAB
e9bb79fb-8938-42a4-9ab4-1250a62d4396,I've been using YNAB for years. It is an excellent budgeting program that helps you keep track of your spending and makes it easier to save money.,5,0,26.12.0,2026-04-07 04:09:09,,,26.12.0,YNAB
eccec4d4-cbf2-4cda-935c-5573760c7256,all seems nice untill you have to pay. please that info should be at beginning,1,0,26.12.0,2026-04-06 16:37:01,"Hi Artur—Unfortunately the Google Play Store does not display pricing very openly, and I'm sorry the subscription cost came as a surprise. For future reference, pricing info is in the About this App » In-App Purchases section. Note for others who see this review: YNAB costs $14.99 USD/month or $109 USD/year (plus taxes if applicable). -Erika@YNAB",2026-04-07 11:09:18,26.12.0,YNAB
0944d183-c6a0-4b57-ab46-11dbd8168c01,"Generally, the YNAB app is great. But in the past year or so it feels like every update to the app has made the UI worse and my personal usage of the app more complex and annoying to the point where I am now only using it to input new cash transactions. However, I am giving 4 stars instead of 3 because the app functionality *has* increased for those who do most of their YNAB on their phones.",4,2,26.12.0,2026-04-05 19:36:57,"Thanks for posting, Abigail! If you have suggestions or specific pain points in your personal workflows, we'd love to hear it via the app or help @ynab.com. ~ Lauren @ YNAB",2026-04-06 22:24:25,26.12.0,YNAB
02681f23-fa2d-45e8-86f4-a371496a65e3,"Looks like an app with good potential, unfortunately does not support any bank I have in Czechia or Slovakia",3,0,26.12.0,2026-04-05 08:20:27,"You're right — currently, we're only able to support banks in select countries. We do have other methods for your transactions! Reach out to our Support team for info any time! (help@ynab.com) -Renae @YNAB.com",2026-04-06 08:33:34,26.12.0,YNAB
3de38df7-f546-4f67-9d50-2d534709ccc1,"A solid budgeting app. It takes effort via YNAB's social media blogs and YouTube channel. But once you start watching and learning, the process falls into place. 6 weeks and I started actually saving. Definitely worth it!",5,0,26.12.0,2026-04-04 18:13:11,,,26.12.0,YNAB
62889c53-bcd9-42a1-81de-7ed559715ccf,Great budgeting tool. (period),5,0,26.12.0,2026-04-04 17:35:10,,,26.12.0,YNAB
f164dc96-c8bb-44d5-a31b-ebfffddc5a08,"Has totally changed my life in a great way to manage my resources, save, always have enough for everything. My son introduced me to this and I'll always be grateful. Thank you YNAB for an outstanding budget program. God bless your company and personnel!",5,0,26.12.0,2026-04-02 09:48:26,"Aw, thanks for the kind words, Douglas! I'm so happy YNAB has changed your life in such a positive way. 😊 We appreciate you taking the time to post a review! -Erika@YNAB",2026-04-02 11:18:56,26.12.0,YNAB
a1698875-0919-464e-8421-355eabb514b2,"I've had YNAB for over a year and really enjoyed using it to manage my budget. at first it seems overwhelming but once you start putting in your information you get the hang of how to work the app. Great features and very helpful customer service (they do use AI in their chat bot, but will connect you with a human if you have detailed questions). I have recommended them to friends!",5,1,26.11.0,2026-03-30 13:00:32,,,26.11.0,YNAB
3dfdc37e-2722-4076-b83e-85761afebde5,"Honestly, if you figure this app out (and you can: just learn the basics of envelope budgeting on YouTube, watch the YNAB videos, and if you still don't get it - listen to the YNAB audiobook) it will change your relationship to money. My life changed. But I also had 3 sessions with an accountant at a budgeting service that was subsidized by my country's government, so I had some scaffolding of knowledge there. This doesn't change the fact that you CAN learn this app and become good with money",5,0,26.11.0,2026-03-29 23:49:33,,,26.11.0,YNAB
e8234b64-b9ef-4dbd-bf54-e334d7e2aced,amazing,5,0,26.11.0,2026-03-29 19:57:43,,,26.11.0,YNAB
fad62ebd-0a14-4a56-bd06-7c7619e932a8,"Used to be incredible. But the constant UI changes have rendered it slow, clunky, and buggy. I've opened tickets only for them to be closed with no resolution. Worse yet, bank connections will just break with zero communication on timelines to get them fixed. Discover hasn't worked in nearly a week now and there's still no ETA to when I can use the features I'm paying over $100 a year for.",1,12,26.10.3,2026-03-24 07:37:30,"I’m glad you posted, Joseph, and am sorry to hear you’ve had some support conversations close on you! I checked on Discover and there are no widespread outages, which means there may be an issue with your individual connection. If you're up for trying again with Support, I'm very hopeful we can get your connection up and running again. - Blair@YNAB",2026-03-24 12:17:08,26.10.3,YNAB
a5ac9cf5-8323-4bac-bed3-1f5328aa91cf,not free. doesn't tell you until you make an account.,1,0,26.10.3,2026-03-22 20:29:18,"Hey Felix! It's true that there isn't a free version of YNAB, but we hope you'll still use your free, full-featured trial. If you reach out to our team at help@ynab.com, we'll be glad to help make sure that auto-renew is turned off through Google so that there are no unexpected charges! - Caity @ YNAB",2026-03-24 10:19:03,26.10.3,YNAB
bca3d093-c5ff-42bf-8f57-228e61e2afdc,love it ❤️,5,0,26.10.3,2026-03-21 07:45:08,,,26.10.3,YNAB
b8878cc0-ce85-44a6-a914-6baae26e7618,"We've used YNAB for 7 years, and it has changed our lives for the better. We are much more financially fit. YNAB makes it clear to see how all your money is being used. It helps us be completely honest with our finances, and we have enough money in reserve now to cover the unexpected. We have no credit debt and have peace of mind about our financial future.",5,0,26.10.3,2026-03-19 23:18:45,,,26.10.3,YNAB
938d1372-ba85-4ec2-9bc2-fca391e2bff5,SaaS for an Excel Sheet,1,0,26.10.3,2026-03-19 18:33:06,"Hi Alex—we understand YNAB may not be for everyone. The app certainly has more features than an Excel Sheet (you can find details here: https://www.ynab.com/features), but if your current system works well for you, that's great! -Erika@YNAB",2026-03-20 13:14:44,26.10.3,YNAB
ac29f939-097b-49d6-ac8a-04d1ac709de4,"in a matter of mere months, YNAB has helped me get a reign on my finances. its also helped me align my dollars with the things that are important to me.",5,0,26.9.1,2026-03-18 23:33:34,,,26.9.1,YNAB
a0f478b6-6c62-4294-866e-6cd4b8c8b382,This is such a great financial app. Not only does it help me to budget but It helps me keep track of what goes on my credit cards also. It's a really useful tool.,5,0,26.9.1,2026-03-18 06:16:30,,,26.9.1,YNAB
07ea6908-01f4-43c8-ae36-36756817d326,"Not free, just free trail. Made me sign up before it told me.",1,0,,2026-03-17 20:40:19,You can find our subscription pricing here: https://www.ynab.com/pricing . Most users report saving over $600 in just their free trial period! :) - Renae @YNAB.com,2026-03-18 06:06:22,,YNAB
0c15dcd4-375a-4ab1-9a43-1cca9f301af8,"Great app and service, but I prefer the browser version",3,0,26.9.1,2026-03-17 17:36:55,"Thank you for the kind words, James, and sharing your preference for using YNAB in a web browser! If you'd like to expand on this or share any features that feel like they're missing from the mobile app, we're all ears. You can click the question mark at the bottom of your screen or reach us at help@ynab.com anytime. – Caity @ YNAB",2026-03-17 18:07:57,26.9.1,YNAB
4f1b8412-d70b-4f14-9bff-0067c453735d,I've tried many budgeting apps and none of them really fit me. But YNAB finally filled that gap. I highly recommend it,5,0,26.9.1,2026-03-17 16:27:40,,,26.9.1,YNAB
1e3279df-2c15-4525-a07a-93b4e27ea69a,not great. it's a strange way to set a budget and it's overall very clunky. you assign payments that have already been made to categories and then it takes that money from what is in your accounts even though it's already been paid. too much work and too much nonsense,1,0,26.9.1,2026-03-17 08:23:22,"When you start YNAB mid-month, you don't have to record expenses from earlier in the month. If you have a target in that category you'll be asked to assign money, but there's a snooze option you can use so the target won't ask for more money until next month. If you'd like to chat more, reach out to Support and we'll talk more! -Blair@YNAB",2026-03-17 12:25:54,26.9.1,YNAB
e898c32f-624d-4b0e-8ffd-27443e53c23e,The best budget app ever!,5,0,26.9.1,2026-03-16 19:00:11,,,26.9.1,YNAB
63091be8-e423-4988-9880-2445c4c9ede4,has helped us a lot. to see where your money is going makes you go 🙈,4,0,26.9.1,2026-03-16 10:14:38,,,26.9.1,YNAB
2b413f9d-7719-49e7-8be7-d12256755745,Absolutely love YNAB!!! It has made bill paying and budgeting a breeze!,5,0,26.9.1,2026-03-14 08:25:02,,,26.9.1,YNAB
4cbd1006-a99b-475c-ac91-04603064bae5,"This is a fabulous budgeting program and approach that has helped us get out of and stay out of debt. If you follow the budgeting principles espoused by YNAB and learn how to set funds aside for major purchases, you will be on the path to financial freedom and able to endure those unforseen or unexpected financial hits. You will build your credit score and won't need any other financial program if you use YNAB to plan and stay within a budget. Find less stress and more peace in your marriage!",5,1,26.9.1,2026-03-13 13:16:02,,,26.9.1,YNAB
bed0e652-3927-419f-98dd-a2b5cf6d0a8e,"Steep learning curve, I find this app hard to use.",3,1,26.9.1,2026-03-13 06:53:33,"I hear you! For many people YNAB's a completely new way of handling money, and there are a lot of features in the app. If you're still interested, reach out via the app or help @ynab.com. Our Support team's amazing! ~ Lauren @ YNAB",2026-03-15 22:43:38,26.9.1,YNAB
2b268117-eb24-487d-9417-099697504a6d,"Okay for budgeting but lacks some fundamentals like bi-weekly payments and split payment options. My car & mortgage are paid bi-weekly so the timeline is always off. I just spent a bunch at Costco and tried to replicate the payment ($400 gift card and the other $250 on MC) but you can't. Now I have to do some jank workaround to have it all equal out. It's a huge pain that these things (among others) aren't available. Also, nice try YNAB, you CANNOT split payment, only split category. Please add!",3,9,26.9.1,2026-03-12 14:19:53,"Thank you for the update, Scott! I hear that there are some key features missing for you, and I know workarounds can be frustrating. I've shared your feedback, and if it would be helpful, our team would be happy to brainstorm other ideas for handling that Costco purchase! You can get in touch at help@ynab.com or in-app anytime. - Caity @ YNAB",2026-03-13 18:20:52,26.9.1,YNAB
3568a6ac-7dd1-4bf7-a686-469496503b1a,"I love it! It has made me feel WAY more in control of my finances in a way I never would have thought of. Could I have done this with a spreadsheet? Sure, but YNAB makes it so straightforward, it's absolutely worth the subscription in my mind. I've recommended the app to more than a few people, and I'll keep recommending it to more.",5,0,26.9.1,2026-03-12 13:52:26,"Hi Otac! Thanks for taking the time to write a review—I'm happy to hear you're loving YNAB. :) There was a temporary issue today that caused onboarding steps to resurface for some users, but it's now resolved. If for some reason you're still seeing the tutorial, please email help@ynab.com, and we'll be happy to assist! -Erika@YNAB",2026-03-12 13:47:57,26.9.1,YNAB
556394a5-6c22-4313-89dd-54be9015bffc,not intuitive. splitting transactions is a pain. browser version easier to navigate.,1,1,26.8.3,2026-03-12 04:15:58,We'll be happy to help with any questions you've got about splitting transactions — or anything else! You can reach our support team at help@ynab.com any time. 😊 -Renae @YNAB.com,2026-03-12 09:44:59,26.8.3,YNAB
de09a90d-74f8-49b6-a063-3cf72e010ba6,LOVE YNAB,5,0,26.8.3,2026-03-11 04:03:27,,,26.8.3,YNAB
c896537f-8916-4309-ab97-1d56603586df,"ONLY able to connect banks through Plaid. Per my bank, they are not compatible with Plaid (despite being on the list). Very annoying.",3,0,,2026-03-10 19:00:11,"Have you reached out to our Support team at help@ynab.com? We actually use more than one import provider, so they may be able to help you get up and running if you reach out! 😊 -Renae @YNAB.com",2026-03-11 07:11:07,,YNAB
1ba1067a-8d4f-414d-9c7f-60528e422116,£13 a month before even getting into the app. get serious,1,0,26.8.3,2026-03-08 05:42:35,"Hi Adam! 👋 Everyone who signs up for YNAB receives a 34-day trial to get to know the app before a subscription begins. If you didn't receive a trial, please reach out to help@ynab. com so our Support team can get you set up! -Blair@YNAB",2026-03-10 13:52:54,26.8.3,YNAB
083f263e-c127-47ed-8765-6cee5c4d86fd,The first and most important thing it asked me was what my monthly income was. I get paid weekly it doesn't work that way. I don't even know who this app is made for but it's certainly isn't me.,1,1,26.8.3,2026-03-06 12:36:35,"Thanks for your feedback, Andy! We absolutely recognize that not everyone gets paid on a monthly schedule — an average for that field is totally okay. 😊 If you've got any questions at all as you get started, don't hesitate to reach out to our support team (help@ynab.com). We're always happy to dive in with you! -Renae @YNAB.com",2026-03-09 09:57:34,26.8.3,YNAB
8f47ba4e-2134-419f-89e5-637027282608,"I really like the app; it helped me to get back on track with my finances. However, there is one thing that drives me crazy: once in a while, your account is unlinked from your bank for unknown reasons, and it doesn't tell you explicitly. So you have to manually reconnect and then adjust the mismatched total amount spending or available money and have to fix it. According to the website, it is due to different updates or the bank resetting the connection. So my only wish would be to..",3,2,26.8.3,2026-03-06 05:39:02,"I'm so glad YNAB helped you get back on track, Jean-Phillipe! I also hear how your accounts being unlinked creates friction. We've made updates to better highlight connection errors, and if alerts/notifications would help, reach out to help@ynab.com! We'll be happy to pass that along or share tips for keeping things up to date. – Caity @ YNAB",2026-03-06 18:21:35,26.8.3,YNAB
677942ca-c69d-4d5e-825c-ee2f534bf5e5,a budget app that cost 14.99 a month? best budget decision you can make in uninstalling asap,1,0,26.8.3,2026-03-05 17:59:20,"I get that, Zack! Paying for a tool meant to help folks get good with money can feel a little backwards at first. Many YNABers find that giving every dollar a job helps them save far more than the subscription, and I hope you’ll give the free trial a chance to experience that firsthand whether or not you subscribe! – Caity @ YNAB",2026-03-06 18:06:21,26.8.3,YNAB
5c4b4399-b428-40ea-a260-e1a1c50eeae7,Worth the cost. Will change your relationship with money. excellent!,5,0,26.8.3,2026-03-04 22:38:13,,,26.8.3,YNAB
31ebbdc7-e68b-4138-954c-4703848b97be,UPDATE: Operator error. I figured it out. It's still a great app. MY BAD. Great app till the decided to mess with it and now the search features does not work. Typical apps fixing things that ain't broke. No renewal here. SMH,5,0,26.7.0,2026-03-03 13:28:46,Have you had a chance to speak with our team about this? I know they'd love to help! Reach out at help@ynab.com -Renae @YNAB.com,2026-03-03 08:13:28,26.7.0,YNAB
adf53255-2915-4173-8976-261efed9e537,"Not very automatic. I read that this was a great app for bi-weekly budgets, from multiple forums and reviews. With that I expected that I could put in my pay dates, and my monthly bills, and it would automatically allocate my bills for that pay period. It does now. It still does it for the month and you constantly have to manual make adjustments and assign transactions. There's hardly any automation for a biweekly budget.",2,4,26.7.0,2026-03-03 12:48:44,"Hi Scott! Thanks for sharing about some of the frustrations you've been running into. YNAB is a bit more hands-on, especially at first, but our support team would love to chat about the features that may help with the automation you're looking for! If you're up for that, send us a message anytime in-app or at help@ynab.com. - Caity @ YNAB",2026-03-04 18:02:41,26.7.0,YNAB
a05c0c92-30b7-4797-8bd8-66f62b82e65b,"if your tech savvy and have time on your hands this may be the right app for you. But if your a busy mum or you work a lot this app is fiddly and doesn't update clear enough. I watched videos for help, even joined community groups for advice but found myself exhausted I don't have time to keep sorting what the app should be doing and cos the app won't stay in sync I found myself constantly editing. it's too confusing and overwhelming for me. I'm sure it works for some folks but it's not for me.",2,11,,2026-03-02 13:54:19,"Hi Melissa! We totally get it: there's a LOT to learn when you start YNAB. It can be overwhelming—and dealing with sync issues doesn't help! If you're up for it, YNAB Support can add more trial time. We'll work with you to make sure the app syncs AND to answer your questions about YNAB. If that sounds good, reach out to help@ynab. com! -Blair@YNAB",2026-03-03 10:21:49,,YNAB
a0743987-9676-43d6-ba90-4511dba89709,fire app,5,0,26.7.0,2026-03-01 11:46:51,,,26.7.0,YNAB
accab2c8-8517-417b-8b44-af2f08fcb467,Best tool for anyone with ADHD!!,5,0,26.7.0,2026-03-01 08:53:01,"Thanks, Nathan! Fellow ADHDer here, and I agree 100%. Plus we have a fantastic Support team if you get stuck. ~ Lauren @ YNAB",2026-03-03 06:37:01,26.7.0,YNAB
550aea8a-98ee-45a4-a5eb-0700c17c31a1,Best value for the price. Love it!,5,0,26.7.0,2026-02-28 05:49:46,,,26.7.0,YNAB
40a596d4-71af-449e-941a-67ea2f15900e,the only budget I will ever need or use!! worth the subscription,5,0,26.7.0,2026-02-27 19:11:16,,,26.7.0,YNAB
f331223d-2e11-4856-a729-789056d15e1e,In the app all this week there has been a delay in importing transactions from my bank. This means I haven't been able to use the app at all which is very frustrating. I tried uninstalling and reinstalling with no luck. Please fix it.,1,2,26.7.0,2026-02-27 13:03:48,"I can see why you'd feel frustrated, Wendy! Changes with your bank or the import provider can definitely slow down imports, but we can troubleshoot the connection to get you up and running again. Reach out in the app and Support will be there to lend a hand! -Blair@YNAB",2026-02-27 17:00:09,26.7.0,YNAB
b6bc1fbb-c0a3-4b7f-9184-582819458d2b,life changing!,5,0,26.7.0,2026-02-27 06:40:37,,,26.7.0,YNAB
19176379-748c-42ad-b8a0-f6adeb105ee1,"paid for the subscription so I could link my accounts automatically, but they rarely / never work. Im constantly resetting them or adding transactions manually. I want to like it but overall its very frustrating. I reached out via the live chat and the customer service rep said I'd just have to enter my bank transactions manually. Then I had a one on one consult, which was very helpful with learning some of the ins and outs. but the bank connections still don't work at all.",2,12,26.7.0,2026-02-27 06:15:06,"Thank you for this update, Scot! We're so happy that the one on one session was helpful, but I know it's disappointing when bank connections aren't working & we run out of troubleshooting options. Things can change quickly in the world of Direct Import, so I hope you'll check back in with us—we're always happy to look for updates. - Caity @ YNAB",2026-02-27 16:21:41,26.7.0,YNAB
c877ebf8-4f35-4353-b5db-78782548dc40,Still no landscape on tablet. Hopefully Google's upcoming requirements around aspect ratios changes this if YNAB doesn't.,3,1,26.7.0,2026-02-26 20:51:10,"Thanks for sharing your thoughts, Josiah! If you haven't already, I'd encourage you to submit your idea through our feature request form: https://ynab.typeform.com/to/Pt6cek Your request will go straight to the designers! -Blair@YNAB",2026-02-27 16:50:38,26.7.0,YNAB
58917cf3-1cc7-4cab-8b16-b98509c680cc,"From 5 star to 1 star. What used to be a slim, fast, and agile app has become the typical ""bloat"" of busy body programmers. Last update added an unneeded home page that clutters and slows things down. Startup, entries, everything USED to be instantaneous. Now? A delay with every button press! Maddening! STOP PROGRAMMING TO BE BUSY BODIES!! Slim it down and make it better, not worse. UPDATE: Less bloat would help the delays. Stop making the program worse.",1,5,26.3.1,2026-02-23 12:42:01,"Thank you for the update, Joel. We hear your feedback about bloat and performance, and would love to dig in further to the delays—if you change your mind, reach out at help@ynab.com anytime! While the Home tab won't be reverted, we're eager to do all we can to ensure YNAB still runs smoothly for you when changes are made to the app. - Caity @ YNAB",2026-02-03 16:31:09,26.3.1,YNAB
89f3ee3b-3a46-48d9-abc3-90c66df6dd45,I feel so sorry for the people not knowing/not using this budgeting app. It feels like a life cheat code to me. Seriously improved my life in better.,5,0,26.6.1,2026-02-23 10:09:32,,,26.6.1,YNAB
833d2e6f-2969-481d-9cae-6ce3584b95d3,YNAB listens to its users and it shows! All the features that you could want in an app like this are there and they keep making it better and better. Thank you YNAB for being amazing and making it easy to manage my finances for the last 5 years 🙏,5,0,26.6.1,2026-02-23 07:43:13,,,26.6.1,YNAB
eea406be-3c37-48ac-b09b-fb14fa3fcd0a,Literally life changing!,5,0,26.6.1,2026-02-23 05:59:53,,,26.6.1,YNAB
756255b6-4f39-498b-8ab7-ca8cc7ae5e30,"If I could give it 0 stars I would. It's just another app that screws people over with their free trial BS. Imagine a budget app not wanting to refund a customer whose saying the app cost is outside of their budget. And their excuse it to blame it on Google because they handle the billing, as if that's not intentional. Trashhhh",1,1,25.35.0,2026-02-22 17:05:09,"Our intention with a free trial is to allow you to decide if YNAB is for you. If it's not, no harm no foul! You can cancel at any time before your subscription starts. 😊 -Renae @YNAB.com",2026-02-24 08:33:55,25.35.0,YNAB
b3e89c22-c2b1-4d95-982f-e9d2f3dd1212,greedy overpriced bs,1,0,26.6.1,2026-02-22 13:08:24,"Hi Enyon, if you've had a bad experience I hope you'll reach out to help @ynab.com. Many YNABers save hundreds in their first month, and we'd love to help you do the same! ~ Lauren @ YNAB",2026-02-24 06:40:13,26.6.1,YNAB
189203ca-9696-4ea9-8784-c3188bc22505,2021 I said: I have been a YNAB fan since 2013 (or so) ...i followed from YNAB 4 to new YNAB. And now the updated app is awesome. I have never been disappointed with YNAB. As a budgeting tool it is the best I have come across. 2026 still going strong.,5,1,26.6.1,2026-02-21 13:54:23,,,26.6.1,YNAB
001906d6-cd09-487f-a04f-b75cce1eab3a,"Great app that has evolved a lot over time, with a pretty steady pace of quality of life updates. Can have a learning curve if you are new to budgeting but just start simple!",5,1,26.6.1,2026-02-19 18:59:59,,,26.6.1,YNAB
5bd7d836-f04b-40bc-83b8-0bb4d4d88c39,"I was looking more for something to help with business expenses. This really wasn't what I needed. Unfortunately, I'm a week late in canceling and am now out $119.35. :(",4,0,25.32.0,2026-02-19 15:56:14,"We appreciate you giving YNAB a try, Laura, and we would love to take a look to see if we can assist in any way with a refund! If you haven't already, please get in touch with our team in-app or at help@ynab.com and we'll see what options we might have. - Caity @ YNAB",2026-02-19 16:31:25,25.32.0,YNAB
a5a5a634-b8d2-45c2-8d0f-808fdd2fcc5c,"solid foundation for a budget app, accounting for each dollar every month. but it struggles with credit cards, and I wish there were more analytics like for spending trends, maybe visuals of income vs spending, maybe a breakdown of budgeted funds. the features are a little sparse as is, for the over $100 price tag. I'll be debating whether to renew this year.",3,9,26.6.1,2026-02-19 15:54:49,"Hi Stefan! Thanks for your review and sharing about what's got you contemplating your renewal. I've passed along your ideas for additions to the Reflect tab, and hope you'll reach out to help@ynab.com if you have more for us, or if you'd like to chat about credit cards! We'd love to hear what isn't working and help however we can. - Caity @ YNAB",2026-02-19 17:00:58,26.6.1,YNAB
cbc67257-3ed7-4f30-ac00-315a536fa969,YNAB is great. Been using it for years.,5,0,26.6.1,2026-02-19 15:31:44,,,26.6.1,YNAB
dac2db71-4d6a-44ed-bf16-7a8090fc3193,YNAB keeps me sane. I prefer using it on my desktop but love having the phone app at hand whenever I need to check. Strongly recommend the youtube channel too.,5,1,26.6.1,2026-02-18 22:19:53,,,26.6.1,YNAB
3a0c4241-4e55-47a9-857f-666362040388,"the interface was not user friendly, and it made everything more confusing than it had to be",1,1,,2026-02-17 14:50:45,"Hi J—thanks for giving YNAB a try! We're always working to improve the app and optimize usability. If you're willing to share more specific feedback, please do so here: https://ynab.me/feedbackform. If you give YNAB another shot in the future, be sure to contact help@ynab.com with any questions! -Erika@YNAB",2026-02-20 06:32:08,,YNAB
7d20d969-e74a-424e-9fe5-68c1076b41e4,Best budgeting app for people who want to spend with intention and save for goals or just be aware of their actual cost of living!,5,0,26.5.1,2026-02-17 12:54:46,,,26.5.1,YNAB
20377ad2-6041-4671-97bc-b28f2cdf2748,Has become central to all my families planning and financial decision-making. Has also taught many new budgeting skills.,5,0,26.5.1,2026-02-16 13:59:21,,,26.5.1,YNAB
3e4c4f0b-8769-4248-92cb-47ebda08f263,What a rip off. Talk about helping with finances only to charge $15/month. Get real.,1,0,,2026-02-15 14:32:46,"You're right — YNAB does cost money, but the good news is that most YNABers find that they save much more than that — $600 in the first month and over $6000 during their first year! 🤩 -Renae @YNAB.com",2026-02-17 11:54:27,,YNAB
61f400d3-0462-4b61-b3d7-9e94f47910eb,"Lowered my rating from 5 to 4 because they're hired someone who doesn't like the word ""budget,"" but it's literally the whole purpose of this app. Enough with the pointless renaming of buttons! ""Spending"" should be transactions because it also includes income. I'm not five years old.",4,3,26.5.1,2026-02-15 06:11:32,"Hi Wyatt—we appreciate your feedback about this! I submitted a Feedback Form (https://ynab.me/featurerequest) on your behalf, which will ensure your thoughts are seen by the appropriate teams here at YNAB. There's been a wide array of opinions about updated language in the app, but hopefully it's not affecting your use of YNAB too much. :) -Erika",2026-02-18 14:12:22,26.5.1,YNAB
2ea6c477-ff54-4aa8-8d1c-e7c1caab9a59,"Bank sync stopped working several months into an annual subscription. YNAB refuses to refund even a prorated portion of the subscription - because the other parts of the app work! Edit to add: reached out to YNAB per their suggestion here, and they still refuse to refund.",1,0,26.5.1,2026-02-14 09:56:00,"We hear how frustrating that feels, K, and know using YNAB without Direct Import isn’t for everyone. As outlined in our cancellation policy, we don’t offer refunds for importing issues, but you may be able to delete your account for a prorated refund. If that hasn't been explored yet, please reach out in-app or to help@ynab.com! – Caity @ YNAB",2026-02-13 14:30:28,26.5.1,YNAB
ecbdc97e-bdef-4fb2-9763-c17897a83fd9,There is no opportunity to register,1,0,26.5.1,2026-02-14 01:20:42,"If you're having a tough time getting signed up, we'll be happy to help! Reach out at help@ynab.com and we'll get you set up! 😊 -Renae @YNAB.com",2026-02-16 09:33:53,26.5.1,YNAB
f0e9c6cd-e9cc-414f-af9a-da4052334fa0,"Update: App uninstalled. I was going to use this--until I got the categories set up. Then it said something about a ""free trial"". That told me that there would be a charge if I kept using the app. Is this app free to use or not?",3,0,,2026-02-12 12:20:45,"Thanks for checking out YNAB, Katheryne! If you change your mind and would like to try YNAB for free for 34 days, reach out to help@ynab.com—our team is always happy to help get you set up and make sure you won't be charged at the end of the trial. - Caity @ YNAB",2026-02-12 18:44:43,,YNAB
1547c903-f03c-4cb3-9b4c-9f8ca1613348,"it's really disappointing to find out that the thing everyone recommends to help with my extremely tight budget is SO expensive! went through the motions with high hopes only to find out that NOPE! Can't afford it. And for some reason all the emails I try to use for the trial say they have been used before, when I know I haven't used them. waste of time.",1,11,26.5.1,2026-02-11 15:01:23,"I totally get the disappointment, Michelle, and appreciate you sharing that YNAB's subscription cost wasn't clear upfront. We'd love to make sure you can still use the free trial—even if you don't subscribe, it's a great way to learn the YNAB Method! If you're up for it, reach out to help@ynab.com anytime and we'll be glad to help. - Caity @ YNAB",2026-02-11 17:42:30,26.5.1,YNAB
c879f221-3488-484d-862c-4ff831957659,love this program. Just frustrated that I can't reach a human assistant without jumping through chat bot hoops,4,1,26.4.2,2026-02-11 07:57:29,"I'm so glad you're loving YNAB, James! 🎉 Want to skip the chatbot next time? Email us at help@ynab.com. Otherwise, just ask the chatbot to speak to a human! Responses (from humans 😉) may not be instant because we reply to chats in the order they're received and don't have 24/7 coverage, but we'll always get back to you ASAP! —Erika@YNAB",2026-02-11 13:38:57,26.4.2,YNAB
30412ee2-d9e8-4727-af72-72cf2d7ebae9,"simply the best budgeting app, and philosophy, in the game - take it from someone who's tried em all!",5,0,26.4.2,2026-02-07 17:56:37,,,26.4.2,YNAB
fdab9677-8940-4694-a40e-f2cf4c5e31d3,Requires an account. Why is an account mandatory??,1,0,26.4.2,2026-02-06 04:34:07,"I'm glad you posted, Nabil! Not only does creating a YNAB account help you to tailor your spending plan to your goals, but it also allows you to explore our other features like direct import or inviting family & friends to join your YNAB Together group. If you have other questions, please reach out to help@ynab.com anytime! - Caity @ YNAB",2026-02-06 17:41:21,26.4.2,YNAB
b57eebb7-949a-4cb3-af1c-7d4005c51b1a,Best budget app around. The monthly membership is worth the payment.,5,0,26.4.2,2026-02-05 15:18:19,,,26.4.2,YNAB
bbd67aed-3136-40d3-8e3c-0318f89938b2,the best,5,0,26.3.1,2026-02-02 16:54:02,,,26.3.1,YNAB
5a63ef4b-4fa1-4e38-9025-65d22cf3aad2,Great overall family budgeting app that aligns with our zero debt philosophy,5,0,26.3.1,2026-02-02 12:46:27,,,26.3.1,YNAB
748e7984-abe9-48b5-ae97-73c0fac73a11,Best budget app ever!,5,0,26.3.1,2026-02-02 11:24:37,,,26.3.1,YNAB
a9209eff-388a-423c-9860-e50cb80fee8c,Does the job. Once you get used to the system you'll never use anything else!,5,0,26.3.1,2026-02-02 09:41:27,,,26.3.1,YNAB
c6ad5b95-e45d-41fb-8e90-1bb121fa7739,"This is the best app that taught me how to budget. Heard of it recommended on a Christian podcast, downloaded, and have been using it for at least 2 years now. It's actually a lot of fun to use and so easy to keep track of my finances amongst all my accounts/cards.",5,0,26.3.1,2026-02-01 19:00:13,,,26.3.1,YNAB
a70bb0f5-bf83-4593-919b-598d39ed4fd5,You Need A Budget. Yes you actually do. Recommend the book in addition to the app.,5,0,26.3.1,2026-02-01 12:32:06,,,26.3.1,YNAB
f16b2a5d-4ed5-41e6-ba4c-45cb3de2b40c,"I have been using YNAB for nearly a decade and it has helped keep my family financially stable, especially in hard times when money was tight.",5,0,26.3.1,2026-02-01 05:48:17,"We're so grateful to have you on board with us, Alison! Thank you for the five star rating, and long may your budgeting success continue! Becki - YNAB Support",2021-07-24 05:15:50,26.3.1,YNAB
4333d9fa-abc7-498e-807c-993bf756d29d,"Paid features do not work. YNAB will make you pay to use it, just for YNAB to fail to do the things you are paying it for. In my case, automatically keeping track of spending after giving it access to my bank account 🙃 why should I pay for that feature if it's not going to work?",1,1,26.3.1,2026-01-29 03:33:31,"I hear your frustration, Ben! Direct import from banks is not a perfect system — there may be times the connections struggle, but we're always here to help and are happy to dive deep as needed! -Renae @YNAB.com",2026-01-29 09:56:44,26.3.1,YNAB
f25acd36-2a95-4725-be8c-16d484b3b2be,"Isn't the whole point of an enveloping app to not to need to do it manually? I wanted an app that puts my money in virtual envelopes, and can filter by merchant to take money I spend out of envelopes. YNAB has the stupidest feature that suggests envelopes for expenses to come out of, but can't actually do it without your approval. If I just didn't find the way to do this, I'd be happy to edit review, but as it is YNAB is no better than Google sheets, and I'm mad that y'all now have my info.",1,2,,2026-01-28 15:24:10,"Hi Kedran! In YNAB, Auto-Assign allows you to assign money to your categories in one click. You'll need to set up targets first so YNAB will know how much to assign. Reach out to Support—we'll walk you through it! Or, if you're ready to move on, we can help you delete your account which will remove all of your data. -Blair@YNAB",2026-01-28 16:24:56,,YNAB
a56ae90c-a6c8-4f24-b699-e398f56a5c1d,"YNAB is well worth the fee and budgeting that monthly makes it feel free. It has been one of the most useful app on my phone, right up there with my alarm clock. It was what has allowed my husband and I to budget our way back onto our feet from a family members house and into a rental where we saved another 5 years. We just bough our first home. I've recommended YNAB to many over the years. My husband and I even use it to show our teenager how budgeting works, because it is that simple. Try it!",5,2,26.2.1,2026-01-27 02:20:51,,,26.2.1,YNAB
ab3d3fe9-5d4e-4ffc-ac98-ba7af65a26c5,"Before YNAB, every purchase was a guess - whether I could really afford it. Now, with YNAB, I can see exactly where I am, and can make purchases confidently knowing that I have the money, and without risking falling short for other upcoming payments. This app has changed my life for the better and I would recommend that everyone should use it for their private finances. YNAB is truly liberating.",5,1,26.2.1,2026-01-26 03:05:22,,,26.2.1,YNAB
eecd0573-4a03-444f-a227-fd47161f8aae,"it's ok. half the time, banks won't connect, so the automated side doesn't exist. I don't see a reason to renew again, since bank connections do not work too often.",2,1,26.2.1,2026-01-24 17:02:07,"Hi Christian! Have you reached out to our Support Team regarding your bank connections yet? If not, please email help@ynab.com, and we'll be happy to take a look! -Erika@YNAB",2026-01-27 10:37:17,26.2.1,YNAB
ed792438-9c3c-4430-9748-95d872f0d89a,I want to use and love this app but I use Neo Financial and you can not connect it to ynab. It tried a year ago and again now still no change. 😒,1,0,,2026-01-23 18:45:24,"I hear you. It's frustrating that not all banks are able to connect. That said, we do have a file-based import option that's similar and allows you greater control of when your transactions import! https://support.ynab.com/en_us/file-based-import-a-guide-Bkj4Sszyo -Renae @YNAB.com",2026-01-27 10:14:09,,YNAB
8a1426b5-a1c2-4693-b7dc-1686f5f5dc07,"I'm loving the app so far, id like to see a lifetime purchase offer and for it to be able to rotate, one of my tablets is wall mounted and Id really like to use the app there",3,0,26.2.1,2026-01-22 10:09:11,"Thanks for the love, King Citran, and sharing what would make YNAB even better for you! While we shifted away from the one-time purchase option so we can continue to improve the app long-term, I totally get the appeal. I've passed along your feedback, and we'll be here at help@ynab.com if you ever want to send us more suggestions! - Caity @ YNAB",2026-01-23 15:47:51,26.2.1,YNAB
14ee6a89-af15-4327-bc50-68cc3cd6f5d9,£13 pcm! are you mad! this is supposed to save me money? well it did I uninstalled it immediately.,1,3,,2026-01-21 14:03:26,"I can see why you'd be wondering about why you'd SPEND money on an app that helps you get good with money 💸. The answer: the YNAB method works 🎯, so most folks save far more than they spend on the subscription. 🤩 The annual subscription works out to be cheaper per month than the monthly charge. Thanks for giving YNAB a try! -Blair@YNAB",2026-01-23 15:31:26,,YNAB
1e1bdec8-702c-48c6-a550-f7d5a470e6e5,Love this app! It is the best budgeting app I have ever used. One change request is to please add the snooze option for future months.,5,0,26.2.1,2026-01-21 13:57:31,"I'm so excited to hear that you've been loving YNAB, Ashley! Thanks for your review and for sharing your request to be able to snooze targets in future months. I've made sure to pass that along to our product team, and hope you'll reach out to us at help@ynab.com with any other ideas or questions—we'd love to hear from you! - Caity @ YNAB",2026-01-23 15:29:08,26.2.1,YNAB
2e22a2ca-4bc7-4e17-bfbc-1a100c5bccca,terrible app for the cost per month. it does not do what its suppose to do. its showing nothing but inaccurate information,1,1,26.2.1,2026-01-21 10:57:52,"Hi J D, it sounds like there's a lot going on! Our fantastic Support team would love to work with you to get your plan running smoothly—would you reach out from the app or message help @ynab.com? ~ Lauren @ YNAB",2026-01-25 21:49:21,26.2.1,YNAB
8736bab7-fd61-4926-8bec-c25d1b69531f,"YNAB is the only budgeting system that has worked for me! I first used it as a money-tracking system, a good way to keep track of where my money was going, but I eventually moved to using it to budget money, which is where YNAB shines! I'm no longer surprised by expenses that show up or events that happen throughout the year. Property taxes? Christmas? Birthdays? Numerous subscriptions? I have the money ready! Paid off credit cards! Saving for fun & the future! Trust me, You Need A Budget! 👍",5,2,26.1.4,2026-01-19 08:13:57,"This is so awesome, Susan! I'm really excited to hear that you've embraced YNAB's proactive approach and have seen so many positive results from it. Thanks for taking the time to share, and here's to more stress-free spending in 2026 & beyond! - Caity @ YNAB",2026-01-21 18:35:41,26.1.4,YNAB
020d3d23-33ad-4ef0-97a1-6ea2c9096840,Disconnected from my bank account so transactions are no longer automatically imported. After numerous attempts over a year the only response is a shoulder shrug. But when it works it's great.,2,1,,2026-01-19 08:07:52,"Thanks for sharing, C M. I know it's disappointing when Direct Import stops working as you'd expect or when we're not able to offer up a permanent solution. We're always happy to take a fresh look at things and see if there are any new avenues to explore, so I hope you'll get in touch again if it's been a while since the last time! - Caity @ YNAB",2026-01-21 18:21:31,,YNAB
cdd53762-71a8-4dfc-a6b6-abdc37ff045c,Awesome app. This system gave me more clarity with money than I've ever gotten from other budgeting apps. I can't recommend it enough!,5,0,26.1.4,2026-01-19 04:51:28,,,26.1.4,YNAB
dfc9f58c-df5b-4cd8-8e2c-e3696fd2357e,too opinionated and confusing,2,1,26.1.4,2026-01-18 17:44:06,"YNAB is opinionated — but there are many, many ways you can customize the app to work for you. Reach out to our Support team if you've got any questions! (help@ynab.com) - Renae @YNAB.com",2026-01-21 11:14:09,26.1.4,YNAB
0aa9e221-77a7-4479-b832-b6ecad318388,"Only been using for 2 days but so far: The UI is horribly unintuitive, and it's ridiculously overcomplicated to achieve basic things. It's advertised as being good for groups and couples, but seemingly makes no allowance for the fact that it's 2 people: Yes you need a joint plan but there needs to be better integration with individual plans. The web UI is much more manageable but the overall product is still clunky to set up.",2,7,26.1.4,2026-01-18 05:01:32,"Thank you for sharing your first impressions, Simon. That's not the experience we want for new YNABers, and we'd love to smooth things out however we can. Would you be up for sharing more details about better integration with individual plans? If so, please send us a message in-app or at help@ynab.com anytime so we can help! - Caity @ YNAB",2026-01-20 17:03:49,26.1.4,YNAB
b6ab22d6-e78f-438d-a4c8-c630a237e152,"They will not refund you. I forgot about the app during the free trial, and the day the subscription charge hit my account I went through their recommended steps to cancel and have the charge refunded. I talked to the Ai (once again proving Ai is useless as customer service) which told me I would be contacted by a representative the following day. I was not contacted and the chat created was closed. I do not have the refund, and the app still says my subscription is active until 2027.",1,5,26.1.4,2026-01-17 16:52:24,"Thanks for posting here, Jon—all of that sounds really frustrating and we'd be grateful for another opportunity to help. We don't want to see you paying for something you won't be using! When you have a moment, please reach out via email to help@ynab.com so our support team can take a fresh look. - Caity @ YNAB",2026-01-20 16:48:25,26.1.4,YNAB
ac71785a-c2df-4ce0-8bd0-ba45bb0dc007,"I love the app for its actual purpose. So helpful. But the update was silly. I don't need a home page, I don't like that I have to go to different tabs to see all the info I used to be able to see at a glance, and I don't like that I have to go to yet another tab & find the way to reconcile my accounts. I prefer the old setup. Open app straight to budget, with option to see account info with settings to reconcile. Also, it's getting pricey for something so plain.",3,7,26.1.4,2026-01-17 07:15:35,"Hi Caitlin! Thanks for sharing the YNAB love, and the honest feedback about the update. While we don't have plans to revert the change, the app should be opening to the last used tab. If that's not what's happening, please let us know at help@ynab.com—we'd also be eager to hear about features that would add more value for you! - Caity @ YNAB",2026-01-20 16:38:34,26.1.4,YNAB
0fbddc34-1bab-47b1-a2a5-472016939951,"Subsequent updates to the app have addressed the concerns I left here, so I'm updating my review accordingly.",5,10,26.1.4,2026-01-16 13:02:13,"Thanks for posting, Justin! You can long-press any category to add a transaction, and if you leave the app open for a bit, you'll come right back to the tab you left. I'll pass along your feedback, and reach out to help @ynab.com anytime! ~ Lauren @ YNAB",2025-09-17 20:53:19,26.1.4,YNAB
b270b58a-ed93-4c29-944c-4329719259f3,This app helped us completely turn our finances around.,5,0,26.1.4,2026-01-16 07:40:50,,,26.1.4,YNAB
197225d5-8d8b-4711-8a8e-7285919fbbb0,The best budgeting software out there. see your budget in real time even with a partner using it as well at the same time. It's fantastic and enabled me to save 24% of my salary 4 years in a row. love this software!,5,0,26.1.4,2026-01-16 03:51:28,,,26.1.4,YNAB
500e8bb0-7b98-4014-aafd-7b81d81c7330,"good product however constant price rises have meant low value for money. Many countries can not use features that have been added over past years such as linking to a bank account, yet are forced to pay high monthly prices for the development and maintenance of these features. I still use the app alot as I've had it for over 15 years so have a bit of lock in however a few years ago I have stopped recommending it to new users looking for a budgeting app.",3,4,26.1.4,2026-01-14 16:59:26,"Hi Daniel! We want every YNABer to feel like they're getting much more than they're paying for—if you have feedback or feel like you're not getting enough out of YNAB, I hope you reach out via the app or help @ynab.com so our team can help! ~ Lauren @ YNAB",2026-01-13 23:55:15,26.1.4,YNAB
01f0af2e-0f46-4123-aca7-1721cf11611a,too much modification needed. and notifications dont work.,3,2,25.38.2,2026-01-11 06:23:03,"Hi Duke, thanks for posting! YNAB does take some time to customize to your priorities and lifestyle. We'd love to dig into those notifications and give tips if you're up for messaging us in the app or via help @ynab.com! ~ Lauren @ YNAB",2026-01-11 19:30:35,25.38.2,YNAB
f60b1619-0eee-407e-88cd-63b333461cc3,"YNAB is by far the best budgeting app out there. I have been using it for over a decade. I understand it isn't for everyone, but if you want to do zero-based budgeting, this is the best option.",5,0,25.38.2,2026-01-10 07:17:03,Hi Justin—thanks for being a loyal customer! I'm glad to hear YNAB has been such a good fit for your needs. We appreciate you taking the time to post a review. 😊 -Erika@YNAB,2026-01-10 07:59:19,25.38.2,YNAB
9c574456-546b-41e9-bbb8-74bde2315484,"If you can work within the YNAB model of rules, it's great! Definitely helped get us track more than once. There are the odd things here and there that you might wish would be allowed for more flexibility outside of their general rules and because of this you either need to work around it, or just give in. Fresh start would be nice if it made a historical snapshot, opposed to only archived copy or 'mini' fresh start. Account connection can be hit or miss, but it's getting better each day.",4,2,25.38.2,2026-01-09 21:29:58,"Hi Tim—I'm so glad to hear YNAB has been helpful in your life. :) We're continually working to improve Direct Import functionality, so I'm happy to hear you've noticed an improvement. Thanks for posting a review! -Erika@YNAB (P.S. I passed your comments about the Fresh Start feature along to our designers and developers!)",2026-01-10 05:31:49,25.38.2,YNAB
ee6b13c7-7d9a-400c-a297-ec0281a808ad,"This is not a ""quick fix"" app. you have to learn how to use it but it will change your life. I know where all of my money is and what it is for and I can clearly see how to reach my goals. To use it, you need to watch their youtube videos, you need to read the articles and let the app teach you. But you will not regret the results.",5,0,25.38.2,2026-01-09 06:54:06,"Hey Marina! 👋 Amazing to hear how YNAB changed your life! 🙌 It must feel great to know where your money is, what it's for, and how to reach your goals 🤩 Thanks so much for your review! -Blair@YNAB",2026-01-09 12:47:51,25.38.2,YNAB
33b99b65-d63d-4c29-9c10-6e0504dd59c8,been using it for a decade. life changing app.,5,0,25.38.2,2026-01-07 23:10:37,"Cheers to ten years, Asad! 🎉 We're glad YNAB's been by your side on your financial journey. -Blair@YNAB",2026-01-08 06:05:04,25.38.2,YNAB
20257e75-32dc-4162-87e9-ffbf073c828b,"I am still learning how the app does its calculations, but using the formula RTA=total cash-total assigned, it leaves an amount that I don't recognize. I've tried every combination of possible ways it could calculate RTA, but can't seem to find this exact number as if it made itself up. I could create a transaction to balance it out, but then I think it'd mess up the overall balance the app thinks is in my actual account.",5,2,25.38.2,2026-01-06 16:45:44,"Hi Dillon, our Support team would love to dig into that Ready to Assign amount with you! Send us a message right in the app or at help @ynab.com. ~ Lauren @ YNAB",2026-01-06 22:00:38,25.38.2,YNAB
66ccabb2-c7ec-4e6d-b446-8a4a80f90ac0,Before YNAB we worried how we were going to pay our bills. Now we give evey dollar a job. Thanks to YNAB budgeting is not stressful.,5,0,25.38.2,2026-01-05 06:00:37,"Thanks for sharing, Tracy. Sometimes we say one of the biggest benefits of YNAB is sleeping better at night! ~ Lauren @ YNAB",2026-01-05 19:42:18,25.38.2,YNAB
e3d6f62e-e483-4cb8-9ef7-44c896f907f1,Why this app does not tell me that is not free and I should pay a monthly fee? Waste of my time,1,1,,2026-01-04 15:22:17,"It's true, Cătălina, YNAB requires a monthly or annual subscription! We offer a 34-day trial, and we don't make money from ads or selling your data. Most people save more than the cost in that first (free) month. If you have any questions, let us know at help @ynab.com! ~ Lauren @ YNAB",2026-01-05 19:30:47,,YNAB
27ed50e4-af71-4482-8669-a4b252f35ea4,"Excellent app. Took a good while to get the hang of it, but that's because it has a ton of features and smart ideas, but it takes some work unlearning your own thoughtprocess and adapting to this one. But now i've got the hang of it and everything is in sync, i hardly check by bankaccount anymore, i look here how much i have left and it also helps me to see why saving up is so important. It made something abstract concreet. Worth the subscription money. Will pay itself back.",5,2,25.38.2,2026-01-04 13:34:25,"I love that your money is feeling less abstract and more concrete, E.T.! That's huge as you move to gaining control over your finances — it sounds like you're doing an amazing job! 🥳 -Renae @YNAB.com",2026-01-05 13:29:47,25.38.2,YNAB
3f7588e3-33ed-4070-89fa-fd3acd996354,"So far the free trial has been really easy to set up! I already knew my regular expenses, so adding them has been easy and now I can see how much of my income they are. My only issues are the lack of a fortnightly option as I'm paid on the same day every two weeks. Also, I can't link any of the australian banks I'm with, all the options are american banks. Mainly please add a fortnightly option! It would rly help us Aussies!",4,1,25.38.2,2026-01-04 02:15:10,"We love our Aussie friends! We do have an 'Every other week' option for scheduled transactions. This would be best for a fortnightly scheduled transaction. And as for linking Australian banks, while we aren't able to do that natively within YNAB, there are some awesome API options to check out! https://api.ynab.com/ -Renae @YouNeedABudget.com",2026-01-05 13:02:31,25.38.2,YNAB
2f89d8f6-6171-456c-b2a9-88a33d19acbb,YNAB has made it easier to see my spending within each budget category. Highly flexible customization of budget layout. Super helpful library of videos to understand the app and how to think about money management differently.,5,0,25.38.2,2026-01-03 11:32:16,"Thanks, Kate Lilly! We appreciate you spreading the word! 💛 -Renae @YNAB.com",2026-01-05 11:24:16,25.38.2,YNAB
74a450dc-b98a-4ceb-9410-83ffc11fb35a,best budgeting app ive tried but its got a pricy yearly subscription of $109 and the ui has recently been getting clunkier and clunkier.,3,1,25.38.2,2026-01-03 10:41:23,"""Best budgeting app I've ever tried"" is about as good an endorsement as we could ask for! We'll keep working to make it better and better, but we see and appreciate you, Elian! 😊 -Renae @YNAB.com",2026-01-05 11:19:36,25.38.2,YNAB
4fee83b5-a21d-4a2d-b4b1-23812c3c3bf0,YNAB saves me every month.,5,0,25.38.2,2026-01-02 18:39:08,"We love to hear it, Joe! 💰 -Renae @YNAB.com",2026-01-05 10:43:09,25.38.2,YNAB
d823c756-ae5c-4bbe-9062-68102348a894,"YNAB is the single best budget tracking app I've ever had. It has almost every single feature I've wished for when tracking other ways. the only thing it can do yet is take a percentage of the paycheck and automatically put it into a category. But I don't mind that too much as it helps me know that I've moved the money. I mean seriously, the categories and sub categories are incredible. I know I'm gushing but I do literally recommend this app to everyone. Totally worth the subscription.",5,7,25.38.2,2026-01-02 10:53:09,"Thanks for gushing about YNAB, Beth! Reach out anytime—and if you ever really want to assign a percentage, try the web app's inline calculator. ~ Lauren",2026-01-04 21:52:00,25.38.2,YNAB
fe45b7a7-a50a-480a-8bed-4f78e3d61a62,"I cannot express how much I hate this app. As a product, YNAB has been very useful for budgeting and tracking. With the exception of a few small issues, the web version is great. The app, however, is clunky, difficult to use, visually unappealing, and lacking in vital information. I'd rather use that mobile version of the website than this.",1,4,25.38.2,2026-01-01 09:30:36,"Hi Kim! I'm glad to hear you're enjoying the web version of YNAB, and I appreciate your feedback about the mobile app. We're always working to make improvements, so please share your specific thoughts using this form: https://ynab.typeform.com/to/Pt6cek Thanks, and Happy New Year! -Erika@YNAB",2026-01-01 12:35:06,25.38.2,YNAB
d6665f95-9dba-42aa-a62a-42e34577e235,this ap is a huge time waster! I just spent 2 hours setting it up but there are things that just arent intuitive. I was looking for something to replace the Ramsey app because its become slow and too busy showing me adds to do a good job. I decided to upgrade and couldn't be angrier for wasting so much energy to just be confused at the end. where are the basic things like money in and money out? its trying to be too fancy without having the basics covered. so dumb.,1,11,25.38.2,2025-12-31 14:24:17,"Hi Carol—I hear your frustration, but I'm confident we can help you move forward! Money in/out is reflected in your account registers. We have Help Articles about adding income and transactions (ynab.me/addincome and ynab.me/addtransactions), but please email help @ynab.com with specific questions. Our Support Team is happy to assist! -Erika@YNAB",2026-01-01 11:30:23,25.38.2,YNAB
7301e160-d6d6-4a42-8693-25091bbfb0c3,"I have been using this app for many years. It got me out of debt and gave me the power to make the right purchase decision. No more needs of ""emergencies"" money since I know what every penny in my accounts is for since they all have been assigned a ""job"" from grocery to annual renewal to future appliances. This app is the best investment I have ever made to give me control over my money and peace of mind.",5,1,25.38.2,2025-12-31 06:47:07,"I'm so glad to hear YNAB has been a game changer for you, Michele! What a win when surprise expenses no longer feel like an ""emergency!"" Excellent job taking control of your finances—you should be proud. We truly appreciate you taking time to share a review. Wishing you all the best in 2026 and beyond. :) -Erika@YNAB",2025-12-31 08:24:24,25.38.2,YNAB
2188a69f-7231-45a6-b0ab-2c437cc5b1d9,This is the best budget app I've ever used.,5,0,25.38.2,2025-12-31 04:52:43,"Yay! We love to hear that, Alice! Thanks so much for writing a review and sharing your experience. :) Happy New Year! - Erika@YNAB",2025-12-31 08:19:14,25.38.2,YNAB
f601f5d5-7068-4fbd-b0eb-ed2bb7fe1c55,this budgeting app is just okay. it isn't as seamless as you would expect to track expenses and updating your budget,2,1,25.38.2,2025-12-30 21:07:24,"We appreciate you taking the time to leave a review, Nick! If you have specific questions about adding transactions, using our reflection tools, or updating your budget, please email help @ynab.com. Our Support Team is top notch and would be glad to help. :) Happy New Year! -Erika@YNAB",2025-12-31 07:36:20,25.38.2,YNAB
360c107e-3bdf-48bd-84b9-97174771169e,"YNAB the program is great, but the app is terrible. The categorization screen is too basic to be able to see the transactions properly. Would be better if it looked like the Web based one",1,3,25.38.2,2025-12-30 12:21:41,"Hi John 👋 We love hearing feedback from YNABers and that includes constructive criticism. Thanks for sharing! 😊 If you're up for it, reach out in the app with more details about exactly what you're seeing and what you're unable to see. We can ensure everything's working properly and catalog your suggestions for making things better! -Blair@YNAB",2025-12-30 12:49:43,25.38.2,YNAB
a490d446-5a56-4913-a1b8-9fe13f554868,"Used to like the app a year before, but as an EU user lost my ability to sync with my bank account after they've switched the provider and ruined the sync. They offered the manual sync, and I really tried to make it work, but it's cheaper to use Excel than Ynab if you have to enter transactions manually. Sad to see it only support US users.",3,2,25.33.1,2025-12-29 11:09:25,"Hi there, Žilvinas! 👋 You're right—we made some changes to our EU/UK direct import provider. I can see why you'd feel disappointed your bank's no longer covered. We appreciate your time using YNAB and hope you'll keep in touch as direct import coverage can and likely will change again in the future. -Blair@YNAB",2025-12-28 10:43:23,25.33.1,YNAB
fb555012-3ca3-4d49-8310-54243fdaee79,"BEST BUDGETING APP It took an hour of watching a YouTube video to understand it all, but once I learned how to use it Ive been loving it ever since!!! One of my daily stressors was about money. Since using YNAB a weight had been lifted and I havent looked back. The price of subscription is well worth it!",4,0,25.38.2,2025-12-29 10:10:08,Jewelz! 🤩 Thanks so much for this amazing review. It must feel INCREDIBLE to never have to stress about money again. 🙌 We're so glad the YNAB app and videos helped you get there! 🎉 -Blair@YNAB,2025-12-30 11:00:04,25.38.2,YNAB
c97c2914-9e00-4bea-84f1-a61289806c1e,Expensive and buggy.,1,4,25.38.2,2025-12-26 18:29:13,"Thanks for your review, Ryan! We would love the opportunity to look more closely into any buggy behavior you're running into. If you're up for that, send us a message in-app or at help@ynab.com anytime. - Caity @ YNAB",2025-02-15 10:19:48,25.38.2,YNAB
4bf8daf3-5143-4956-b88d-0abe8b5f703b,"great app, even if it's a bit expensive",5,1,25.38.2,2025-12-25 17:45:13,"Hi Thomas! We're glad that you find YNAB great! 🤩 The subscription cost helps us keep the app running smoothly, make updates, and provide top tier support to YNABers. Thanks so much for subscribing! 😊 -Blair@YNAB",2025-12-28 10:32:58,25.38.2,YNAB
12d3d99b-9753-4332-ac0d-c5e8e8a0d47e,Covers all the budgeting needs :),5,0,25.38.2,2025-12-22 01:17:28,"🙌 Amazing, Ivan! 🤩 Happy YNABing! -Blair@YNAB",2025-12-27 06:01:56,25.38.2,YNAB
e3543979-dafb-4cff-9093-821a42acc122,"I found ynab in 2018 and whenever I've had a financial goal, I turn to YNAB. and I succeed. I fell off and managed to drown myself in CC debt. Turned to YNAB and this time realized IVE BEEN DOING IT ALL WRONG. I've been using it as a tracker, and that's been great. What it REALLY is tho ?? a PLANNER. I locked in, really started trying to get 'a month ahead"", and have NEVER felt more financially secure and optimistic! ""tHeInTeRfAcEIsBlOatEd"" 🙄 Wanna change ur life?? DOWNLOAD AND MASTER THIS APP!",5,2,25.38.2,2025-12-22 00:03:12,"I love your review, M Dot! It reminds me of my own history of getting started with YNAB and later experiencing that shift from tracking to planning. It really is mind-blowing. I'm thrilled that you're feeling financially secure and optimistic. 🤩 If you ever need anything, the Support team's got your back. Reach out any time! -Blair@YNAB",2025-12-27 06:00:56,25.38.2,YNAB
fe224e90-6d1c-4374-b2b0-8214a146acb6,I use YNAB to decide where my money goes instead of wondering where it went. Highly recommended.,5,1,25.38.2,2025-12-21 19:30:54,"Fantastic review, Nate! 🎯 Thanks for sharing your experience with others. Happy YNABing! -Blair@YNAB",2025-12-27 05:55:17,25.38.2,YNAB
27eb9f84-5ed3-46b7-8451-37a353cee0c4,"Amazing app. Easy to use and strangely addictive! YNAB has helped me save loads of money and reduce stress around spending. It has helped me plan for future expenses, reduce food waste, spend less on clothes and actually enjoy things more when I do choose to treat myself. I now don't have any debt and have all next month's bills, etc covered already even before my end of month pay comes in. Well worth the annual fee. Saved that many times over.Thanks YNAB!",5,5,25.38.2,2025-12-21 05:03:30,"Wow, Alison, it sounds like you're killing it! We absolutely love how awesome you're doing — thanks so much for sharing your experience! ❤️ -Renae @YNAB.com",2025-12-21 12:18:13,25.38.2,YNAB
a96f9754-8e56-42d5-a233-d7f8190a52ae,no Aus bank sync functions,3,2,25.38.2,2025-12-20 19:37:06,"You're right — there are no AUS direct import, but we do have other transaction entry methods available for you! Reach out to our Support team (help@ynab.com) for more info! 😊 -Renae @YouNeedABudget.com",2025-12-21 11:53:37,25.38.2,YNAB
5b076bf4-2486-44c7-b130-cacb0d13c33e,"Excellent budgeting app, but I’m giving a low rating because canceling a paid subscription requires logging into a desktop web interface. No in-app or mobile cancellation. This is intentional friction, and I strongly object to that practice. Update: based on the response from YNAB (ie you can cancel from mobile) I'm updating my rating slightly. I think the problem is when using a URL on mobile it automatically opens the app. I couldn't get to the website at all while the app was installed.",3,2,25.3.3,2025-12-19 13:14:48,"So glad to hear you've enjoyed using YNAB, Owen! I get where you're coming from about the in-app cancellation. While some options aren't available in the app's Account Settings, if you navigate to app.ynab.com/subscription/edit in your browser, you should be able to cancel from any mobile device! - Caity @ YNAB",2025-12-19 11:07:12,25.3.3,YNAB
e2f18f17-22dd-4f35-a64c-770f67719cef,"This is a good app... for the right person. Its works if you need a manual, proactive way to plan out your budget. The bank account import gets unsynced so you have to manually resync every couple weeks. Also multiple bank accounts and revenue streams confuse the app. You have to manually approve every expense which is time consuming. Overall some good features but you have to really dedicate yourself to this app to make it worth the price and time consuming nature.",2,3,25.27.1,2025-12-18 08:24:55,"Thanks for sharing your perspective here, Sawyer! YNAB does take a bit more of a hands-on and proactive approach, and we appreciate you highlighting some of the strengths and tradeoffs of that. If you'd like to chat more about workflows or have us take a closer look at your bank connections, reach out to help@ynab.com anytime! - Caity @ YNAB",2025-12-18 10:52:08,25.27.1,YNAB
6e6b04ac-cf77-43fc-956a-a34c03801bdf,I love YNAB. It let's me control my money instead of money controlling me.,5,0,25.38.2,2025-12-17 14:13:36,"Denise, this is such a fantastic review! I love that using YNAB has helped you to be confident and in control of your money. It's such an empowering feeling, and we really appreciate you taking the time to share! - Caity @ YNAB",2025-12-17 15:56:00,25.38.2,YNAB
0f7ea421-b344-4327-9d8b-63d0f2f3c543,I truly couldn't live without YNAB!!,5,0,25.38.2,2025-12-17 07:02:40,"Aww, thanks, Pamela! We're so happy you're with us! 🥰 -Renae @YNAB.com",2025-12-17 07:19:41,25.38.2,YNAB
48519bda-c307-47f8-8687-146445c542e9,I had ynab for a good 3 or so years. it was good until the high costs didnt justify it anymore. the updates they made were pointless in my view . I tried to request a refund in the second month of my annual subscription. google play store denied my refund because it was outside their 48 hr window. I reached out to ynab and they didnt offer prorated refund either. very disappointing to say the least and will not be using ynab in the future.,1,7,25.38.2,2025-12-15 14:56:14,"I hear you, Lori! It's true subscriptions through the Play Store are handled by them entirely, so refunds are at Google's discretion. If you have any feedback about updates that would be truly useful to you, we'd love to hear it at help @ynab.com. Thanks for sticking with us for a good few years, and reach out anytime. ~ Lauren @ YNAB",2025-12-16 04:17:16,25.38.2,YNAB
56d18a99-7d33-4090-8516-ed0de9db9e19,I have been using the app since 2019 and it helped me turn my financial life around.,5,0,25.38.2,2025-12-15 05:05:47,,,25.38.2,YNAB
cf882ee9-82fa-4b1f-ba80-8e4a0e2afc39,love it!,5,0,25.38.2,2025-12-14 11:29:25,,,25.38.2,YNAB
0d3e8125-fd67-4fff-b9f0-4fc712968e7d,They should stop fooling around with the UI.,4,1,25.38.2,2025-12-13 08:49:15,"We appreciate the feedback, Elizabeth! If you've got anything specific to share, we'd love to hear it! You can reach us at help@ynab.com 😊 -Renae @YNAB.com",2025-12-14 06:23:25,25.38.2,YNAB
3e54b1d8-6357-4d7e-9a4a-ae33149e8d57,Best budgeting tool ever.,5,0,25.38.2,2025-12-13 08:44:20,"Thanks, Aaron! YOU'RE the best ever! 🥰 -Renae @YNAB.com",2025-12-14 06:07:26,25.38.2,YNAB
430ee92f-84e5-4a39-a1ca-d33d64edc51b,"I'm on the free trial and this app is kind of weird. I set a yearly budget for a few items and now it's saying I need to allocate that all in 2 months because it's at the end of the calendar month now? Not prorated at all. Very weird. I also don't understand how it's supposed to work. Do I only assign money that has been spent? Hopefully it gets better once I figure it out, but there is a definite learning curve and no real instructions.",3,7,25.38.2,2025-12-13 07:16:07,Our Ultimate get started guide can help answer a ton of questions for you! https://www.ynab.com/guide/the-ultimate-get-started-guide We've also got free live workshops and our Support team (help@ynab.com) to help with any questions. 😊 -Renae @YNAB.com,2025-12-14 05:41:53,25.38.2,YNAB
1d71eb3b-30c6-46cd-b1b3-9d8c00ab7b3e,"Muy caro, por mucho que ofrezca no pagaría tanto.",1,0,,2025-12-12 15:38:35,"Thanks for giving YNAB a try, Victor! If there's ever anything we can do to help, just let us know! You can reach us any time at help@ynab.com -Renae @YNAB.com",2025-12-14 04:49:04,,YNAB
e8ad07d5-f51a-40ba-819d-b804f0ca5908,The app is very unintuitve.,2,3,25.38.2,2025-12-11 15:51:18,"Hi Termal! We really appreciate you sharing this feedback, and would love to know more about what's feeling unintuitive. If you're up for it, reach out to our team in-app or at help@ynab.com so we can learn more and work through any questions that might come up! - Caity @ YNAB",2025-12-11 16:35:17,25.38.2,YNAB
14df5036-b523-42d5-a681-7f257bb8bca4,"Probably the best budgeting app out there. YNAB turns the typical idea of strict budgeting on its head, making it more flexible, fun, and giving you a clear picture of your financial situation. It’s a bit costly here in India, but it’s still incredible nonetheless.",5,1,25.38.2,2025-12-10 07:38:34,"Incredible review, Rupam! Thanks so much for sharing the YNAB love. 🫶🏻 We appreciate you! -Blair@YNAB",2025-12-10 08:50:56,25.38.2,YNAB
e9e75124-576e-447a-96ec-10faa34384ea,"Not that great. I assign amounts to everything and it says I have overspent on my bills. doesn't make much sense. if I can figure out how it works and get it to balance out, I'll change my rating.",2,2,25.37.2,2025-12-09 06:35:15,"Thanks, Mallory! If you're feeling confused, our Support Team (help@ynab.com) is a great place to turn to — they'll be happy to answer any questions you've got and help you get to a place where you're feeling confident with your plan. 😊 -Renae @YNAB.com",2025-12-09 07:45:03,25.37.2,YNAB
7dbe51d9-7941-453f-bbd9-0d87faf0bb42,"We have been using YNAB for more than 5 years and are really happy with it. It has helped us keep our finances in order so we can live without stressing out about money. Just set a reasonable budget, give every dollar a job, roll with the punches, and reconcile your accounts weekly. Game changer!",5,0,25.37.2,2025-12-08 18:43:29,"It sounds like you've doing an excellent job of working with YNAB, Raymond! Fantastic job! 🙌 -Renae @YNAB.com",2025-12-09 07:21:57,25.37.2,YNAB
eed54665-ec65-4bf8-b7b7-d829a4fcd01e,"Was a great app and service. The recent UI change has been a big downgrade, especially the Home tab, which presents unnecessary information and a distracting badge. There is no way to turn this off, so it's yet another thing we need to learn to ignore while using our devices. I'd love to be able to customize the tab bar, and would turn off Home and Spending. I'd also turn off all badges, if that were a setting. Update: Moving to Tiller and Excel in 2026.",2,14,25.37.2,2025-12-08 11:52:07,"We appreciate you writing in with your thoughts, Grant! We're continuing to refine the new Home tab, so I hope you'll keep an eye on our What's New page! (https://www.ynab.com/whats-new) 😊 -Renae @YNAB.com",2025-11-03 07:51:06,25.37.2,YNAB
b63cdf14-5c33-4899-8034-84425b08114d,A budget system that covers the mind and the wallet!,5,0,25.37.2,2025-12-08 04:40:41,"You get it, TW! 🙌 Thanks for sharing! -Renae @YNAB.com",2025-12-08 13:14:17,25.37.2,YNAB
754d62d8-a74b-49f7-8e73-3c3eead720cc,very confusing to use,3,2,25.37.2,2025-12-07 18:26:32,"I appreciate your review, Matthew! Have you tried reaching out to our Support team? I know they'd love to help sort out any pieces that feel overwhelming or confusing! 😊 -Renae @YNAB.com",2025-12-08 12:38:12,25.37.2,YNAB
bb432cdb-f37b-463e-b49f-842d3b4c8dd7,Too expensive,1,3,,2025-12-05 13:55:52,Thanks for giving YNAB a try! -Renae @YNAB.com,2025-12-07 07:24:13,,YNAB
8122b884-2618-4092-b2c6-7f59da4e65be,Great app! Would be great if loan accounts could be reconciled through the app like the other accounts though.,5,10,25.37.2,2025-12-04 05:44:10,"Thanks for the review! You actually can confirm or change a loan amount from the mobile app, if needed. Just tap on the the pencil icon in the upper right corner from the account page. Then tap on the balance to change it. 😊 Reach out to our Support team (help@ynab.com) if you've got more questions! -Renae @YNAB.com",2025-12-04 10:12:36,25.37.2,YNAB
0af1a0c2-93b3-4d2b-92d9-4f2e34347f71,easy signup looking forward to try it for 30days hope it helps with 2026.budget,4,0,25.36.0,2025-12-03 20:22:23,"Thanks for the shoutout, Sharron! We appreciate it! 😊-Renae @YNAB.com",2025-12-04 09:59:31,25.36.0,YNAB
29ef877d-46b0-4898-a4f7-e51cf82c9012,I never got my daily finances on track until I found YNAB. This is a game changer.,5,0,25.36.0,2025-12-02 06:17:47,"Love to hear this, Nikki! YNAB was the key to helping me finally take control, too, and we're so glad you found us. Thanks for the review & for taking the time to share! - Caity @ YNAB",2025-12-03 13:16:01,25.36.0,YNAB
703c6165-d7d8-4d2a-a47e-6cb53c2d199c,"**Edit: I canceled my subscription after yet another price increase without any added value or new features . YNAB is too expensive. Actual Budget is open source and offers similar features for free or low cost, with a great community.**",2,13,24.18.3,2025-12-02 04:44:16,"Thanks for using YNAB for as long as you did, John! We know every dollar counts. Feel free to check back in anytime (I recommend ynab.com/whats-new). ~ Lauren @ YNAB",2025-01-05 20:34:29,24.18.3,YNAB
9de8564d-55d6-4b62-8418-319cba91de24,Frustrating but useful,4,0,25.36.0,2025-12-01 11:52:19,"Hi Mary! 👋 Appreciate your review, and it's great that you find YNAB useful. We'd love to work with you to reduce any frustrations. Reach out to Support in the app—we'll be standing by to help! -Blair@YNAB",2025-12-02 07:09:35,25.36.0,YNAB
a9fdcd72-5b1e-4bb9-8c32-70ff9ce942e0,I love this app. It is an intuitive and simple way for people to start taking control of their finances. It even has a feature for households to subscribe together for one license fee.,5,0,25.36.0,2025-11-30 19:01:54,"Thanks for sharing the love, Matthew! We appreciate you! 🙌 -Renae @YNAB.com",2025-12-01 10:14:55,25.36.0,YNAB
30a3616a-1d3d-4828-8924-53d3922acf57,"Difficult to cancel subscription. Im not sure where I started the subscription, but the app keeps leading me to Google play, yet none of my accounts are showing that I paid through there. I tried figuring it out through the app and chat bot, nothing. I've been charged for months. cant get a hold of a real person. sucks because I used to like this app, I just dont use it anymore.",1,4,,2025-11-30 18:51:42,"Reach out to our Support team — they'll be happy to help, even if it's to help you cancel. If you're having a difficult time with the chat function, you can reach us via email at help@ynab.com and we'll be happy to get you sorted out! 😊 -Renae @YNAB.com",2025-12-01 10:03:16,,YNAB
5895cc7e-f7b9-409f-997f-ca429d767765,good service,5,0,,2025-11-30 15:16:05,"Thanks, Jabulani! 😊 -Renae @YNAB.com",2025-12-01 08:52:11,,YNAB
4af89ebd-de42-4d22-8bfe-b0a7d813a4c2,This app has made keeping track of my finances an absolute breeze! The stress it has saved me is absolutely worth the price.,5,0,25.36.0,2025-11-27 20:42:20,"Hey Richard, so glad you're finding value in your YNAB subscription. 🤩 We love to hear it! If you ever need anything, give us a shout—our Support team will be standing by to help! -Blair@YNAB",2025-12-02 07:29:41,25.36.0,YNAB
77c5aa92-4e7f-4749-8157-af6e81ffe9b8,I've been using YNAB for years (maybe 2009?). I use it almost every day to keep track of expenses and budget for the next month. Get it if you need help managing your money!,5,0,25.36.0,2025-11-27 10:06:59,"It's so wonderful to know that YNAB is still a part of your (almost) daily routine after all this time, Stacia! It means a lot to us, and we wish you many more happy years of YNABing ahead. 😊 - Caity @ YNAB",2025-11-27 17:13:54,25.36.0,YNAB
f53841ae-2f39-46c1-8316-f50e724f2c42,"This app has gone from great, down towards frustrating and near unusability. It was once snappy but now is regularly so laggy that when you think you are adding or subtracting amounts you are actually resetting them. You'll have to do many operations twice, doubling time spent on your budget. The bottom controls are so near the mobile phone home/back buttons that you will kick yourself out of the app over and over. If you have the calculator open at the time it will be stuck on the home page.",2,2,25.36.0,2025-11-27 09:49:38,"Hi Brian! Thank you for sharing—I hate to hear that you're running into so many things that are making YNAB more difficult to use. Would you be up for sending our support team a message so we can do some investigating? If so, please reach out in-app or at help@ynab.com and we'll see if there are some troubleshooting options! - Caity @ YNAB",2025-11-27 17:07:40,25.36.0,YNAB
4477f5d9-e78b-4b0b-957d-e538f9d673fb,ugh.....all those stupid questions at the beginning......I just closed the app and uninstalled. at least give me the option to skip it.,2,2,25.36.0,2025-11-26 07:01:27,"Hi Billy! Thank you for giving YNAB a try and sharing this feedback. The questions are designed to introduce what YNAB is all about and make sure that your spending plan is tailored to you and your priorities, but I get wanting to jump right in and explore for yourself. I've shared that request with our product team! - Caity @ YNAB",2025-11-26 09:47:31,25.36.0,YNAB
304f357a-1fca-4abb-a69d-d87274b5ae61,"I strongly dislike the new UI design, among other recent changes. I've been a user for many years and this used to be a five-star app for me. The new UI and steps that have been added over time make the user experience feel more bloated and adds extra steps for no reason. And several parts of the UI are redundant now. I want an option to switch back to before the UI design. I'm actively looking for a new budget app because although I have tried to like this I can't get behind these new changes.",3,3,25.36.0,2025-11-26 06:24:08,"Thank you for sharing, Brandon! When changes add friction, we want to hear about it. While we don't have plans for an option to switch back, our team is here at help@ynab.com if you'd like to share more about what isn't working. We also understand if it's time to move on, and deeply appreciate you being a YNABer all these years! - Caity @ YNAB",2025-11-26 12:47:44,25.36.0,YNAB
ac38dabf-27c9-4e72-b53e-bb09a2fe4b37,the best budgeting tool out there,5,0,25.35.0,2025-11-25 15:38:37,,,25.35.0,YNAB
5f505e07-e814-4a45-bae8-dca4515792d1,"They are burying their cancellation options outside of the application to make cancelling as painful as possible. What's more if you've configured their links to open in the app you cannot find the cancellation options EVER. There's no reason to set something up like this except to try to confuse users and make cancelling as hard as humanly possible. This treatment only applies if you subscribe with them directly, because external subscription management services like Googles won't let them.",1,2,,2025-11-22 09:20:35,"We don’t want you paying for something you’re not using, Aaron. Cancel where you signed up (e.g., Google → cancel in Google). If you've got questions, our Support team can help: help@ynab.com. 😊 —Renae @YNAB.com",2025-11-23 06:52:36,,YNAB
4795980f-c4e6-4178-b259-b5e1f7f6b1cf,"Love this app! It became our constant companion and guide to slowly fixed our finances, & mindset about money - where it'll go and how it'll be spent. If you're looking for a path to fix your finances, & deal with that stress, try this app, learn a little each day, give it time, & soon you'll realize, how far you've gone from where you started. Added benefit: peace of mind.",5,4,25.35.0,2025-11-22 06:33:30,"We appreciate you, Esmer! -Renae @YNAB.com",2025-11-23 06:24:36,25.35.0,YNAB
0a53d674-61bd-43b6-ad8e-8c3805f4a47e,I m trying to save money using the app and then itself need money to teach me save money hh w t f,1,2,,2025-11-21 14:32:33,"I totally get where you're coming from, Ali! While most YNABers end up saving much more than the subscription cost, it can feel counterintuitive. We have tons of free resources that can still help even if you won't be using the app—I hope you'll check them out, and you can always reach out at help@ynab.com if you have questions! - Caity @ YNAB",2025-11-22 17:02:02,,YNAB
374a9177-6c5e-4858-9183-01e55cd44f66,good but to expensive,4,0,25.35.0,2025-11-21 05:11:33,,,25.35.0,YNAB
807d7645-1b21-4572-a031-694fe398301c,"I loved YNAB but with the addition of Home it's significantly worse to use. Home is genuinely maddening to deal with, and offers nothing that wasn't easier with the Plan pg. YNAB was a simple budgeting app that would auto import my transactions but within the last 6 mos it has ceased to successfully auto import transactions (disconnects from my bank every 3-6 wks) and be simple (adding unnecessary bloat) so when my year is up I'm moving to something different that will actually do what I want",1,12,25.35.0,2025-11-20 08:25:15,"Thank you for sharing this, Hannah. We’re always trying to balance improving with maintaining simplicity for new and long-time YNABers alike, and it's helpful to hear your experience. While we don’t plan to take away the Home tab, we’d love to try to smooth things out with your auto imports! Reach out to us anytime at help@ynab.com. - Caity @ YNAB",2025-11-22 16:39:03,25.35.0,YNAB
5fb54aad-85d5-428f-b3aa-f7b067f90100,"This digital envelope system is one of the best personal budgeting methods out there. It's a modernized approach on a time tested practice and my only regret is that I didn't start using it sooner. As a financial advisor, I recommend it to many of my clients struggling with cash flow and knowing where their money is going.",5,0,25.34.0,2025-11-18 08:59:29,"Thanks so much for recommending YNAB here and with your clients, Zovon! ~ Lauren @ YNAB",2025-11-18 20:37:47,25.34.0,YNAB
241538c1-318e-4c90-aeb8-032af19b5cd3,"7 Years In I can't believe how much this app has become part of my financial life. I love using it and when I think it couldn't get any better, they push an update that makes me happy to pay the annual fee. I've saved that much and more thanks to the money awareness this app has brought me. Push through the steep learning curve, friends! It's the kind of software that you'll learn incrementally, and when you've mastered one part, you'll discover another that helps you with your next $ goal.",5,24,25.34.0,2025-11-15 21:58:58,"Thanks for sharing, Ebony! Here's to another 7 years of joy and spendfulness. 🥂 And please know we're always here to help. ~ Lauren @ YNAB",2025-11-16 19:02:46,25.34.0,YNAB
cccf4599-8ef0-4254-a251-d05287706616,"I highly praise YNAB app in making great spending plan and accounting tool. i have two suggestions for developers 1. easy suggestion. on mobile app choosing to show spending in group or category is helpful. 2. long shot. once people master the spending, it would be great to explore income management part. the income can always be in separate savings or folder, so still keep the powerful zero basis spending tracker in tact. if developers can contact me, i can give my idea in greater details.",5,1,25.34.0,2025-11-14 20:38:09,"Oooh, these sound like great ideas, Khashkhuu! I'd love it if you'd reach out to our Support team with these ideas! 💚 -Renae @YNAB.com",2025-11-16 14:08:54,25.34.0,YNAB
be3e8f7c-07f0-41bf-b368-2382d4362cbe,"I don't understand the popularity of this service. YNAB straight up does not work correctly. It fabricates transactions out of thin air and misses other transactions, even though it claims my accounts are linked and syncing properly. It can't correctly do basic arithmetic. It doesn't give an accurate snapshot of my account balances. The issues persist in the web browser and in this app.",1,1,25.34.0,2025-11-14 18:54:23,"Thanks for the review, Tom! If you've run into any trouble at all, our Support team can help! Reach out at help@ynab.com and they'll be happy to chat about this with you and help get things back on track! 😊 -Renae @YNAB.com",2025-11-16 14:07:44,25.34.0,YNAB
bbbd236b-4e84-4cde-9dde-5fd23ac525e7,totally worth the money,5,0,25.34.0,2025-11-14 09:37:51,"Thanks, Jonas! We appreciate you sharing about YNAB! 💚 -Renae @YNAB.com",2025-11-16 13:27:36,25.34.0,YNAB
9cdefb90-c9cd-477b-9889-108a9bdd958a,"Not liking the new UI. It's growing on me but I still don't like the home page. Yay, record payment is back under plan. I'm still wanting a search order. Is it difficult to have the letter I am searching for to appear at the top, not in the middle of the search?",3,9,25.34.0,2025-11-14 08:57:07,"Thanks for this update, Juan Carlos! We appreciate hearing how the changes feel after a couple of months. While I can’t speak to all the design complexities, we’d love to better understand what you need from the mobile search order so we can share it with the team. If you're up for that, reach out to help@ynab.com anytime! – Caity @ YNAB",2025-11-14 16:23:35,25.34.0,YNAB
a640904e-5b04-40fb-a433-7a88c8bdba95,"YNAB has served me very well. Was initially put off by the price of it, but it's more than paid itself off in what I've saved since getting it. A little bit of a learning curve for me, but once it got it, it's been excellent",5,1,25.34.0,2025-11-12 18:55:09,,,25.34.0,YNAB
95480d32-a6a9-43ac-a0f4-f09aed20bcc0,"Absolutely fantastic app/service, changes how I think about spending money.",5,0,25.33.1,2025-11-11 21:13:00,"You made my day with this review, Cole! Thanks for being a YNABer! -Renae @YNAB.com",2025-11-12 09:49:17,25.33.1,YNAB
310535e7-aeed-4e8e-8a82-72892d204269,"This app keeps deteriorating. Gradient background makes categories nearly impossible to read as it distracts the eyes (esp. bad in dark mode). New home screen is SLOW to load. Probably should call it YNAP now, since there is a ""plan"", not a budget. Fluffy, over-simplified, unclear terminology. This product has been on a downhill slide over the past year or two. I have loved this app, I've promoted it, and my financial life has benefited, but it's losing its charm. And its intuitive UI.",3,14,25.31.0,2025-11-11 12:33:30,"I hear how these changes have felt disruptive, Leona, especially since YNAB has benefited you so much in the past. We appreciate the honesty—it’s clear that this update has impacted your experience, and I've made sure to share your feedback about the gradient background. We’re always here at help@ynab.com if you have more to add! - Caity @ YNAB",2025-09-19 09:53:47,25.31.0,YNAB
4a9a20b0-8e75-4cc5-bd03-39debce2cd82,My bank will not stay linked so I constantly have to manually enter in transactions which takes forever and it won't log any of my data so trying to get insights from your spending over a top period of time is impossible.,2,0,25.33.1,2025-11-11 08:19:47,"Hey Eric, I'm really glad you shared your experience. Our direct import team would love to help with your bank connection—I'm hopeful there's something they can do to improve things for you. Reach out in the app and we'll troubleshoot together! -Blair@YNAB",2025-11-12 11:25:34,25.33.1,YNAB
0c123c84-b4b4-4f48-aace-5e0dfe5709a8,Made my financial world easier!,5,0,25.33.1,2025-11-10 20:13:06,"We love to hear it, Bruce! 🙌 Thanks so much for the shout out. Happy YNABing! -Blair@YNAB",2025-11-12 11:23:50,25.33.1,YNAB
68e589fc-6958-4904-b04d-cd0f7c1c4572,YNAB has really helped me to be realistic about my spending and I cannot say enough about how helpful it is.,5,0,25.32.0,2025-11-07 07:57:50,"Being realistic about your spending is a HUGE step in the right direction — awesome work, Margaret! ❤️ -Renae @YNAB.com",2025-11-09 07:04:02,25.32.0,YNAB
c6b5dcf8-7de3-4920-9ceb-b67027e401c3,This app is a pretty cool idea but it isn't able to connect to my bank account. And beware if you start using the free trial and don't want it it's a pain to cancel the subscription.,2,0,25.32.0,2025-11-07 02:39:30,"Hi Jonathan! Have you reached out to our support team about connecting your bank? They'd love to help! Reach out at help@ynab.com. As for canceling your subscription, you actually cancel the way you start — either via Apple, Google, or directly through YNAB. 😊 -Renae @YNAB.com",2025-11-09 06:32:35,25.32.0,YNAB
f9fbafa1-ea02-49e6-8481-9262d847e67e,new UI is confusing and annoying to deal with. I really hate the change.,1,2,25.33.1,2025-11-05 22:26:17,"Change can be so hard — I totally get it! If you've got any questions about how you can best make this work for you, our Support team would love to help! Reach out at help@ynab.com and we'll be happy to all we can to help. 😊 -Renae @YNAB.com",2025-11-06 05:45:23,25.33.1,YNAB
46c33de6-775b-4d54-9b6d-29824399a95e,the best budgeting app!,5,0,25.33.1,2025-11-05 18:44:40,"Woooo! Thanks, Lindsey! ❤️ -Renae @YNAB.com",2025-11-06 05:44:09,25.33.1,YNAB
fae9a541-556f-4701-8f18-0d5e7a1561f9,We have learned so much about our spending with YNAB and have actually been able to start saving even though we haven't really changed the way we spend. it's all in the knowing.. We love this and have recommended this to our family & friends.,5,0,25.32.0,2025-11-05 08:35:10,It's all in the knowing — what a powerful statement! ❤️ -Renae @YNAB.com,2025-11-05 13:14:39,25.32.0,YNAB
13938456-68eb-453e-826f-61dc6b5995b0,If you buy in and do it it will change your financial output on things. Just do it,5,0,25.32.0,2025-11-05 04:14:18,"YES! Just do it — and if you need an extra hand along the way, reach out and we'll be happy to help! 😊 -Renae @YNAB.com",2025-11-05 11:25:28,25.32.0,YNAB
f8860593-3cd8-4488-9299-9ee7b3a3915f,"This app is as goofy as the others, randomly allocates payments into things they don't belong in, the trackers don't track, and like all the other budgeting apps, they charge an astronomical price for mediocre service at best. So many budgeting apps out there, and they all fail beautifully, because apparently it's impossible to make a decent product that works, let alone one that people want to use. After trying every available avenue, the classic pencil and paper method is still the best road",1,5,,2025-11-04 13:01:13,"Hey Zach! If you're up for it, we'd love to work with you on those issues you ran into while using YNAB. Your experience is not typical!",2025-11-05 06:13:31,,YNAB
a62cecce-dff2-4a3e-a59a-e93f6af279e0,"I've been using YNAB since late 2017, and it absolutely changed my life. I had always struggled w/ organizing my finances, and I tried apps like Mint, but I always ended up out in the weeds with them. YNAB's simple envelope approach is straight forward & easy. I mainly use the web app, but the phone app is great and keeps improving. As well, their blog and video library is extensive, and there's tons of support. YNAB is a priority subscription for me.",5,23,25.32.0,2025-11-03 04:18:57,"❤️ I love this so much, Heather! Thanks for sharing your experience! -Renae @YNAB.com",2025-11-04 09:10:45,25.32.0,YNAB
14032971-3f70-4834-93e8-07d11b4b797f,"The updates to the UI are really lousy. The phone app no longer allows you to search for a transaction across accounts, and it now shows very few transactions per page so you can't see much at a glance, lots of paging. I'm off-grid with no wifi. I used to count on this app, from 2017. I'm looking for other options now.",1,2,25.32.0,2025-11-02 20:25:01,"If you'd like to search for a transaction across accounts, you can do that by tapping on the Spending Tab. From there, tap on the magnifying glass and type in your search criteria. 😊 If you've got anything else our Support team can help with, reach out at help@ynab.com -Renae @YNAB.com",2025-11-04 07:58:52,25.32.0,YNAB
9e50a1e1-d2df-4408-9540-7a13392821b6,YNAB streamlines and simplifies what I've been trying to do with a spreadsheet for months. I went with the annual fee and it is absolutely worth the $9 per month because it's saved me hundreds each month. i went from living pay check to pay check to now having a 2k buffer in my bank account at the end of the month after just 2.5 months with the app. Im way less stressed and much more balanced with my money. Thank you ynab!!,5,31,25.32.0,2025-11-02 19:55:52,"Well done, Ray! It sounds like you're working the program — and absolutely killing it! 🤘 -Renae @YNAB.com",2025-11-03 10:54:38,25.32.0,YNAB
782697db-c28d-4807-aff9-30910235d853,has helped us greatly organize our finances.,5,0,,2025-11-02 06:28:28,,,,YNAB
582ef753-7d0c-4324-aed6-a9d57cc9ff0b,"Feel free to check my edit history of my review... I went from ""there's no way"" to ""they have great support"" to now. After using it for over a couple years now, I don't think I could live without it. There are still things I don't like, mostly when there are new changes- because I don't like change- but I know that it works and I know that I'm saving money and I know that the money I'm saving is more than the money the app costs.",4,17,25.32.0,2025-11-01 20:54:15,"Aww, yay! Thanks for the update, Jess! I love that you're loving YNAB and seeing the value in it — and we're always here for you when those changes feel hard. ❤️ -Renae @YNAB.com",2025-11-04 07:56:02,25.32.0,YNAB
fe24af19-615b-4db5-b3f2-a17064747143,Doesn't work majority of the time.,1,0,25.27.1,2025-11-01 16:26:04,"Hi Crissy, we'd love to help with anything not working as expected! Please reach out via the app or help @ynab.com. ~ Lauren @ YNAB",2025-11-03 20:35:51,25.27.1,YNAB
3f6dfa41-bf5a-496d-9108-253c942b0176,Fantastic budgeting system that works with you. The consistency and peace of mind YNAB let's you have is beyond measure.,5,0,25.32.0,2025-11-01 10:38:45,,,25.32.0,YNAB
9de2ab55-2374-42d4-b3e4-d7073c0097a7,great app to budget with,5,0,25.32.0,2025-10-31 06:01:42,"Thanks, Brandon! 💙 -Renae @YNAB.com",2025-11-02 04:54:48,25.32.0,YNAB
183058fe-e1e6-416f-8cbc-d9d42ce56858,Truly the best budgeting app out there.,5,0,25.32.0,2025-10-31 03:45:16,"We're blushing, Derek! 😊 We happen to agree with you 😉 and REALLY appreciate the shout out. Happy YNABing! -Blair@YNAB",2025-10-31 13:46:20,25.32.0,YNAB
7cb2001b-7423-4402-ad0a-bed7cabc0406,Excellent.,5,0,25.32.0,2025-10-31 03:39:05,"Your review is short, sweet, and oh-so-accurate, Kassieann. 🌻 Thanks for sharing the love! -Blair@YNAB",2025-10-31 13:49:30,25.32.0,YNAB
54dfa7ce-1480-4f2b-9467-e7b2ad8f4d07,"The new update which adds a home landing page has created more bloat on the app. It is unnecessary as it creates yet another step to add or review purchases. Yes, it's only one extra click to go straight to your plan page, but it shouldn't be an extra click. Also, if you add pinned categories in the home page they will duplicate when you are selecting a category. So it will be pinned categories and then the regular non pinned. If you're going to do a home page, let me choose what I want to put.",1,18,25.32.0,2025-10-30 03:16:01,"Hey Aldo, happy to pass along your suggestion of making the home page more customizable. As long as you keep the app running in the background and not force-closing, you should land on the last-used tab (such as plan) when you open it. If you're seeing something different, give us a shout and we'll investigate why! -Blair@YNAB",2025-10-30 08:57:21,25.32.0,YNAB
893baee3-5aa7-4f8a-b28e-819cc998b954,changed the way I manage my finances,5,0,25.31.0,2025-10-29 17:36:30,"Stephen, we're thrilled that YNAB's made such an impact! 💥 Thanks for reviewing, and please reach out if you ever need anything. 😊 -Blair@YNAB",2025-10-30 08:46:10,25.31.0,YNAB
e7f587cf-9c52-487b-b49c-6aa98f7bf30b,"Literally life changing. Students get their first year free but even paid it's absolutely worth it. Cannot recommend it enough. 8/2025 update: Still absolutely life changing, I went from $1200 in debt living paycheck to paycheck to 3-4 months ahead on bills, and I'm a college student working 24 hours a week. The app is great, beautiful UI and bugs are fixed quickly, but the method you learn with continued support is what really makes it worth it.",5,0,25.31.0,2025-10-29 15:15:23,"Wow, thanks so much for your review, Jarett! I love hearing how successful you've been and you're right — the YNAB Method is where it's at! 🙌 -Renae @YNAB.com",2025-08-24 14:45:23,25.31.0,YNAB
3a059d32-dff4-4127-a3ec-0d475e669548,Good app. Works well. You'll have more money if you use it.,5,0,25.31.0,2025-10-29 08:08:23,,,25.31.0,YNAB
7d84bcdb-e9c6-45e8-8c10-d390be00ab63,"If you're willing to learn zero based budgeting, so worth it. Game changer once you figure it out",5,0,25.31.0,2025-10-29 05:26:00,"Thanks for sharing this encouragement, Michael! 100% agree. Giving every dollar a job is simple as a concept, but life-changing in practice. ~ Lauren @ YNAB",2025-10-29 20:09:03,25.31.0,YNAB
8f66170c-536a-463b-96b0-74130d40190b,"Okay so I figured out the payee placement and everything so it comes out of my accounts right but after a month, it's just not for my family. I think this app is more for families who constantly use their card and we withdraw all our money each week and put it in envelopes for our designated bills/grocery budget. We hardly ever use our card and when we do we use our credit card so no one can steal our account and then pay it when we get home. It's just not what we need.",1,3,25.25.5,2025-10-27 08:11:01,"It sounds like you prefer the cash envelope method rather than digital, Chikanenomiko! Many YNABers set up a cash account to track similarly (see kst.mr/HJRGQAaAeg). If you have questions, you can always reach out to our Support team. Either way thanks for giving YNAB a try! ~ Lauren @ YNAB",2025-10-27 22:24:05,25.25.5,YNAB
5f1f55e4-9842-4656-85a2-b80292390a15,great team great app,5,0,,2025-10-26 02:36:20,,,,YNAB
6150ff3f-6602-492d-8edc-d757ff966869,"After sign up, I cant get past the opening introduction screenshots. I had to uninstall and cancel the trial. Ill have to go with another finance app.",1,0,,2025-10-25 10:16:04,"Thanks for giving YNAB a try, James! If you're up for it, our Support team would love to help you complete those onboarding steps! Reach out at help@ynab.com and we'll chat more! 😊 -Renae @YNAB.com",2025-10-26 13:01:09,,YNAB
e6efa242-fe4d-4c56-a214-ebfa91f4a462,Great app. Budget system works well and the app runs without difficulty.,5,0,25.31.0,2025-10-25 06:40:40,,,25.31.0,YNAB
e614e3f5-9788-41d7-a573-eabb7b16cdd0,"App is good, but the latest update puts an annoying transaction but as an overlay on plan and spending. Would be nice if it only existed in spending or there was a setting to turn off.",4,0,25.30.2,2025-10-24 16:09:36,"Hi Omari, appreciate hearing your perspective on this one! I've passed your thoughts along to the design team. We're glad you think the app is good overall. Happy YNABing! -Blair@YNAB",2025-10-25 14:29:44,25.30.2,YNAB
ebc0d677-ec33-43a4-bd55-b3c20b4fcab5,Extremely confusing to use. The syncing is not up to date and assigning money doesn't make sense if after a transaction it throws the category off once assigned. For some reason I had more money to assign after a couple of transactions. I don't think I need to watch a ton of tutorial videos just to use the app.,1,0,25.31.0,2025-10-24 14:05:49,"We appreciate you sharing here, Juan, and giving YNAB a try! What you described does sound confusing, and our team would love to help. Even when there's a syncing delay, we can still make sure that everything else functions as it should! If you're up for it, reach out to help@ynab.com or in-app and we'll work through it together. - Caity @ YNAB",2025-10-25 13:36:43,25.31.0,YNAB
806eb82e-da51-4a9e-99ef-6113277f09bc,I tried twice now to understand how to use this app fully and was hoping that it would let me synchronize my banking apps flawlessly. sadly that was not the case. this app has a huge learning curve and I feel my needs are really straight forward. this app will not keep a connection with your bank since it frequently asks to reverify the app account details. I really wanted to like this app but it's just hard to learn and use it properly.,1,0,25.31.0,2025-10-24 09:39:28,Hi Luna! Have you tried reaching out to our Support team (help@ynab.com)? I know our team would love to help with your connections and to answer any questions you've got about using the app! -Renae @YNAB.com,2025-10-26 06:29:04,25.31.0,YNAB
f10b35a3-def1-4ef1-8f97-91d8e6e44130,Thank you for putting back the check boxes to be able to approve multiple transactions at one time!,5,3,25.31.0,2025-10-24 09:34:28,"Woohoo, glad the most recent update is meeting your needs! 🙌 If you have any further thoughts about how to improve YNAB, reach out any time. We always appreciate hearing from you! -Blair@YNAB",2025-10-25 14:46:03,25.31.0,YNAB
b313fc4d-1717-4a1d-b721-0a4249e75622,"This app has been instrumental in helping us get a better understanding of our finances, save for vacation, and invest regularly.",5,0,25.31.0,2025-10-24 06:17:59,"Rivan, we're blushing! 😊 Love this enthusiastic review and love that YNAB's been key to your money peace. -Blair@YNAB",2025-10-25 14:43:09,25.31.0,YNAB
58e8fa09-1f82-4b34-aee0-63e805bd612a,"I honestly love using YNAB to track my expenses. For those that lack the excel expertise to make a budget sheet or for those that need something a bit more streamlined and convenient, YNAB is the app. I mostly use YNAB on Mobile since it's so easy to see your budget and add transactions on the fly. I do wish the mobile version had the same ""Report"" features as the desktop version, especially that pie chart. A guy can dream. UPDATE: Little late, BUT THEY ADDED IT!! Ugh, they truly listen! 10/10.",5,10,25.31.0,2025-10-23 20:21:02,"We aim to please, Raynard! 🌻 We're so glad you're loving the updates to reflections on mobile. Thanks so much for the accolades, and happy YNABing! 😊 -Blair@YNAB",2025-10-24 11:06:02,25.31.0,YNAB
1e833a71-2f5e-48fc-8055-0bf3715ce41d,A wonderful app that showed the importance of knowing how your money moves as well as building toward greater goals as a beguinner.,5,0,25.30.2,2025-10-23 10:39:30,"Having more clarity and insight to your spending really is a game changer! Thanks so much for sharing your experience so far, Christopher—it means a lot to us to have any part in helping to achieve your goals. 😊 - Caity @ YNAB",2025-10-24 15:26:46,25.30.2,YNAB
d2ccfba6-4fd5-44bf-a24b-7b7dd570aca7,Bought YNAB years ago but can no longer use the app unless I pay for a yearly subscription.,1,0,25.31.0,2025-10-23 08:52:58,"Thanks for being a long-time YNABer, Kevin! I know it can be disappointing that we don't support older versions, but I hope you'll check out our 34-day trial to see if you like the web-based version! If you sign up with the same email you'll receive a 10% lifetime discount, or reach out to help@ynab.com and we'll apply it for you. - Caity @ YNAB",2025-10-23 16:48:28,25.31.0,YNAB
7e17b533-7a4c-454b-aff6-ede10e54f4c0,"This software has completely changed my financial position in a year. This was actually my second time trying it. The first time it just didn't click for me. But this time it was different. I was committed to giving it an honest try, and I'm so glad I did. I went from living cheque to cheque, to having an emergency savings and being able to just make sense of the money coming and going. cannot recommend it enough.",5,0,25.30.2,2025-10-21 20:40:57,"Pamela, this is fantastic! YNAB didn't click the first try for me, either, but I'm so glad you gave it another shot and have experienced so many benefits over the past year. We're cheering you on and are so excited for what another year of YNABing will have in store for you! - Caity @ YNAB",2025-10-22 14:49:45,25.30.2,YNAB
86aef816-ff12-4cd3-80c8-37d7ab10ca7e,"I strongly dislike the new UI... super bloated. I just want to open the app and go straight to my budget... I mean plan. I now need to bounce between tabs. I don't want a ""social experience"" when I go into the app. I literally want to check my budget and go into the accounts. Even the spending account now is one giant flow of all my accounts which I will never use as I segregate my spending by account and that's just a confusing way to look at the data. -long time listener first time caller.",1,22,25.30.2,2025-10-21 12:36:32,"We heard from others that they prefer to go straight to their plan, too, so in a recent update we made it so you'll land on your last used tab as long as you don't force close or the app doesn't need to refresh. If you find you're still being brought back to the home tab, reach out to Support and we'll figure out why that's happening! -Blair@YNAB",2025-10-22 09:04:19,25.30.2,YNAB
94184db0-264e-4e96-a4ba-3c948f908a13,"Used the new design it for a month, and the new layout does not make sense, all it's done is add a bunch of new clicking I have to do to get to where I want to be. I have to click into accounts and on my account to re-connect it with the bank, then back out so if can click on home to click on my transactions to categorize them, and then click out to click on plan to actually do the budgeting. The Home tab is useles. That and a full list of transactions not being on the account tab is annoying.",2,20,25.30.2,2025-10-21 11:56:07,"Hi Stephen! Thanks for sharing how the latest design update has added more taps to your workflows. While we're bummed to hear that it hasn't felt more intuitive with some time, this is valuable feedback and I've made sure to share it all with our product team. If you have more to share, reach out in-app or at help@ynab.com anytime! - Caity @ YNAB",2025-10-22 15:24:36,25.30.2,YNAB
f54a89b1-5256-4254-9a1d-dd6c4392c87e,It's an envelope budget app with fewer features and worse customisation than the free options.,1,1,25.30.2,2025-10-20 21:04:33,"Hey Jordan, we're glad you gave YNAB a try! 🎉 If there's a free app you prefer to YNAB, no hard feelings—we want folks to experience money peace (we call it ✨spendfulness✨ ) whether they practice our method or not! -Blair@YNAB",2025-10-21 14:51:58,25.30.2,YNAB
01911a5b-00bb-4515-8fab-a9b2f6c28359,YNAB is an absolute revolution in budget management. I can't say enough. I recommend this to everyone I know who has money.,5,0,25.30.2,2025-10-20 14:51:30,"Thanks so much for spreading the word, Cam! 🙌 We’re thrilled YNAB’s been such a game-changer for you. 💚 Appreciate the love! –Blair@YNAB",2025-10-21 12:42:37,25.30.2,YNAB
1bc7d641-0a91-4014-8423-354f7e96f0ea,Doesn't tell you it's a paid app until after you've completed their onboarding,1,0,25.30.2,2025-10-20 14:15:43,"Hi Ybby, it's true YNAB requires a subscription after our free 34-day trial. Feel free to cancel right away and just use the free month to explore what YNAB can do, and reach out to help @ynab.com if you have questions! ~ Lauren @ YNAB",2025-10-21 21:16:02,25.30.2,YNAB
c10fad0b-e239-4254-86f2-910c321a0c3c,I love the new update that shows exactly how transactions are split without having to click on the individual transactions.,5,0,25.30.2,2025-10-20 11:25:13,"Thanks for the love, Brandon! We're always aiming to help YNABers access what they need with ease—so glad this update delivered for you! -Blair@YNAB",2025-10-21 11:55:42,25.30.2,YNAB
5b76764e-08ee-48b7-8406-0b76d453d78d,I've never enjoyed spending money like I have since I started using this app. Plus I've saved money like never before at the same time.,5,0,25.30.2,2025-10-20 05:05:41,"Same here, Daniel! 🥂 Sounds like you're experiencing spendfulness. ~ Lauren @ YNAB",2025-10-21 06:56:13,25.30.2,YNAB
a7457dad-bde7-4bd1-a267-61a4f9a2aafe,"It does have a minor learning curve, but after that, it does remove a lot of money management stress and helps answer the question if I can afford something or not. Been using it for a year and a half. Only minor thing is having to resync credit card accounts every few months. otherwise 5/5.",5,0,25.30.2,2025-10-19 10:20:31,"I'm glad YNAB helps you feel less stressed and more sure about your spending! And while it's normal to need to refresh your bank connections sometimes, we're always happy to troubleshoot. ~ Lauren @ YNAB",2025-10-20 21:12:10,25.30.2,YNAB
fe894619-7651-47eb-b426-ffc34ee0d378,paid,1,0,,2025-10-18 11:37:39,"Hi Mustakim, it's true YNAB requires a subscription after our 34-day trial! We don't sell ads or personal data, and many people find they save much more than the subscription cost in their first (free) month. Reach out if you have questions! ~ Lauren @ YNAB",2025-10-19 20:24:04,,YNAB
8cdb2ae0-4f36-4772-97d8-887ca49362ed,save but spend money on the app. how bout NO. Many free options available.,1,0,,2025-10-18 04:31:04,"You're right — after a free trial, YNAB is a subscription service. The great news, though, is that most YNABers save much more than the cost of the subscription within their free trial period! So, it's kind of like it pays for itself. 🥳 -Renae @YNAB.com",2025-10-19 12:19:30,,YNAB
62e40f5b-1712-4071-b297-d9554ac0d5d1,"is not showing my checking account balance in real time. how do I refresh? tried to reconcile, it says it's correct but it isn't",4,0,25.30.2,2025-10-17 20:08:27,"Hey, Angie! Thanks for reaching out! It sounds like this would be the perfect thing to bring to our Support team (help@ynab.com). They'd love to help you reconcile your accounts! 😊 -Renae @YNAB.com",2025-10-19 12:12:09,25.30.2,YNAB
43ebac57-9f0d-43fc-a63c-938cbeaec877,"wish they made it clear it was subscription based (no free version) BEFORE having me go through the work to set up an account. I'm broke, I can't afford $15 per month. That's the whole reason I downloaded this!",2,0,25.30.2,2025-10-16 14:54:48,"In the app store, the YNAB listing does state that there are 'In-App purchases' and we make sure it's clear that there is a one month free trial. The great news for new YNABers is that on average, people report saving hundreds during that first month — offsetting the cost of a subscription entirely. 😉 -Renae @YNAB.com",2025-10-19 05:24:42,25.30.2,YNAB
02b9fac4-b909-4eab-96cb-02c54cd8e066,"A recent update fixes the can't-cut-and-paste bug, and the forced-into-us home page with no option to disable, while annoying, isn't a deal breaker. The only thing keeping them from 5 stars is the high $ subscription that will follow you your entire life (instead of a single payment). If you can afford the never-ending & occasionally-INCREASING subscription fee tho, it's a fantastic app",3,28,25.30.2,2025-10-16 12:47:41,"Thanks for the update, Eric! A YNAB subscription funds the things that make YNAB valuable: ongoing improvements, security, clarity and peace of mind, and fast human support. That said, we want you to wring every bit of value from your subscription — so if you've got questions, reach out to our team at help@ynab.com! 😊 -Renae @YNAB.com",2025-10-19 05:39:55,25.30.2,YNAB
f907100e-2239-40ea-b21b-140664ff9aeb,Subscription required.,1,0,25.30.2,2025-10-15 10:20:14,"You're right — this is a subscription service, but you can get a completely free trial to try YNAB out. Most people find that they save multiple times more than the cost of the subscription in just their first (free!) month. 😊 -Renae @YNAB.com",2025-10-15 12:47:51,25.30.2,YNAB
8ffa4c59-34c0-4d28-b9f9-e73865e2b90e,Best gift I have ever given myself and my family.,5,0,25.29.0,2025-10-14 05:14:32,"This is beautiful, Dusty, and such high praise! We're really grateful to know YNAB has had such an impact—thank you for taking the time to share. 🫶 - Caity @ YNAB",2025-10-15 17:18:05,25.29.0,YNAB
a6aaa0c3-1673-4399-9b44-ed100d996716,You shouldn't get people to go through all the questions and join by email before telling them how much it costs to join even if it is a free trial. Well over one hundred dollars for a year.,1,0,25.29.0,2025-10-14 02:47:56,"Thank you for the feedback, Maz! I understand how having that information up front could impact your decision to go through onboarding, and I’ll be sure to pass it along. We hope you’ll still give the trial a go or explore our free resources on the YNAB Method—if you have questions, our team’s always here at help@ynab.com! - Caity @ YNAB",2025-10-14 16:50:16,25.29.0,YNAB
34841436-1495-4d8b-a558-e5aef82eb74d,"it changed how I use of money, and now I plan how to spend it 🤩",5,0,25.29.0,2025-10-13 08:13:35,"We love hearing this, Maud! Thanks so much for sharing your experience! 🥰 -Renae @YNAB.com",2025-10-14 04:59:03,25.29.0,YNAB
01a720cd-90d9-4a75-9196-bd07f3e6bde2,Is there a place for customer feedback for improvements? Love this app.,5,0,25.28.2,2025-10-12 17:19:28,"Absolutely, Brebre! You can write in to our Support team at help@ynab.com. They'd love to hear your feedback! 😊 -Renae @YNAB.com",2025-10-13 10:18:41,25.28.2,YNAB
e24beef7-c37d-4340-89e4-ecdba30a4d14,"Automatic sync from banks is really spotty, but it's a good app overall. It also fails to link my credit card payments to my checking account transactions, even though they've been the same accounts for years, so it's not as user friendly as it's supposed to be.",3,0,25.29.0,2025-10-12 11:27:33,"Hi Carl, if you're up for it, we'd love to chat about your bank connections and those credit card payments! I suspect payees are affecting those payments. Reach out via the app or help @ynab.com, and we can dig in. ~ Lauren",2025-10-13 10:02:01,25.29.0,YNAB
36cbc80e-f0af-4fcd-b730-43ab1ac296b5,please bring back the feature for selecting several transactions at once for approval in the transaction review page,5,1,25.29.0,2025-10-11 06:34:42,,,25.29.0,YNAB
d29a08fa-bd9e-4a17-a76d-983e6a89bb65,YNAB has literally changed my life. I was the tool I used to get myself out of credit card debt and stay there. I literally can't stop talking about it so I made a YT channel to talk to others 😅,5,0,25.29.0,2025-10-10 14:13:24,"Wow, Becky! It is so gratifying to hear that YNAB has made this huge of an impact on your life — we so appreciate the love, both here and on your channel! 🥰 -Renae @YNAB.com",2025-10-12 12:27:02,25.29.0,YNAB
0bd4a130-bf33-45d7-a231-003a57c40ae3,"19/month+tax. Insane for a ""budgeting app.""",1,0,25.29.0,2025-10-09 14:11:10,"I hear where you're coming from, Matthew, and how the cost could seem counterintuitive! Our fee lets us keep improving YNAB and means we don't sell your data, but we get that it might not feel like money well spent. The YNAB Method can still be applied to other apps and software, so I hope you'll check out our free resources! - Caity @ YNAB",2025-10-10 15:39:12,25.29.0,YNAB
64bdfa27-8a62-47fa-bf44-61c89ee42956,"Absolutely incredible. I was a little skeptical about the price of the app at first, but it has helped me SO MUCH with forming and sticking to a budget. Now, I can't imagine living without it! With how much is has helped me over the past couple of years, it is 100% worth the price in my eyes.",5,1,25.29.0,2025-10-09 08:55:56,"Wow, Chloe! Thanks so much for your awesome review! I love that YNAB has helped you so much over the years! 🥰 -Renae @YNAB.com",2025-10-09 10:50:11,25.29.0,YNAB
d6a7b88b-8c5b-4d5a-8b2b-59ae1a6c75e3,"Update again: no checkboxes for the transactions to approve? I have to click EACH ONE manually? First: I LOVE YNAB!!! But this app update. No. Just no. I can't find anything. It's not intuitive. It has way too much (irrelevant to me) info on the home page. The Spending tab is a mess. It lists ALL my pending transactions first, and I have many in there. I can't find where the actual today and previous transactions start! And the color is... not pleasing... Please put the app back to what it was!!",3,21,25.26.2,2025-10-09 04:42:22,I'm glad to hear that you love YNAB! This latest update is partially paving the way for some other new changes coming to the app that I think you'll find very helpful. Keep an eye on our What's New page (https://www.ynab.com/whats-new) for more! -Renae @YNAB.com,2025-09-25 08:35:11,25.26.2,YNAB
8f6d7c92-671d-4dec-9e12-5aa869f22300,"I love what this app is actually used for. It has helped me in so many ways to reach my financial goals. However, with the recent update, the homepage is a total waste, I wish it could be turned off. It is too busy and just totally unnecessary in my opinion. I can find all this information on my own very quickly without needing this bulky homepage. Please consider a toggle for usage. Otherwise, this is the best budgeting tool out there. Thanks.",4,1,25.29.0,2025-10-08 19:19:44,Hi Alicia! Thanks so much for your candid review — we really appreciate any and all feedback about changes that we make. We take that feedback in and use it to help make the app better in future updates. 😊 -Renae @YNAB.com,2025-10-09 08:22:09,25.29.0,YNAB
3255ac33-4b05-442b-a577-074fa1ab9427,"Been using ynab since version ynab3. Over the years it's gotten more bloated. There is now some type of home advertising page you have to click through to get to the actual app now. Considering changing budget tools in the future. Maybe I'm in the minority, but the new ""features"" they keep adding are a step back for me. Sometimes a bit more basic is better. Last, they now call it a plan instead of a budget in the app which is a bit funny since it used to be focused on you need a budget.",1,35,25.28.2,2025-10-08 16:01:56,"Jonathan, wow! Thanks for being with us since YNAB 3! I do want to clear up that the new Home tab doesn’t contain ads. It’s a space for short, optional videos about getting more from YNAB — if you prefer to skip them, you can do that with one tap.

Our Support team would love to hear more of your feedback at help@ynab.com. 🪷 -Renae @YNAB.com",2025-10-07 05:33:53,25.28.2,YNAB
48fca7b4-4bd5-44ae-9e16-8bc16ed515d0,"Used to be a 5 star review. They keep changing the app and making it worse to use, such as adding an unnecessary forced home tab (I shouldn't need ""only one tap"" to get to the budget part of my budget app!). Maybe the company got bought by someone? That's usually when this many terrible changes happen. Or a new officer has an ego? I've been a user for 8.5 years but am looking at other options. I don't want to get used to this bad format, please go back to how it was. Simple, Clean, Useful.",2,5,25.28.2,2025-10-08 13:09:54,"Thanks for taking the time to share your feedback — even if it's not all positive. No new owners and we try to keep ego out of our work. 😉 Just working hard trying to make the app better. I'm bummed that this latest update hasn't landed well for you, but I do hope you'll stick with us to see where we're going! -Renae @YNAB.com",2025-10-09 07:32:35,25.28.2,YNAB
f406f3f5-e9fd-4cbc-ac33-419f4b4be721,"Changing my review to 1 star. Because despite the complaints about CONSTANT changes, and messages from the support team saying they understand our frustration, they still can't help themselves. Another week passes, another pointless UI change. I have genuinely never known an app so obsessed with trying to annoy its existing user base (except maybe Sonos). I used to recommend YNAB to lots of friends. I never recommend it anymore. I just don't think they get it.",1,12,25.29.0,2025-10-08 12:34:08,"I hear you, Pete! The latest update has a few changes that will take adjustment: new tabs, additional ways to add transactions, etc. It's part of a larger plan to improve clarity and ease in YNAB. That said, every change comes with trade-offs, and your perspective helps—thanks for posting and please reach out anytime! ~ Lauren @ YNAB",2025-09-16 20:47:55,25.29.0,YNAB
d8955d9c-6b7e-46a6-aeaf-7616bbf5f471,i deleted this app because i couldnt skip to creating an account,1,1,,2025-10-07 19:49:03,"Thanks for posting about your experience, Leonard! When you first download YNAB, it'll walk through some questions to help tailor your spending plan according to your unique goals and priorities. I hear that you'd prefer to be able to create your account before going through the questions, and I'm happy to pass that feedback along. - Caity @ YNAB",2025-10-10 14:52:36,,YNAB
f37ee925-7186-4422-a599-6afe0cb9384d,App is getting worse with useless redesign features in 2025,2,5,25.28.2,2025-10-07 18:06:49,Thanks for leaving a review. I will pass along your feedback about wanting better reports in the mobile app! \- Natalie @ YNAB,2023-06-12 05:37:45,25.28.2,YNAB
0d1a9ae0-2d03-4311-84f1-f83fc1099a9a,"I've been a subscriber for around 6 years. The YNAB team has been making odd choices for a while, changing the word ""budget"" to ""plan"" a while back and now forcing the app to open on some new home screen that just adds extra steps to the budgeting process. Give us the option to choose what screen is displayed when you open the app so I can force it to open to the budget...I mean plan. And stop adding ""features"" that nobody is asking for in an attempt to justify all the price increases.",1,25,25.28.2,2025-10-06 21:13:54,"Hi, Robert! I'm bummed to hear that the latest changes haven't landed well for you. Please know that we do take all feedback in and it helps us determine how to best move forward. That said, if you've got more feedback to share, the best place to do that is via our Support team (help@ynab.com). 😊 -Renae @YNAB.com",2025-10-08 07:18:00,25.28.2,YNAB
dc336021-d90d-42f7-b515-505a8741b29f,"planning my cash flow for some months. super smooth UI, extremely useful content. age of money metric rocks",5,0,25.28.2,2025-10-06 16:31:53,"It sounds like you've been doing an awesome job using YNAB, Petro! Thanks for the review! -Renae @YNAB.com",2025-10-08 05:27:29,25.28.2,YNAB
0a84c6dc-0672-443a-8c0e-aae0fb298f45,"Can't get past the ""YNAB is here to help"" page. Tried everything.",1,3,25.28.2,2025-10-06 11:03:54,,,25.28.2,YNAB
fc6a6cb3-915f-4987-aa44-3b3f2efd83f0,The app developers don't listen to the community and have absolutely trashed the mobile experience. It's a miserable experience to use.,1,9,25.28.2,2025-10-05 19:25:46,Uff! It sounds like you've got some strong opinions on this — we'd really love to hear more about what specifically you feel has gone downhill. The very best place to have a conversation like this is via our Support team (help@ynab.com). I hope we more from you! -Renae @YNAB.com,2025-10-07 10:28:49,25.28.2,YNAB
b9fdf159-24dd-4d1d-a8eb-56dc01295a1e,"I've been using YNAB for a few years now and have loved it, until now. The new UI is not for me as there is so much bloat and forces me to click around too much. Developers, please allow your original customers to go back to the old UI!",1,10,25.28.2,2025-10-05 16:11:25,"Hi Steven — I'm so happy to hear that you've loved YNAB, even if you're not loving this most recent update. I hope you'll hold in there with us — we've got some really cool things coming that these changes have paved the way for. Keep an eye on our What's New page (https://www.ynab.com/whats-new) for more! 😉 -Renae @YNAB.com",2025-10-12 06:50:36,25.28.2,YNAB
2b3266d4-15f9-404e-b49c-a1346e9eeec8,"Huge fan, changed the way I think about spending and saving money! I had an incredible amount of anxiety around finances, but now, having YNAB-ed for a year, I finally feel at ease.",5,0,,2025-10-05 11:44:23,"I love to hear it, Maria! It sounds like you're doing awesome work! 🙌 -Renae @YNAB.com",2025-10-07 08:13:28,,YNAB
db4a3ac3-13e4-467e-a425-a3bdec5929aa,I'm actually understanding my spending habits and was about to pay off my student loans with this budget app! easy to use once you the hang of it and the videos are helpful.,5,0,25.28.2,2025-10-05 07:48:18,,,25.28.2,YNAB
c0ab3778-2434-47a0-a3b7-c43553ce0a6e,"says it can't offer me a free trial because Ive had one in the past. that's fair. however I don't remember anything about the app. so here I am attempting to give it another shot, but I can't even experience the app because to even view a DASHBOARD or basic functionality of the app is behind a paywall. so my only choice is to just pay the 15 bucks a month and hope I like the app that I don't remember? yeah, you guys didn't think this one through. Oh well, lots of other options. Uninstalled.",1,0,,2025-10-03 23:23:04,Hi Will! I'd love to have you reach out to our support team about another trial! You can reach us at help@ynab.com and we'll be happy to see what we can do and help you get up and running. 😊 -Renae @YNAB.com,2025-10-06 07:57:49,,YNAB
6ab87d58-32ba-44f2-8a6d-1cfc16e36d32,"I have been using YNAB classic since launch and decided to finally upgrade to the new subscription version and honestly as a long time user I feel a little disappointed by it. It lacks useful info that the classic android app has but for some reason they didn't bring over to the new app, I just added it to my iPad and it has more useful info it then the android app. Overall it's a good budget app but I'm bummed that Android lacks features that are available on the web interface and Apple app.",3,9,25.28.2,2025-10-03 05:25:34,"Hi Tj, thanks for being a long-time YNABer and sharing this feedback! Would you be up for sharing more about what you want to see in the Android app, or joining our beta testing program? Reach out to help @ynab.com or start a message right in the app anytime, and we can chat more. ~ Lauren @ YNAB",2025-01-13 00:46:02,25.28.2,YNAB
4e2ffda5-228f-4a05-a0ad-5de43ecf4ab6,Very BAD UX,1,5,,2025-10-03 01:12:25,"Hey Shahriar! 👋 Thanks for sharing your opinion—if you're up for it, we'd love to hear more details about what's not working for you. You cann contact the team feedback form: https://tinyurl.com/mr3tzrau which goes straight to our designers. They read every entry and consider your thoughts when planning future updates. -Blair@YNAB",2025-10-03 19:22:52,,YNAB
86b85c39-bf3b-4e29-8b17-a46d9d1967f0,The app now bugs out and defaults to split payment and I can't make it stop,2,83,25.28.2,2025-10-02 16:47:20,Oh dear! I'm glad you let us know about that split payment issue. It's definitely something we'll want to troubleshoot with you! Please reach out in the app or via help@ynab. com so we can gather more details and investigate. -Blair@YNAB,2025-10-02 17:12:19,25.28.2,YNAB
b1d646a0-a5cb-4c85-a6ae-f9fe8ad17d04,Finally made the move to the new app from ynab 4. Not a fan of the subscription model but feel this is worth it for the support and updates. I think it's the best budget app out there.,5,2,25.28.2,2025-10-02 09:47:08,"Thanks for the updated review, Brad, and for being a long-time YNABer! I sometimes miss the days of one-time software too, but am happy to hear that you're finding value in your subscription and the things it allows us to do, like provide support and keep improving the app. We appreciate the kind words and are so glad you're here! - Caity @ YNAB",2025-10-02 16:40:30,25.28.2,YNAB
10f5336c-d278-4eb4-8c08-ae6cf2a702e0,Great budgeting software. Have used it for a few ears now.,5,0,25.28.2,2025-10-02 07:59:46,Awesome — we love hearing that you've been enjoying YNAB! 😊 -Renae @YNAB.com,2025-10-02 12:17:29,25.28.2,YNAB
2194efec-72ac-4584-b8a5-fc908e3b9452,"Hate the new app. YNAB removed banners showing transactions and overspent categories from the appropriate pages and placed them on to a separate home screen SO, you can overdraw a category on day 30 and there is no alert on day 1 of the next month. You have to catch the issue and fix manually. New app is major downgrade in reliability and functionality.",1,9,25.27.1,2025-10-01 06:08:08,"It's frustrating when overspending from the previous month imports after rollover! We've all been there and it can be easy to miss. To clarify, the handling hasn’t changed—even in previous versions, past-month overspending was addressed by reviewing the previous month. You can track current overspending on both the Home and Plan tabs. –Blair@YNAB",2025-10-03 18:39:08,25.27.1,YNAB
c23aef5e-1a84-4f77-844a-f1ce50ee8303,"This is a great and very helpful app. Yes, it costs money, but it will save you money if you use it.",5,0,25.27.1,2025-10-01 05:05:38,"😍 Thanks for the love, Joshua! Your review is 🎯 Happy YNABing! -Blair@YNAB",2025-10-01 15:43:05,25.27.1,YNAB
84140c58-a387-42f1-85e4-6ad5184e6730,"the newest release, September 2025, sucks.",1,7,25.27.1,2025-10-01 01:49:16,"Hi Jon! Thank you for taking the time to post. We'd love to hear more about what didn't land well for you in the latest update—if you're up for sharing, reach out in-app or to help@ynab.com anytime! - Caity @ YNAB",2025-10-03 16:19:54,25.27.1,YNAB
718f2d8d-f847-41b8-bbd4-dfa1062d417c,"What can I say. over the last 5 years I've really gotten a much better idea of how to manage my finances. Have used the various features and settings to personalise the way I want to manage my budget, and the 'reflect' feature as well as the newer features of planning for the month ahead are really useful and allow me to plan for future spending as well as current spending.",5,0,25.27.1,2025-09-30 03:58:41,"Hi Carmen Luna. I love that you have a clear, personalized plan for the present and future! ~ Lauren @ YNAB",2025-09-30 21:04:58,25.27.1,YNAB
39ae0bdd-04ef-42d8-8a11-c16db5e29df4,"Ynab is awesome. I've been using this platform off and on for years. When I am not using this app, I fall off the wagon and go back to old ways. I'm one collections away from being debt free, and I am committed to keeping ynab in my life for the long haul. I highly recommend this app. The best part are the videos they share to help reap the benefits of using the service, and the price is affordable.",5,0,25.27.1,2025-09-29 02:19:59,"I love that you've seen such clear benefits of the app and community, Erica. Thanks for this review, and congrats on being nearly debt free! ~ Lauren @ YNAB",2025-09-29 19:11:32,25.27.1,YNAB
79c53091-aeab-4258-b2de-a57df8f865c2,"Still getting used to the app, but the main feedback I have so far is: we should have the option to set a plan up using every 2 weeks instead of only weekly or monthly. A lot of people are paid bi-weekly, so being able to set the plan up to follow that timing seems like an easy way to help make the budgeting process more user-friendly.",3,1,25.27.1,2025-09-28 18:01:00,"Thanks for posting, Brooke! We have some great tips for working with a biweekly pay schedule. If you haven't already, reach out to our Support team in the app or via help @ynab.com! ~ Lauren @ YNAB",2025-09-28 20:41:26,25.27.1,YNAB
28cd4e2c-0d81-4dc8-9bc2-0e5f8192e648,"I hate that it holds me accountable, but I need that kick in the behind to see how much I've been throwing away on micro purchases...",5,1,,2025-09-28 10:37:51,😅 We all need that kick in the behind sometimes — micro purchases used to be my Achilles heel! -Renae @YNAB.com,2025-09-29 08:22:53,,YNAB
4897c821-f0f4-479c-827c-cdfb7849bac7,"I don't like the app at all, much harder to use than the web browser.",1,0,25.27.1,2025-09-28 10:35:57,"Thanks for posting, Y H! If you have any specific thoughts about how we can improve the mobile app, we'd love to hear from you via the app (mobile or web) or help @ynab.com. ~ Lauren @ YNAB",2025-09-29 08:32:40,25.27.1,YNAB
8307787b-44e0-48e9-a2a5-e3d50f6d344b,Good,5,0,,2025-09-28 02:36:35,,,,YNAB
61049b79-283a-4961-a241-26ad9bfb2e1c,"I'm sure it works, but too complicated to get into.",2,0,25.27.1,2025-09-27 07:43:25,Hi Michael! Our Support team is always here to help! Give us a shout at help@ynab.com if you've got questions and we'll be happy to help you get up and running! 😊 -Renae@YNAB.com,2025-09-28 14:47:48,25.27.1,YNAB
51c6bede-2d91-4203-aa9a-312e58f8de9f,this is amazing,5,0,25.26.2,2025-09-26 10:29:20,,,25.26.2,YNAB
7c5683f6-e21e-4ae2-8320-b00b5324463b,"Last update was unnecessary. The home tab is completely useless for most people (head over to reddit to see). Why do we need these useless downgrades when people really just want the great budget app YNAB used to be? I had been looking for an alternative since the last price hike, but since this new change, I just made the switch to the liquid budget app. Much cheaper and simpler.",1,10,25.27.1,2025-09-26 04:49:29,"Thank you for your honest thoughts on the update, Rafael. While we're sorry to see you go, we understand if changes we've made are taking the app in a direction you're not excited about or mean that YNAB isn't the right tool for you. Hearing how things have landed for YNABers helps us improve and we appreciate you taking the time! - Caity @ YNAB",2025-09-27 16:20:19,25.27.1,YNAB
876c4233-068e-46e9-a166-66347fe5151b,the best for budgeting,5,0,25.27.1,2025-09-25 06:55:36,,,25.27.1,YNAB
8388d45b-b324-4fe0-af48-69e6dd5eb6a4,"Started great, not usable anymore. No longer automatically uploads transactions, massively increasing workload in an app that is meant to be reducing it.",1,3,25.27.1,2025-09-24 23:22:24,"If you're having trouble with your bank upload, please reach out to our Support team — they'll be happy to help! 😊 help@ynab.com -Renae @YNAB.com",2025-09-25 10:04:09,25.27.1,YNAB
492cdfdb-ef63-4512-b62f-765d390f0db7,"We've been using it for years, and like the functionality. The latest update is a downgrade, adding in tabs that I cannot hide (there is nothing on Home or Spending that I need). Be Android (flexibility rules) not Apple (forcing me to use a product how you think I should). Back to 5 stars if this happens",3,5,25.27.1,2025-09-24 18:00:43,"Dave, we appreciate the shout-out — and thanks for being a YNAB customer for so many years! If you'd prefer not to use the Home or Spending tabs, you can tap over to the Plan tab with just one tap! 😊 Let our Support team know if you've got any questions! (help@ynab.com) -Renae @YNAB.com",2025-09-25 09:39:26,25.27.1,YNAB
67f4fa28-4c43-4382-842e-1632204168c6,Sept 2025 update (25.27.1) is a clear miss! I have been using ynab for a decade or more. The new home page is worthless to me. The transactions are no longer at the top of the plan ... the page I actually spend 99 and 44/100 of my time. Right now I am so annoyed I am reviewing new apps to move to. I have recommended ynab to 100s of people and many are current users. I cannot recommend it at the moment.,1,9,25.27.1,2025-09-24 15:37:48,Wow! Thanks for being with us a decade! I'm so bummed to hear that the recent update was a miss for you. We're continuing to make tweaks to make it better than ever — I hope you'll stay tuned! Check in with our What's New page (https://www.ynab.com/whats-new) to keep updated. 😊 -Renae @YNAB.com,2025-09-25 09:47:03,25.27.1,YNAB
b24b0894-7bad-4d36-9901-d93a4b46f602,It is the best budgeting system I have ever used!,5,0,25.23.0,2025-09-24 08:51:39,,,25.23.0,YNAB
00a995d4-0a0f-4034-aa6c-4d4ea15929ba,"USER BEWARE: PREDATORY AUTO SUBSCRIPTION installed app, poked around for a few minutes and then closed it and decided it wasnt for me. forgot about it. was uninstalling unused apps yesterday and when I uninstalled got popup saying I had a subscription! I look and they had auto subscribed me to a YEAR subscription. contacted support and they said they would not refund the $100. I never signed up for a year subscription. I used this app for all of 10 minutes.",1,7,,2025-09-24 06:11:07,"Thanks for posting, Taliessin! We do have to honor Google Play Store's terms for subscriptions when you sign up for YNAB through them—they handle all billing. If you or anyone reading this review wants to know the status of your account, ask us at help @ynab.com! We'll be glad to check. ~ Lauren @ YNAB",2025-09-24 20:12:50,,YNAB
b9154cd0-031b-4f9a-a991-94799ae0f3f6,"Edit: Recent UI update to the app just made using YNAB much more harder to navigate. Who asked for a 'Home' tab and why would you make it even harder for me to quickly add a transaction by removing the add transaction at the bottom? Honestly, can you just STOP changing things that don't need changing! Original: Main problem: High price for no bank integration with AUS Banks or credit cards, no way to cater for mortgage with offset. They need to offer more if they charge now $145 AUD per year.",1,17,25.26.2,2025-09-23 18:35:09,"Thanks for your updated review and your thoughts on the update! Changes we make to the app reflect lots of feedback along the way, but I hear they’ve added more friction for you. An Add Transaction button is coming to the Plan tab, and we’d love to talk through using an offset mortgage account—reach out anytime at help@ynab.com. - Caity @ YNAB",2025-09-24 16:39:22,25.26.2,YNAB
035a8953-9605-4d8e-8d5a-b6c6c3b08036,the app has turned to crud after the update. im moving to dollarwise.,3,5,25.26.2,2025-09-23 15:33:42,"We're sorry to lose you, Garrett! If you'd like to share anything specific, we'd love to hear it! You can reach us any time at help@ynab.com 😊 -Renae @YNAB.com",2025-09-24 10:36:25,25.26.2,YNAB
5338d56e-56da-479c-a0ff-324779765c50,"YNAB as a system is stellar. This is the most useful budget method I've ever tried, and I have stuck with it now for years (and paid down debt and bought a house!). HOWEVER. YNAB recently changed the mobile UI in a huge way. Who tested it and told you we need an FYP?! I don't need my budget app to pivot to video. New transactions showing up on Home and not Plan is weird and clunky. Please give us the option to turn the new version off, or at least to make Plan the default when I open the app.",2,6,25.26.2,2025-09-23 04:03:03,"Oh, wow! I love hearing how you've paid down debt and bought a house — that's HUGE! 🥳 If you'd prefer not to see the For You section, you can collapse it, so you'll no longer see it in your Home tab and you can navigate away from the Home tab with just one tap. -Renae @YNAB.com",2025-09-24 08:30:29,25.26.2,YNAB
0f83bb1b-1c1d-4b5c-9be6-cf1d56067db5,"Newest update makes navigating the app more difficult. I want to go directly to my budget to add transactions, I don't want to see a home page full of ads. Give an option to set the page the app opens on or remove the home page",1,8,25.26.2,2025-09-22 22:06:41,"Thanks for your thoughts on the newest update, Kat! If you'd prefer to go to your budget page, you can do that with just one tap from the Home tab! Also, if you'd prefer not to see the videos from YNAB, you can collapse that section in the Home tab. If you've got any questions how it works, reach out! help@ynab.com😊 -Renae @YNAB.com",2025-09-24 07:58:58,25.26.2,YNAB
a6e162da-1dd8-4d30-960d-7acbb4b9c145,"Yet another terrible redesign with YNAB. Seriously considering finding another option that gives us the option to budget without the constant useless updates. Not only has the syncing issue I reported over 2 years ago never been fixed (where 2 people budget in the app, but the app doesn't reflect changes unless both users sync multiple times and then completely close the app), but now the ""home page"" creates a lot of clutter that is irrelevant to our needs. Devs have become tone deaf.",1,55,25.26.2,2025-09-22 11:29:03,"Thanks for your updated review, Torrey. The Home tab's meant to surface your top priorities and next steps at a glance, but it took time to become part of my workflow! The syncing issue you mentioned is not expected—would you reach out via the app or help @ynab.com so we can help with that? ~ Lauren @ YNAB",2025-09-22 20:33:15,25.26.2,YNAB
b82aad62-2a2b-46a9-b8b8-93851f4fa914,love this app and system!!!,5,0,25.26.2,2025-09-22 06:10:26,"Thanks for the shout out, Anise! 🙌 Happy YNABing! -Blair@YNAB",2025-09-23 06:05:42,25.26.2,YNAB
4753ab92-6444-4686-879f-81ad806d9777,"I keep having constant desyncs with my bank account on here, and it's frustrating.",1,1,25.26.2,2025-09-21 18:52:19,"Hi Loogi kid, we'd love to help! Would you reach out to our support via the app or help @ynab.com so we can take a look at your bank connection? ~ Lauren @ YNAB",2025-09-23 09:08:22,25.26.2,YNAB
6a5360e7-658f-4ee5-af8d-61f76eeb7492,Way better than Mint. Love this. AND a rare example of the app being better than the browser version!!!,5,0,25.26.2,2025-09-21 18:44:26,Wowza! We couldn't have asked for a better shout-out! Thanks so much! ❤️ -Renae @YNAB.com,2025-09-23 09:07:16,25.26.2,YNAB
f80b32d9-cacb-4c33-82e4-e60994e68259,"The recent app redesign ruins everything YNAB is supposed to be. My budget app should open to the budget page. Transactions being relabeled to Spending is stupid: it includes transfers and income; it is a list of transactions. The process for inputting transactions is worse now. And they even shied away from the word Budget (it's Plan, now). Every decision they made here needs to be reversed. It's all garbage. edit: the hollow copy-paste response is condescending. You can stuff that.",1,17,25.26.2,2025-09-21 15:47:09,"Hey Joe! Big changes can feel tough, especially when they impact language and workflows you’re used to. Our goal with this update is to make wording clearer and workflows simpler over time. I hope you’ll keep sharing what works (and doesn’t) for you! 💛 –Renae @YNAB.com",2025-09-21 13:52:55,25.26.2,YNAB
3647d870-81bd-4c17-a5d8-59e08fe99182,"Was good...then they added too many unnecessary UI elements, made you see ads on the new home screen, and made you pay more than ever with these downgrades as justification. All when they could of added better reports. Use monarch.",2,10,25.26.2,2025-09-20 21:00:02,"It’s clear you value focus and simplicity, Jonathan! The new Home tab is designed to highlight the most important pieces of your plan at a glance. We’d love to hear more of your feedback if you're up for sharing! You can reach us at help@ynab.com. -Renae @YNAB.com",2025-09-23 08:59:51,25.26.2,YNAB
542d00fe-cf45-40bd-9f01-fbd0dcc8ec84,"UPDATE: 5 star app for almost a decade, but this update ruined it. The simplicity and ease of use are gone; replaced with something intrusive and difficult to use. Essentials are now split apart onto multiple screens. There should be an option to toggle the ' new features' OFF so we can continue to use the simple version we love. We were using this for both our home and our business. It was essential. Now, it's just ridiculous and unusable. It's time to move on. I no longer recommend this app.",1,20,25.26.2,2025-09-20 12:49:45,"Hi Dawn, thanks for sharing your honest thoughts. This update's meant to improve clarity for both new and experienced YNABers, and we are listening carefully to all feedback. If YNAB's no longer worth it for you, or you have questions, please reach out via the app or help @ynab.com so we can help! ~ Lauren @ YNAB",2025-09-22 20:51:16,25.26.2,YNAB
4e0de503-eefe-4879-9c4b-85282000a08d,"I LOVE YNAB and I HATE THIS recent update. I have already submitted my feedback via the chatbot in the app but I am adding my feedback here as well. The ""remodel"" is awful. I understand what you are trying to do - you want me to remember my priorities - but guess what? That's not what I NEED multiple times a day. What I need multiple times a day is to log transactions and see how they are working with my plan, my actual budget. I might need to see my priorities once a week, max. STOP THIS.",2,11,,2025-09-20 08:28:43,"I can feel the passion in your words, and it’s inspiring to hear how often you’re engaging with your budget! That kind of consistency is powerful. Your feedback on the remodel is valuable, and we’re keeping daily check-ins like yours in mind as we continue to refine things. 🙌-Renae @YNAB.com",2025-09-23 08:53:35,,YNAB
2e262a0e-8508-4c24-b9c6-f7d5a6b80c93,"This app was 5 stars, had ALWAYS been 5 stars... but this new UI redesign is terrible. The ONLY two tabs I ever want to use are Planning and Accounts. Yet neither of these tabs have the ""add transaction"" button... They should at least let us move the tabs around, or select which ones to use/display. Otherwise the new ""home"" screen is just a nuisance and makes using the app inconvenient compared to the way I have been using it for YEARS.",2,12,25.26.2,2025-09-20 06:24:52,"Great news! The add transaction button is coming to the Plan tab! 🥳 We're continuing to refine the new Home tab, and your feedback is so helpful! Feel free to reach out any time at help@ynab.com — we love hearing from you! -Renae @YNAB.com",2025-09-23 08:31:59,25.26.2,YNAB
3a1dbda1-f915-4433-9359-d5ae9aa8d873,"I have been a user of the ynab app for years and am totally bought in on the philosophy. That being said, the new UI is a huge miss. The home tab is useless, it's taking me more clicks to get to useful information, and some of the most recent terminology changes are actually nonsensical. I hope they'll start focusing more on the reflect tab. That's where I see the biggest area for opportunities. Best of luck ynab, I'm rooting for you.",1,26,25.26.2,2025-09-19 17:05:57,"I love hearing that YNAB's philosophy is resonating with you, John! Keep an eye out on our What's New page for new updates coming! https://www.ynab.com/whats-new 😉 -Renae @YNAB.com",2025-09-22 08:59:44,25.26.2,YNAB
ce8e65b9-c7a2-4ea0-946a-5de314cf2d69,New UI is bad. The new Home tab is of no use to me and only gets in the way. Seems like you're only changing things for the sake of changing things. Please give me an option to restore the old workflow.,1,12,25.26.2,2025-09-19 16:22:45,"Hi Zach! I promise we're not just changing things for the sake of changing things! 😉 The new Home tab is great for all kinds of things, like setting categories you'd like to see at a glance, adding a new transaction, or getting notified about new transactions or overspending in your plan. -Renae @YNAB.com",2025-09-22 08:57:14,25.26.2,YNAB
b7a5eabb-f3af-4afd-b9ac-8a8b1b1bf8ab,"Useless update to what should simply be a budgeting app. Or now a planning app, I guess. What's next, an AI assistant that doesn'twork and can't be turned off? Feels like that is the direction it's going. YNAB served me well for the last 5-6 years but the time has come to move on. Another win for enshittification, yay!",1,10,25.26.2,2025-09-19 09:40:54,"Thanks for posting, Michael. This update is part of a larger plan to improve clarity and keep YNAB relevant, and continue helping folks align their spending with their priorities... but I know it may also feel like an interruption! We're listening to feedback and using the app ourselves, so please reach out anytime. ~ Lauren @ YNAB",2025-09-22 08:58:18,25.26.2,YNAB
1e10d833-7d38-48f9-9f1a-7eaa338fb37d,"I'd known about this app for many years and finally got around to trying it. But very disappointed in the lack of usability. I couldn't get past setting up the categories the way I wanted. I discovered the Group option after entering a bunch of categories but there's no way to drag them into the groups, you have to re-enter them. If such a critical workflow hasn't been optimized for users, I didn't want to stick around to see what else was badly designed. Off to find another app!",2,7,25.26.2,2025-09-19 07:39:27,"Hi Amanda, thanks for posting! You should absolutely be able to drag and drop categories between groups. If you're still up for giving YNAB a try, tap on the pencil icon at the top of the Plan tab. And reach out via the app or help@ynab.com if you run into trouble; we're here to help! ~ Lauren @ YNAB",2025-09-22 06:50:14,25.26.2,YNAB
c291cc0c-a8a3-4f25-b927-7634278e3a3a,"I love the ynab system and have used it for years, but every time there's an ""update"" it just feels like the dev team is trying to turn this into something it isn't. it's a budgeting app. it should be simple. the price goes up and the app gets worse, not sure I can stick around much longer at that rate",2,13,25.26.2,2025-09-19 07:21:08,"I hear you, Eric. There have been a lot of changes lately — many of these aimed at making the app simpler to use. Those changes can interrupt established workflows and that's frustrating. If you'd like to share specifics, we'd love to hear them! You can reach us at help@ynab.com any time! -Renae @YNAB.com",2025-09-22 06:58:30,25.26.2,YNAB
1900826e-bc73-472e-ae6e-7657ab1c9c41,New UI is absolute trash. No longer do they care about making it easy for you to enter your transactions when you are out and in a hurry trying to make sure your kids don't run off while you enter things. Now you have to have this stupid dashboard as if I care about metrics and training content. I've been using this app for the better part of a decade and this change actually makes me want to cancel my subscription and use Claude to create something to replace this.,1,13,25.26.2,2025-09-19 05:58:51,Hi Charles — I want to assure you that we absolutely do hear you on wanting to make sure that it's as easy as possible to enter things on the go. Keep an eye on our What's New page for a deep dive about the change and for new things coming your way! https://www.ynab.com/whats-new -Renae @YNAB.com,2025-09-22 06:24:31,25.26.2,YNAB
f4588fb0-a316-4ac4-ba06-daa61371eef8,September 2025 update changed things up but after a lot of experimenting it seems that the functionality all remains but steps are slightly different. My apologies for the snap judgement previously. I personally did like the spreadsheet style and feel but I do understand the new design choice has value as well,5,0,25.26.2,2025-09-19 04:18:44,"Woo hoo! Thanks so much for the update, Jon! I love that you're feeling a bit better about the recent changes! 🙌 -Renae @YNAB.com",2025-09-22 06:19:56,25.26.2,YNAB
d6b916a8-8679-4d9d-aaef-3d1ebcab47ba,"terrible UI changes. edit -- To the developers and management at YNAP errr YNAB who clearly are not listening to their long-term users... The only feedback you need is ""Stop changing garbage for the sake of change and focus on fixing the database size issues on the web front. Stop chasing the idea of endless growth and focus on your existing customers that pay your bills. And go ahead and fire your project managers while you're at it. Come on guys. it's not that hard.""",1,10,25.26.2,2025-09-18 13:56:36,"Hi Christopher! I promise — we're listening. 😊Database sizing is on our radar and is something we're talking about. While I don't have an update to share with you, I'd recommend keeping an eye on our What's New page: https://www.ynab.com/whats-new -Renae @YNAB.com",2025-09-21 14:16:54,25.26.2,YNAB
e93f39ec-6e3a-42f9-826d-0a514505cc23,This is a good budgeting system ruined by a now bloated and clunky app.,1,10,25.26.2,2025-09-18 13:27:19,"If you're having trouble with your app, our Support team would love to help! Reach out to us at help@ynab.com and we'll be happy to help! -Renae @YNAB.com",2025-09-21 14:06:25,25.26.2,YNAB
3faa16a6-9e11-4d1b-8c32-5c4d9a3f7cb3,"the newest display update (2025) is very ""pretty"" but very challenging to use on my addroid device. i wish there was a way to go back to the previous display setup.. this is still a fantastic app and makes it so much easier to keep track of things.",3,5,,2025-09-18 09:20:16,I agree — it's super pretty! I'd love to chat more about what feels challenging to use on your Android device. You can reach our Support team at help@ynab.com and we'll be happy to help! 😊 -Renae @YNAB.com,2025-09-21 13:57:57,,YNAB
85d72403-09c0-44fb-acdb-53c66855bb97,"Review following latest UI change: this app has now lost its main purpose as an on-the-go budget tracker - and as that's its entire purpose, my YNAB subscription will be cancelled ASAP. B4: A friendly and easy-to-use budgeting app. I've not given it five stars because it's quite expensive and lacks basic functionality - namely, support for multiple currencies. It should also sync with more banks (you can request banks are added, but it doesn't seem to achieve anything).",1,11,25.26.2,2025-09-18 01:17:35,"Hi Laura, we'd love to learn more about what's keeping you from using YNAB on the go since the recent update. If you're up for it, please reach out to help@ynab.com or in-app! We also get if it's time to move on—it's disappointing when features you want haven't been added or you can no longer use the app in the way you're used to. - Caity @ YNAB",2025-09-19 10:14:58,25.26.2,YNAB
75ef93b9-5227-494a-a34b-2ecf43512b11,Home tab update sucks,1,4,25.25.5,2025-09-17 12:32:45,"Hey Jesse! The home tab is the new default landing page, but you can still get to other parts of YNAB from the bottom navigation bar. You’ll land on the home page if you force quit or if your device needs to refresh the app—otherwise, if you exit YNAB while on another tab, you’ll land on that same tab the next time you open YNAB. -Blair@YNAB",2025-09-18 06:34:45,25.25.5,YNAB
51945c17-de92-4e84-a323-ccd1400a234b,the new home screen is a mistake. it is overcomplicating something that doesn't need to be. I can no longer recommend this app.,3,5,25.25.5,2025-09-17 10:49:51,"Hey Colin, thanks for sharing your thoughts! We added a home page, but I hope it's helpful to know you can still get to other areas of YNAB through the bottom navigation bar, and you won't see it every time you open the app—only if you force-close it or the app needs refreshing. If you'd like to chat more, reach out to Support any time! -Blair@YNAB",2025-09-18 06:36:55,25.25.5,YNAB
081afd9b-71ca-4593-8e65-fdeed9d715c3,I'm begging you to please stop changing things. It's getting really irritating and frustrating. After well over a decade of use we are thinking of moving along. The constant changes are unnecessary and break down the ability to be consistent in your budget actions and routine. The UI changes are awful and I despise them.,1,7,25.25.5,2025-09-17 09:15:48,"I hear you, Brian, changing a decade of muscle memory is frustrating and hard. We're aiming to improve clarity and ease for experienced and new YNABers, and know it involves trade-offs; your perspective helps us weigh those. If there's more specifics you want to share, please reach out via the app or help @ynab.com! ~ Lauren @ YNAB",2025-09-17 20:37:53,25.25.5,YNAB
cac02ce1-31ae-42a4-890f-cdb8a824ee22,"Has historically been great, newest update adds unnecessary tabs that worsen the experience. The spending tab is a downgrade from ""All Accounts"" as I can't search through all tracking/hidden accounts together anymore on mobile. Home is useless, so it takes more clicks to get where I want. I don't use targets and don't need pinned categories, I also budget a month ahead through my own category so the assigned this/next month boxes are not helpful. Just don't open the app to this screen.",3,5,25.26.2,2025-09-17 07:16:21,"Thanks for the feedback, Calvin! It's helpful to know those details around how you use the app—that helps us understand how this update missed the mark for you. I've shared your thoughts with the team, so you can be sure that your voice is heard. If you'd like to chat more, reach out any time. Our Support team is here for you! -Blair@YNAB",2025-09-17 18:03:22,25.26.2,YNAB
1531cc93-422f-4522-9bb4-bd04bd9535e2,"Been using this app since 2017 and it changed the way I view finances and manage money. However, the new update on the layout (extra spacing everywhere) limits the amount of transactions you can view on the screen at once and makes it so much harder to make sense of incoming transactions and active ones. I loathe this new design trend adding useless spacing. It does not make it ""lighter"" or easier to read anything. I wish we could at least choose to enable or disable this view, but its forced.",1,6,25.26.2,2025-09-17 04:48:52,"Hey Sab! We're glad that YNAB's made such an impact for you, and we thank you sharing your thoughts on the most recent update. I know our designers will appreciate your constructive criticism on the changes to the account register. I've passed your feedback on to them so they'll be able to keep it in mind for future design decisions. - Blair@YNAB",2025-09-17 18:22:17,25.26.2,YNAB
33145803-6553-43f5-8a82-c2ebb646eb65,love it!,5,0,25.25.5,2025-09-17 02:32:56,"🙌 Thanks for the mad props, Sara! 😍 -Blair@YNAB",2025-09-17 14:47:44,25.25.5,YNAB
a90faa2a-c3f1-418d-aff2-6a51d1678570,"The new UI is not good. They took away the functions from the previous version. I'm having to re learn how the app works. We don't need a ""Home"" tab/ screen. Feel like the current information being shown could be under the ""Reflect"" tab. Extra/ different steps to add a transaction. The main button was removed. Had to read the reviews to find out what happened and find a picture of the old layout. ""Spending"" & ""Accounts"" show the same information. Seems unnecessary.",2,20,25.25.5,2025-09-16 21:47:58,"Thank you for sharing this feedback on the new UI! I know it can be disorienting when the app changes and you need to re-build your muscle memory. We're keeping a close eye on how YNABers are feeling about the update, and our support team is always here at help@ynab.com if we can help with navigating the differences! - Caity @ YNAB",2025-09-18 10:45:17,25.25.5,YNAB
243c5024-2e4f-439f-b77f-dcfcd3a0d3d7,I love the idea and how its easy to move money around. The update today however is awful. it makes it so complicated to use,3,8,25.25.5,2025-09-16 18:23:34,"Hi Holly! Our updates aim to make YNAB easier to navigate, but it sounds like we missed the mark with you! If you'd like to share more details about what's feeling complicated, we'd love to hear them—and we can work with you to help you feel comfortable in the app. Reach out any time and Support will jump in to help! -Blair@YNAB",2025-09-18 06:21:44,25.25.5,YNAB
ff97ab59-4477-4ab3-9c1c-7c817c2aba86,Newest update takes you to a new page instead of your budget directly. Also moves you accounts tab further down the bar putting a spending tab inbetween which i dont need. Horrid ui changes. The previous way was way more functional.,1,7,25.25.5,2025-09-16 17:40:07,"Appreciate you sharing your thoughts, JD! We're looking to make the app simpler for YNABers to use, but we hear you when you say you're not loving the changes. I hope it's helpful to know that if you keep the app open in the background, you won't land on the home page every time—only when the app refreshes. -Blair@YNAB",2025-09-18 06:08:49,25.25.5,YNAB
923c4a56-d8bb-431e-97ef-cdd9e368caa2,Issues I had with functionality in the most recent update have been fixed! YNAB is the only way I can keep my sanity as a stay at home mom and managing the finances!,5,6,25.25.5,2025-09-16 17:13:14,"So glad YNAB helps keep you sane, Jessica; same here. Reach out anytime! ~ Lauren @ YNAB",2025-09-17 20:55:14,25.25.5,YNAB
602255f6-e11e-4c90-979f-6da66036e2de,saved my life and my marriage. #financialfreedom,5,0,25.25.5,2025-09-16 16:54:59,"I'm not sure there's any higher praise than this, Alia! Thank you so much for sharing and posting a review—we are over the moon to hear that using YNAB has had such a positive impact on you and your spouse. ❤️ - Caity @ YNAB",2025-09-17 15:21:46,25.25.5,YNAB
d5797e81-578c-4658-9e15-476c3983dd33,"Absolutely horrendous app update on 9/16/25. Go read other's comments on social media. An absolute mind boggling clutter mess!! If my payee is named ""Rent"", I dont need to see ""Rent"" category underneath the payee. If my payee is ""Car wash"", I dont need to see ""Car"" category underneath it! It is distracting!!",1,7,25.25.5,2025-09-16 16:51:36,"Hey Anna, thanks for sharing your thoughts about the changes to the account register on mobile. It's helpful to hear your perspective! YNABer feedback is always part of the conversation when we look at how to make the app better, so you can be sure your voice is heard. -Blair@YNAB",2025-09-18 06:17:55,25.25.5,YNAB
0be61c18-8a9e-46d2-a3da-975f6a8ccb31,Subscription service required. Doesn't tell you untill AFTER creating an account,3,0,25.25.5,2025-09-16 15:33:34,"Thanks for posting about this, Alfredo! When you sign up through a third-party you'll need to choose a subscription option, but you'll receive a 30 day free trial before being charged. We hope you'll still give YNAB a try, and we're always here at help@ynab.com to answer questions about the app or about your subscription! - Caity @ YNAB",2025-09-18 10:15:01,25.25.5,YNAB
b42d61b5-fd29-425b-bc67-b7ae2b3767cd,"I have used this for years. I love the underlying concept of YNAB, and have recommended it over and over to people. I've stuck with it despite the rises in subscription costs. I will continue to use it until a new competitor emerges, *BUT* they have made so many UI/UX changes in recent years. They have ruined their click economy and hidden features several layers deep in hard to find places. This has been a slow rot that will lead me to abandoning the app after more than 5 years.",1,11,25.25.5,2025-09-16 15:29:16,"Thanks for sticking with YNAB over the years, Paul. You've been with us through a lot of updates, and we appreciate that! YNAB doesn't make change for change's sake. We're looking to make things simpler and help more people experience spendfulness. If you'd like to share more detailed feedback about the updates, reach out any time! -Blair@YNAB",2025-09-18 05:50:19,25.25.5,YNAB
43e86d27-a118-419c-b69b-003501b8fbe4,Downloaded just to see what its about. wasn't interested but seen it had signed me up without my knowledge for a monthly cost. $24.99 grateful I found out before they stole my money,1,3,,2025-09-16 14:27:34,"Hi Leah! It's true, you select a subscription when signing up for a trial through Google Play Store, and Google handles the terms and billing. Let us know if you have any questions at help @ynab.com and thanks for giving us a try! ~ Lauren @ YNAB",2025-09-17 20:43:18,,YNAB
79875f31-e87c-4e11-b8e4-28490a0f5b6c,"I'll start by saying I use YNAB religiously and it indeed changed my life for the better. With that being said it does seem like some areas have gone down in quality for whatever reason in the past months. For example it used to be very good at bucketing incoming items when the charges were more or less coming in on a consistent basis, now it's just throwing guesses at the wall. Also not a fan of the redesign. I want to go straight to my budget not some home where adverts will abound.",2,30,25.25.5,2025-09-16 13:54:18,"Thanks for your review, Justin! Glad to hear YNAB's improved your life (same here), and I can assure you we never sell ads or personal data. Would you be up for reaching out via the app or help @ynab.com about those categorization issues? ~ Lauren @ YNAB",2025-09-17 20:40:14,25.25.5,YNAB
354b5650-2d43-4cf4-b402-9a0ddd66b3f7,New update is fantastic! much needed,5,0,25.25.5,2025-09-16 13:22:57,"Thank you for the kind words and enthusiasm about the new update, Mike! I'm stoked to hear that you're enjoying it. 😊 - Caity @ YNAB",2025-09-17 15:24:20,25.25.5,YNAB
2c22b995-3ef0-47b7-bf40-e5f99701c8e3,It takes a few days to figure out but it's awesome. Update Sept 16 2025: New transactions used to be listed on the budget right under overspent categories. moving it to a different screen (home) that I never really use is like putting on a blinder. please change that back.,5,5,25.25.5,2025-09-16 12:36:03,"Thanks for this feedback, Andrew! The Home tab is meant to combine your next steps and pinned categories at a glance. Your perspective helps us keep improving. Please reach out via the app or help @ynab.com if you have more thoughts or questions! ~ Lauren @ YNAB",2025-09-17 20:34:33,25.25.5,YNAB
3c273764-e7b1-4514-8333-599cca4bc743,"Very useful and have been using it for about 10 months. Though I was (or so I thought) good with my money, this app brought it to another level. update: I've been using YNAB for 5 years and it's great but the new UI is absolutely dogshit. I don't want a homepage feed of useless stuff. I'm going right to the budget, as always. walk it back please. more screens and friction isn't the answer",4,16,25.25.5,2025-09-16 11:42:53,"Thanks for your updated review. I'm glad YNAB leveled up your money game; the goal is for new and long-time YNABers alike to feel more of that! The Home tab is meant to hold your next steps and top priorities, and I've passed along your feedback. Let us know more via the app or help @ynab.com anytime! ~ Lauren @ YNAB",2025-09-17 20:29:53,25.25.5,YNAB
82d931e1-20ff-4408-950b-b2733632eaec,Used to be good but now has bloated and made terrible UI design choices. literally all we need this app to do is show me my budget and add transactions. you can't even do that from the same page anymore. I don't care about forum posts or courses or your YouTube courses. been using YNAB for over a decade now and this is the first time I've considered switching to something else. way to ruin a great thing. sorry to the people that worked on this but you missed the mark big time.,1,13,25.25.5,2025-09-16 11:39:18,"I appreciate you posting, Chris! We're trying to improve clarity and ease for both new and experienced YNABers, and your perspective helps. You can collapse the For You section and long-press a category in your plan to add a transaction. Reach out via the app or help @ynab.com anytime with more thoughts or questions! ~ Lauren @ YNAB",2025-09-17 20:25:22,25.25.5,YNAB
2c96495c-d8c1-4280-850c-dfef3108acd5,"I have been using YNAB for 8 years, but the developers keep making the app worse, mainly with navigation and an app/computer delay when making any changes. I wish they'd keep things simple, the home section is pointless in my opinion.",4,8,,2025-09-16 11:27:15,"Thanks for posting as a long-time YNABer, Zachary! We're aiming for better clarity and ease by putting top priorities and next steps on the Home tab. Some troubleshooting may help with delays, so please reach out from the app or help @ynab.com if you'd like us to dig in! ~ Lauren @ YNAB",2025-09-17 20:22:49,,YNAB
15d75665-b6f7-4c91-ac03-bcb33dd45426,The new home tab is bad and makes it more difficult to enter transactions quickly on the go. Please add an option to remove it and stop making significant UI/UX changes every few months.,1,13,25.25.5,2025-09-16 11:10:54,"Hi Mike! We're eager to get feedback on this update, so thank you for sharing. If you used to add transactions from the Plan tab, I get how this change would be disruptive. We have some nifty ways of entering spending quickly (like long-pressing the icon) that may help! If you want to chat more, we're always here at help@ynab.com. - Caity @ YNAB",2025-09-17 17:07:35,25.25.5,YNAB
9635ab9d-c93b-4bcb-8e6e-6640fa905910,The app itself is very useful but I really don't like the updated UI and I wish I could go back to the old version,3,10,25.25.5,2025-09-16 10:47:01,"We're glad you find YNAB useful, Ruth, and we appreciate you sharing that you don't like the updated UI. If you're up for it, we'd love to hear more details about what's not working for you. Start a chat with us in the app and we'll make sure your feedback gets to the right place! -Blair@YNAB",2025-09-16 17:25:46,25.25.5,YNAB
4051683c-ecd7-4f0e-8a64-59f6d510448a,Why do yall keep changing the layout? Twice in 3 months I've had to spend more time finding out where YNAB moved my money panels than where my actual money went.,2,10,25.25.5,2025-09-16 09:42:28,"Hi Daemon! I can totally relate—it took me some time to adjust and build back that intuition when navigating the app. Any changes we make are with the ultimate goal of making YNAB more simple and effective. Hopefully that will be your experience in no time, but you can always reach out to help@ynab.com if you have more questions! - Caity @ YNAB",2025-09-17 15:01:24,25.25.5,YNAB
e7062c4c-dc11-419e-a160-998cee0a7eec,"I hate that it's a fact of life that software companies feel the need to force UI/UX changes on users, often to add clutter and distractions in an attempt to chase ""engagement"". It's a huge bummer to see YNAB fall into this trend as well.",1,12,25.25.5,2025-09-16 09:02:57,"Thank you for sharing your perspective on this, Ryan! Our goal is always to improve the experience for new and long-time YNABers alike, but I get that not every change feels that way. If there's anything specific about the update that isn't working well for you, we'd love to hear more! Reach out anytime at help@ynab.com or in-app. - Caity @ YNAB",2025-09-17 12:51:35,25.25.5,YNAB
30fd4a54-9499-42ed-a36d-b2240c71f7b8,Uninstalling after another absurd UI update that adds so many steps to the processes that used to be simple. Will be finding a new budget software once ny subscription ends.,1,10,,2025-09-16 08:05:48,"Thanks for sharing the impact that this new update has had, Casey. While we'd be sad to see you go, we mean it when we say we want you to love how you spend your money. If we can support you in any way, I do hope you'll reach out to help@ynab.com! We're always happy to share workarounds, pass along requests to our product team, etc. - Caity @ YNAB",2025-09-17 15:13:40,,YNAB
a98a11c3-4746-414d-84f5-914bd5391a0a,"Every update makes it worse. Been using it since 2020, used to love it, now seeking an alternative so that I can cancel. So sad to see this app decline like this. They used to care if it worked, now they just want it to be pretty. It really used to be such a great budget app. Why must everything become social media?",2,11,25.25.5,2025-09-16 08:04:23,"Thank you for posting, Susan, and YNABing with us the last 5 years! There have been some big design changes and I hear that those haven't added value for you. It's still super important to us that the app works, though! If something isn't working the way it used to, please reach out at help@ynab.com so we can dig in with you. - Caity @ YNAB",2025-09-17 16:11:29,25.25.5,YNAB
005b1fd7-1151-4742-b9cd-c38178685f42,"NEW REVIEW: I am an evangelist for this app but I don't recommend it any longer. In the last two years, there are constant UI changes that make it extremely difficult to find a workflow. These aren't small things, they're like ""We moved the page where you see your spending"" type things. Unless you want to learn a new system probably once a month, I would recommend another app. Old review: YNAB is amazing and has changed my life. .",2,11,25.25.5,2025-09-16 07:46:04,"Thanks for your updated review, Teo. These updates are meant to improve clarity and ease in YNAB in the long-term, but I know change is tough, especially when it interrupts hard-earned muscle memory. If you'd like tips, or have questions or additional feedback, please reach out anytime! ~ Lauren @ YNAB",2025-09-17 09:02:18,25.25.5,YNAB
37c03364-4050-42c9-b31c-e8aff45e0d8d,annoying bloatware hiding the budget,1,9,25.25.5,2025-09-16 07:41:07,"We hear you, Lily! It took me some time to adjust, and now the Home tab feels like...well, home. You can also switch apps and come back to the same tab you left. Let us know if you have other feedback at help @ynab.com! ~ Lauren @ YNAB",2025-09-17 08:58:12,25.25.5,YNAB
51556563-9004-41f2-b379-7e9b61f716ca,"Been a user for years, and the version 25.25.5 redesign finally irked me enough to write a review. It's overpriced for the features you get, and the UI in the mobile app is redesigned capriciously. I'm using my mobile device primarily to input transactions, since I've got it with me when I make most purchases. Making this more complicated is a fundamental misunderstanding of a major customer use case. The functionality goes down with each redesign.",2,7,25.25.5,2025-09-16 06:14:45,"Hi Ben! Thanks for sticking with YNAB through the years and sharing how this update has impacted you. We know lots of YNABers rely on mobile for fast entry, and I get that it's frustrating for your workflows to be disrupted. I've shared your feedback, and please know we're always here at help@ynab.com to support you in the changes! - Caity @ YNAB",2025-09-17 13:08:20,25.25.5,YNAB
477037fa-a9e8-4300-9724-d4ea35a3ba66,"Atrocious ""For you"" section added to the home menu. yeah it's collapsible, yeah I hate it for cluttering up my budget app",1,7,25.25.5,2025-09-16 05:42:07,"Thanks for posting, Alexander—we're tracking all the feedback about this update! For You is meant to show helpful YNAB content and a way to get in touch with Support quickly, like the Help tab did previously. If you have additional ideas or questions, reach out anytime. ~ Lauren @ YNAB",2025-09-17 08:56:13,25.25.5,YNAB
fd204b59-9503-40cc-8fbd-df192857c075,"The new UI is so clunky. I do not like the most recent update. After so many years of consistent transaction input and everything looking similar, it's very difficult to distinguish items that have cleared and reconciled, etc. With all of the recent update failures, I probably will be leaving this app soon. This service clearly doesnt care for user input.",2,10,25.25.5,2025-09-16 05:25:48,"I hear you, Emily—this is an especially big update! We know it may take time to adjust your workflow, and we're paying attention to all the feedback we receive. Our goal is still more clarity and less second-guessing with your money. If you have questions or ideas about transaction statuses, please reach out to help @ynab.com! ~ Lauren @ YNAB",2025-09-17 08:50:52,25.25.5,YNAB
06ad42e3-024f-436f-8f30-51dd1b3f8e7c,"I loved that app a lot. Using YNAB since YNAB4. At first YNAB4 users were supposed to have a reduce price on nYNAB for life, they changed they're mind after a year or two. They also doubled the price at some point. The worse, it's not YNAB anymore, they are adding and removing features to make it easier to ex Mint users. Actual Budget is an open source free software that is like YNAB4, it works great and is more flexible. There's no app though, but a mobile app that works as good.",2,4,25.3.3,2025-09-16 05:23:53,"I appreciate your post, Dave! While the updates might feel new, we're aiming to align the app more closely with the YNAB Method, and integrate feedback from new and experienced YNABers like you. And YNAB 4 users still get a 10% lifetime discount! If you have any follow-up questions, please reach out at help @ynab.com. ~ Lauren @ YNAB",2025-09-17 08:42:43,25.3.3,YNAB
af690608-1756-42bf-9488-87e023c2597c,for me it took a few months to properly settle in. but the reward for persistently using the app is awesome.,4,1,25.25.5,2025-09-16 03:15:47,"That's fantastic, Tyler! 🙌 We're glad you're seeing the payoff for that effort you put in at the beginning. Thanks for writing a review to let others know about YNAB! 😊 -Blair@YNAB",2025-09-16 12:51:12,25.25.5,YNAB
b125842b-919b-4e3d-81a2-5c4b97640ad5,I love YNAB. But this app... Can we please stop fixing things that aren't broken to justify price increases???,2,8,25.25.5,2025-09-15 22:38:42,"I appreciate you posting, Mindy! We love YNAB too—and the latest updates are part of a larger plan to improve clarity and ease, though it'll take some adjustment. Please reach out via the app or help @ynab.com if you have thoughts or questions! ~ Lauren @ YNAB",2025-09-16 20:50:15,25.25.5,YNAB
5502bd4b-7317-43ef-aa0c-739df20ab202,update: new home page kinda sucks. I don't mind it but I'd rather see transactions pending to approve in the plan not in the home page Managed to get it linked to my bank. My only problem with the app is how slow it is updating the bank details. Other apps I've used sync instantly when you select the sync option. I hope this gets implemented. Then it's 5 starts,4,3,25.25.5,2025-09-15 22:34:00,"Thanks for updating your review, Pau! The Home tab is meant to be your one-stop-shop for important actions, and you can also open a specific account to approve transactions. Reach out us through the app or help @ynab.com if you'd like to troubleshoot or share any other thoughts! - Lauren @ YNAB",2025-09-16 20:11:34,25.25.5,YNAB
06bc16a3-ec69-4667-9f1a-8adda839c0f7,"Great method, let down by changes and a non-optimised mobile interface. Very expensive for what it is. The budgeting method on YNAB is excellent. Unfortunately the mobile interface is quite cumbersome. Additionally changes when the app is updated, means you have to get used to new button locations again. I want my budget app to prioritise fast and easy adding of transactions, which this app used to allow, but over time the mobile inteface has become more cumbersome.",3,4,25.25.5,2025-09-15 21:23:21,"I hear you, Jarek—it takes time to feel efficient when things change! You can now add transactions in more places: 3 tabs, long-pressing a category, and more. And we'd love to talk through any follow-up questions and thoughts via the app or help @ynab.com. ~ Lauren @ YNAB",2025-09-16 06:33:58,25.25.5,YNAB
be2e9dab-4694-420c-bba0-3dbadcc676e6,new UX changes are tacky and take away from the original intent and purpose of the app. at least give users the choice to decide which tab the app opens to.,1,8,25.25.5,2025-09-15 20:58:00,"I really appreciate you sharing your thoughts, Azeem! We strive to make the app more intuitive and make second-guessing our spending a thing of the past, though I understand if the changes missed that mark or aren't what you want from YNAB. I've shared your feedback and hope you'll reach out to help@ynab.com if you have more to add! - Caity @ YNAB",2025-09-16 13:20:09,25.25.5,YNAB
23c13dd1-c3c8-4112-b58f-55068e892956,"terrible update. I have to click through three different layouts to get to my transactions? Who in the world did you test this with? a rock? this is legit enough to make me give up on ynab. if I'm looking at my accounts page, why would I NOT want a link to the outstanding transactions to be approved? my response: you're misunderstanding. I want to see the alerts for the transactions which prev. appeared at the top of the ""plan."" now they only show in ONE location. much less real UI friendly.",1,20,25.25.5,2025-09-15 19:46:46,"Hi K, thanks for posting again! Our team's carefully monitoring feedback like yours. We know this update had some big changes, and each change reflects lots of feedback along the way. Please reach out in the app or to help @ynab.com if you have other thoughts or questions! ~ Lauren @ YNAB",2025-09-15 20:05:25,25.25.5,YNAB
b7d1f034-e2b1-4154-87d8-ab55d34bf26c,"Complete garbage. Every new version is buggier, clunkier, and more annoying. Company does not listen to the community, and does not care about users. The only thing you can count on them is to raise prices every year. If you can, get YNAB4 for desktop, before it became this cash grab. If it's too late and, like myself, you already paid for the full year, look for the apk version 24.13.1 on reddit. It wasn't good but for sure it's miles better than the current one.",1,10,25.25.5,2025-09-15 18:53:22,"I hear your frustration, Ramon. Periodic increases allow us to keep improving, but if you're not enjoying the changes, I get how that might reduce the value for you. If you're up for sharing more about what would improve your experience, I'd love to pass it along. Reach out in-app anytime—your feedback and ideas matter a lot to us! - Caity @ YNAB",2025-09-16 12:37:42,25.25.5,YNAB
027eb2d0-0785-43cd-b7d4-b4ddc70dd974,"New update - ""minor"" changes? The UI is completely different. It now takes several extra steps to see information that used to be laid out immediately upon opening the app, which is not the end of the world but is definitely irritating. Worst of all, it apparently can't sync properly anymore. Transactions used to show up within 24 hours, but it's now lagging several days behind.",2,35,25.25.5,2025-09-15 17:07:36,"Hi Karen, thanks for posting! Would you reach out via help @ynab.com or the YNAB app? We'd love to troubleshoot your bank connection and give more tips and context to make your workflows easier. ~ Lauren @ YNAB",2025-09-16 06:35:48,25.25.5,YNAB
662c5d36-3ceb-48e6-ba16-6a763326c180,"Hate the new update. Never asked for or wanted a ""Home"" tab with lots of ads. The Budget Plan already showed everything I need. New Transactions to review are not on the Plan page but Overspent is? Why? And why is the Add new transaction button on the Home screen and not on the Plan tab, where you are actually looking at your budget? Congrats, you've made the app less functional.",2,8,25.25.5,2025-09-15 16:39:03,"We hear you, Kate—thanks for posting feedback! Quick notes: We never sell ads, and the For You section is collapsible if you prefer. Long-press any category to add a transaction. Let us know via the app or help @ynab.com if you have follow-up questions or concerns! ~ Lauren @ YNAB",2025-09-16 06:30:38,25.25.5,YNAB
c1e0808c-6fa4-43dd-86b8-fcee7df1addc,New design for viewing transactions sucks. Too much wasted space/more scrolling required. Why fix what isn't broken?,1,7,,2025-09-15 16:04:51,"Thanks for posting, Griffin! It's true more context shows for each transaction now, and we're also improving search. We'll keep doing our best to integrate feedback and align the app more closely with the YNAB Method. ~ Lauren @ YNAB",2025-09-16 06:27:22,,YNAB
201bc57b-2871-46ce-9c9d-8b09c746a521,"I have been using YNAB for years. I love it. The app is simple and user friendly. It has helped me and my fiance stay on track with spending, communicate about finances, and pay down debts. I use it for my business to keep track of how much to pay myself, to hold back for taxes, for business expenses and to balance books. Thank you YNAB for the peace of mind. I can't live without it!",5,0,25.25.5,2025-09-15 15:53:58,"Thanks for the wonderful review, Sarah! I love that YNAB helps give you peace of mind in your business and your relationship. ~ Lauren @ YNAB",2025-09-16 06:24:07,25.25.5,YNAB
d983ffc2-3fc3-4b8c-ba77-b1c81b0fa0cc,new update completely ruined the ux. I don't be renewing my subscription.,2,7,25.25.5,2025-09-15 15:31:15,"Hi Chris, I hear you—there are a lot of big changes here, and it took me time to adjust. If you have any specific feedback or want help managing your subscription, please let us know from the app or help @ynab.com! ~ Lauren @ YNAB",2025-09-16 06:14:22,25.25.5,YNAB
56c4d983-dfdd-4b1c-a887-c36436e016d8,"Stop changing things for the sake of change! It's not a plan, it's a budget. You Need A Budget, right there in the name. I don't want a list of all transactions. I want the 'add transaction' button easily accessible. The spotlight page is nice, why is it only available for the current month? Speaking of, why aren't there next/prev buttons to change the view easily?",3,5,25.19.1,2025-09-15 13:47:36,"Thanks for posting, Jordan! YNAB isn’t changing for change’s sake—we're focused on updates that align with the Method and support new and experienced YNABers. You can now add transactions more places (by long-pressing a category or the app icon, from 3 tabs, etc). Reach out via the app if you'd like more context or tips! ~ Lauren @ YNAB",2025-09-15 19:53:19,25.19.1,YNAB
b95fa76e-8ebd-443c-917d-688c3e51d3d2,"Intuitive, beautiful interface. But recent price changes have made this a VERY expensive option, so I'll probably switch to something free when my current year is up. Update: I'm still a customer, I just can't find anything else that does what I need. But I'm taking another star off because recent UI changes have made it harder to use by taking what was a nice condensed layout and expanding it so it's harder to read and requires a lot of scrolling.",2,9,25.25.5,2025-09-15 11:07:28,"Thanks for sticking with YNAB for now, and adding this feedback about taking up more space! It's true, more context shows up for each transaction. We've improved Search to help—let us know via the app or help @ynab.com if you want tips or have other thoughts! ~ Lauren @ YNAB",2025-09-15 19:40:44,25.25.5,YNAB
be435aaf-671e-48b7-a26c-df1cfab1f6f8,best Finance App I've ever used.,5,0,25.25.5,2025-09-14 20:37:32,Thanks for the ⭐⭐⭐⭐⭐ review — we appreciate you! -Renae @YNAB.com,2025-09-15 07:41:04,25.25.5,YNAB
eb66dd8a-565f-46b7-ad49-f5bfcf165098,I love this app. Ive been using it for a bit over a year and have become so much more in tune with my spending and habits. An update happened this week that is really messing with me though. please change the transaction view back or give us an option for the view.,5,2,25.25.5,2025-09-13 15:53:52,"Hi Janae, so glad to hear you love YNAB. And please reach out in the app or to help @ynab.com, so we can check whether you're seeing something unexpected or give context and help! ~ Lauren @ YNAB",2025-09-14 21:39:57,25.25.5,YNAB
2c2ce785-9fee-4795-9ab0-306553247d76,Life changing! Definitely give it a try... I'm quite sad I didn't find this sooner!,5,0,25.25.5,2025-09-12 06:30:03,,,25.25.5,YNAB
48453b5b-0416-4b97-bf27-2c99ff6dab2d,"love the idea but at $22 a month for a budgeting app aimed at people trying to reduce their monthly spend... yeh, that's crazy.",2,5,25.25.5,2025-09-11 15:21:58,"Hi Luke! The monthly price YNAB subscription is $14.99 USD. A lot of people prefer the annual subscription which, at $109 USD per year, works out to just over $9 USD/month. Many find they save more than they spend on a subscription, but if the value's not there for you we understand. Thanks for giving YNAB a try! -Blair@YNAB",2025-09-12 12:15:20,25.25.5,YNAB
a7fa3937-7842-4580-ba01-ed633fb5a35e,How i get student plan for free,5,0,,2025-09-11 07:41:26,"We'd love to set you up with a free year of YNAB, Nalaka! 🎉 If you're in the US, you can go to https://www.ynab.com/college to claim your free year. If you're outside of the US, send proof of enrollment to help@ynab. com and we'll reply back with a link. 😊 -Blair@YNAB",2025-09-12 06:32:46,,YNAB
0727de91-b1e2-4145-b199-0a4f578e718b,"I have absolutely NO idea how and why this app gets the good reviews its gets. Its an overpriced fancy spreadsheet showing you when your bills are due. Unless you have an entire months worth of funds sitting in savings to pre-assign money to all the categories, then what good is it?! You TELL me how to assign funds to efficiency budget my month, but noooo, it doesn't do that. The envelope method only works for people with more money than bills, and not actual people who need a real budget.",1,3,25.25.4,2025-09-10 09:48:39,"Thanks for sharing your thoughts! YNAB is different from other tools. It's designed to help you prioritize what’s most important to you, whether you've got a lot or not a lot. If you’d like, our team is happy to walk through your setup and offer tips to make it work better for your situation—just email us at help@ynab.com . 💛 -Renae @YNAB.com",2025-09-10 13:24:13,25.25.4,YNAB
ba4dd6ae-104f-4e64-9b7b-6bb74054facc,"The app is honestly kind of awful. The UI is all very nice and intuitive, but none of it really helps with budgeting the way you think it would. The app merely tracks your spending and tells you when you've spent over a certain threshold, which you determine. It does not make any suggestions of how better to spend the money or reevaluate the initial budget. It's not built well enough to implement ways to handle quarterlies and taxes either. Don't waste your time.",2,3,,2025-09-09 13:42:34,"Thanks for sharing, Andre! YNAB is designed to put *you* in control of your money rather than dictating how you choose to spend your money. Quarterlies and taxes can be handled with categories. Feel free to reach out to our support team if you'd like to give it another try! help@ynab.com 💛 -Renae @YNAB.com",2025-09-10 07:35:31,,YNAB
28ae2cb3-f7e1-4cd0-99ce-1c78e45c08b4,"It is lacking compared to competitors. The automatic transaction import feature is flawed. More so recently, it stops syncing frequently which throws me off. I contacted support three times. It works after each contact, but then breaks again later. The reporting and visuals on Android are lacking compared to competitors and their own desktop version. All of this would be tolerable if it were a low cost or free product, but it's not. It is the most expensive budgeting app I have seen.",2,79,25.20.1,2025-09-09 08:04:36,"I can understand why you'd feel frustrated after continued problems with your bank connection. I know you've reached out before, but I'd love for our specialized direct import team take another look, so if you're up for it I'd encourage you to get back in touch! I've also shared your feedback about app reflections with our design team -Blair@YNAB",2025-09-09 17:07:19,25.20.1,YNAB
02edb15a-39d9-4934-81d4-2a8bc74a5f99,"Amazing budgeting app and method. I've been using YNAB for 7-years now, and I just keep learning more. It has brought a ton of piece of mind to give every dollar a job and always be able to know where I stand financially and adjust as unexpected situations come up and circumstances change. 10/10 would recommend this method and app. Thank you, YNAB!",5,0,25.24.1,2025-09-08 21:54:24,Wow—7 years! 🎉 Thank you for sharing your experience with YNAB. I love hearing how the method has continued to teach you new things and bring you peace of mind over the years. Knowing that it’s helped you navigate changes and unexpected moments means so much to us. 💛 -Renae @YNAB.com,2025-09-09 12:15:14,25.24.1,YNAB
9af42230-bb0e-47d8-b6e9-26b02710330a,paid app,2,2,,2025-09-08 10:17:22,,,,YNAB
8ea2a99e-7e56-4dfe-8641-7a2359c96b0f,Great tool and system for getting a handle on your budget,5,0,25.24.1,2025-09-07 02:47:39,,,25.24.1,YNAB
208bafa4-7663-48b0-b880-1ec7f8bdac9c,Too expensive man 🙃,1,2,,2025-09-05 10:51:16,"I hear you — sticker shock can be real 🙃. YNAB isn’t the cheapest option out there, but our goal is that it pays for itself (and then some) by helping you save and spend with less stress. If you’re curious whether it could be worth it for you, our team’s always happy to chat at help@ynab.com — Renae @YNAB.com",2025-09-07 13:58:16,,YNAB
0aa8b80a-c9d2-4b69-be72-1e7aec3e67a9,dont like it,1,1,,2025-09-05 03:24:42,"We're glad you gave YNAB a try, Yahiaoui! No matter what method you use to plan for your expenses, we hope you experience the joy of ✨spendful✨ living. -Blair@YNAB",2025-09-05 18:11:19,,YNAB
46bf6d66-f5bc-43e6-a896-1b1ceb21bf67,"We've used YNAB for about 9 years now and we love it. I would be lost without the goals and tracking it allows. Plus, the time or two I had issues (very infrequent!), the team at YNAB worked with me personally until the problems were sorted completely. Very highly recommend!",5,2,25.23.0,2025-09-03 13:13:34,"Thanks for sharing your experience as a long-time YNABer, Amy! We're always glad to help. ~ Lauren @ YNAB",2025-09-04 07:30:05,25.23.0,YNAB
c37d065e-fde6-4352-8fa7-fefa6aac9409,"doesn't do anything you couldn't do with a notepad app. I was looking for an app that'll help me analyze my finances, not make me guess how much my gas will cost in 3 weeks.",1,1,,2025-09-02 18:16:05,"Thanks for checking out YNAB, Anthony! We strive to help you make an intentional plan for your money and the more you use the app, you'll start to see patterns that will give you the insight you’re looking for—it just takes a little time. If you'd like to chat more, we'd love to hear from you! You can get in touch at help@ynab.com. - Caity @ YNAB",2025-09-03 17:59:24,,YNAB
d2e82d16-281c-4d73-9d29-8554464b2d89,"The app has bare-bones features. You can, at least, ensure that the bare-bones setup works. I can't use '0' on the keyboard during multi-category transaction splits. This is frustrating. And no, I don't want to use the web app. I have a paid subscription for the convenience of a mobile app. How can you release a new version without proper QA? If it's a platform issue, what's taking your dev team so long to roll out a fix? This can't be a how a serious app business runs. Ridiculous!",2,2,,2025-09-02 13:56:31,"Hi Jefin, this is on our radar and a potential fix is expected in the next Android app update. In the meantime, you can try switching your device to [gesture navigation](https://support.google.com/android/answer/9079644?hl=en). Message us any feedback or questions via the app or help @ynab.com! ~ Lauren @ YNAB",2025-09-02 21:34:34,,YNAB
5fa6efc8-9335-4c7a-9a70-471d0aa576fa,"Can you all please fix the split expenses function for android? Once I have my selected categories it takes me to the screen to specify how much for each, however the bottom row of the YNAB calculator is overlaid by my phones permeant menu. this is not a problem on other YNAB app pages as you make them scrollable or lifr the functions so that they are accessible. The way that it is now, whish is different than before, I can no longer split successfully transactions using the app. Thank you!",5,0,25.23.0,2025-09-02 12:26:29,"Hi Crystal, this is on our radar and a potential fix is expected in the next Android app update. In the meantime, you can try switching your device to [gesture navigation](https://support.google.com/android/answer/9079644?hl=en) or using the web app. Reach out via the app or help @ynab.com anytime! ~ Lauren @ YNAB",2025-09-02 21:33:12,25.23.0,YNAB
bd42954f-174c-4539-a955-541d39b9bbbe,I understand the concept for this app but it didn't work with me. But the main reason I am scoring it so low is because you cannot cancel your subscription on mobile. I had no access to a desktop/laptop to use the website and the days just rolled on. Over a year later I've just realised I've still been paying £15 a month for a service I'm not using. Isn't it ironic that I subscribed to help save/budget money and it's ended up costing me hundreds. Oh well.,2,2,25.23.0,2025-09-02 10:55:04,"Hi Brodos, I'm glad you posted here! Depending on whether you subscribed through Google Play Store or YNAB, you may be able to get refunded for at least the latest charge. Please reach out to help @ynab.com and we'll dig in. ~ Lauren @ YNAB",2025-09-02 20:58:48,25.23.0,YNAB
c2c15d5d-3576-4b7e-a64d-e4ca8dfde6d5,I have been using this program since 2018 and can't say enough great things about it. It has helped organize every dollar with confidence. Customer service is the best. They answer any questions thoroughly and are committed to helping you. It is worth every penny.,5,0,25.23.0,2025-09-02 08:30:56,"Thanks for the kind words, Julia—we're absolutely here to help, and glad YNAB gives you confidence! ~ Lauren @ YNAB",2025-09-02 20:57:13,25.23.0,YNAB
4d0a8c88-7f69-42cd-b4ef-e6561968fd4b,"is any one else having trouble inserting transactions because the "" 0, back & done"" bottons are on the same level of the phone devices ""home & back"" buttons . I use a Samsung device. I haven't noticed this issue before",3,2,25.23.0,2025-09-01 21:19:24,"Hi Aileen, a potential fix is expected in the next Android app update! Keep an eye out for that, and in the meantime you can switch your device to [gesture navigation](https://support.google.com/android/answer/9079644?hl=en) or use the web app. Reach out if you have questions! ~ Lauren @ YNAB",2025-09-02 20:27:26,25.23.0,YNAB
17843024-2777-4760-803e-b6154b1d1d46,can't imagine managing finances any other way. been using it for about 5 years,5,0,25.23.0,2025-09-01 20:14:57,"Same here, Gideon! Thanks for being a long-time YNABer, and please know we're happy to help anytime. ~ Lauren @ YNAB",2025-09-02 20:23:13,25.23.0,YNAB
05480fbd-b2f6-4c4f-ac85-4988d89ccc81,App does not function. Do not recommend.,1,0,25.23.0,2025-09-01 09:29:18,"Hi Mike, thanks for sharing your experience! Would you be up for sharing feedback with us about what didn't work for you? Message us at help @ynab.com and we'll gladly dig in. ~ Lauren @ YNAB",2025-09-02 09:25:05,25.23.0,YNAB
7df33421-5279-4cf4-8363-0592234f71f4,"full screen mode app buttom bar conflicts with phone navigation controls. My galaxy s23+ with android 15 in portait mode has a navigation bar at the bottom with a task, menu and arrow buttons. I cannot use all of YNABs calculator's buttons in a split transaction for example. The app should scale to the usable area of the interface.",3,1,25.23.0,2025-09-01 09:28:09,"Hi David, thanks for posting about this! It's on our radar now. Try switching your device to [gesture navigation](https://support.google.com/android/answer/9079644?hl=en) or using the web app, and reach out via the app or help @ynab.com if you'd like us to note that your account is affected! ~ Lauren @ YNAB",2025-09-02 09:26:30,25.23.0,YNAB
754b05a6-dd65-454d-bb29-abc9f343edfa,Just can't figure out the envelope method. YouTube videos didn't help much.,1,0,,2025-09-01 09:22:39,"Hi Kristy, thanks for posting! Our Support team is fantastic and can give custom advice, if you're still willing to give the YNAB method a try: reach out via the app or help @ynab.com and we'll dig in together. ~ Lauren @ YNAB",2025-09-02 09:24:15,,YNAB
61876231-8588-4306-9593-a4d01d3f4a0f,Best method we have ever had to budget. Nothing we tried before worked for the two of us.,5,0,25.23.0,2025-09-01 04:54:54,"I'm so glad YNAB helps you work (and spend) together, Lynn! Please reach out if you ever have questions, we'd be glad to help. ~ Lauren @ YNAB",2025-09-02 08:51:45,25.23.0,YNAB
9b8ff23d-8f36-4199-9196-9c3f5ac1f302,I thought it was free.. pssh.🙁,3,0,25.23.0,2025-08-31 16:57:51,,,25.23.0,YNAB
2e4761ec-44bc-41f4-9018-a44e976201e5,"Ive been using this app and really love it I just think $15 a month is kind of steep, I think something like 8-9$ a month would be more fair for a subscription I'm planning to keep for years to come. The features and updates are great though so ill stay but let me know if there's any discounts and I'll change to 5 stars😊",4,0,25.23.0,2025-08-31 08:39:18,"Hi Trevor, glad you posted! We have two subscription options: $109 USD annually or $14.99 USD monthly (plus tax). The monthly option is great if you’re not quite ready to commit, but annual saves you a good amount! Reach out in the app or via help @ynab.com if you have questions about managing your subscription. ~ Lauren @ YNAB",2025-09-02 06:51:42,25.23.0,YNAB
f9a230b3-39c0-452d-8e65-aa22db841d0b,this latest update on android made it impossible to split a transaction because all the bottons at the bottom are where the navigation buttons are on my Samsung so I can't click on any of the YNAB app buttons.,1,4,25.23.0,2025-08-31 06:47:16,"Hi Michael, thanks for posting! We've heard similar reports, so this is on our radar. Try switching your device to [gesture navigation](https://support.google.com/android/answer/9079644?hl=en) or use the web app. If you reach out via the app or help @ynab.com, we can note your account is affected! ~ Lauren @ YNAB",2025-09-02 06:39:33,25.23.0,YNAB
1c4ff402-7dfd-4fea-831c-c0f67d7a5167,"The most confusing and unstable app. My bank credentials expire multiple times a day and I have to keep authenticating over and over again. I really wanted to give this app a go, but usability is just not there for me",1,1,,2025-08-30 10:56:31,"Hi Kamalpreet, thanks for sharing you didn't have a smooth experience! We're always glad to troubleshoot bank connection issues and help with other transaction entry methods. Reach out via the app or help @ynab.com if you'd like to give it another try. ~ Lauren @ YNAB",2025-09-01 07:09:28,,YNAB
7a0bad1b-5e17-4e66-9e8a-f9ee3ead5427,Doesn't do a whole lot yet,5,1,25.23.0,2025-08-29 19:31:27,Hi John! Thanks for taking the time to leave us a review. We'd love to help as you get started. Can you write to us at help@ynab.com? Feel free to ask for me directly. We're here for you! - Meghan,2021-12-28 10:33:40,25.23.0,YNAB
5c32a368-7cdf-4ceb-b74f-31911c623776,"I cannot enter splits because now (in split mode only) the Android button bar is overlapping the ""0"" and ""Done"" buttons. All other views in the App fit the screen with Android navigation buttons at the bottom.",3,5,,2025-08-29 17:58:41,"Thanks for letting us know what you're seeing there, Kelly! If you haven't already, I'd love to have you reach out to our Support team at help@ynab.com — we'd love to see what we can do to fix you up! 😊 - Renae @YNAB.com",2025-08-31 12:23:10,,YNAB
e6389665-41aa-437e-a62f-0cb415db5c52,"I wish there was a free version, I love this app",4,0,25.23.0,2025-08-29 11:39:51,"Thanks so much for the kind words, Laura! Our most important tools — the YNAB Method, our learning resources, and our workshops are all free and even if you choose not to purchase a subscription to the software, we hope you'll use these resources! 😊 — Renae @YNAB.com",2025-08-31 06:51:30,25.23.0,YNAB
28adaf35-2c7c-4fe6-bcc0-3f011aabdfac,"Was all good up until yesterday's update. Now I can't put amounts in multille categories of a transaction as the figures are too far down on the page, as is the back button!",3,8,25.23.0,2025-08-28 08:54:11,"Thanks for sharing about this issue on the Android app, Ruth! We've heard similar reports and our developers are looking into it—for now, switching your device to gesture navigation or using the web app may help to minimize disruptions and get you back to YNABing. If you have questions, reach out to help@ynab.com anytime! - Caity @ YNAB",2025-08-29 12:30:54,25.23.0,YNAB
ee1d346f-9577-4742-b8a6-4c7b4afaa444,love this app! it's so helpful and the customer service is top notch.,5,0,25.22.0,2025-08-27 05:47:41,"Thank you for sharing so much YNAB love, Michael! We couldn't be happier to hear that YNAB has been helpful for you, and we really appreciate the shout out to our support team. We're rooting for you! - Caity @ YNAB",2025-08-27 16:38:18,25.22.0,YNAB
037271ec-0fa6-4424-a854-cae6ea7d2801,"110$/year. 30 day free trial, but no access to app without paying",1,0,,2025-08-26 11:19:06,"YNAB starts out with a free 34-day trial—after that, it's $109 annually. For your money you get a proven method to help you spend joyfully, apps to help you practice the method, lots of updates, and a dedicated support team. Many find that they save more money than they spend on the subscription. We appreciate you giving YNAB a try! -Blair@YNAB",2025-08-27 11:04:51,,YNAB
5a593ed1-db4a-4082-8c2f-2b165436ba4a,Platform is a little clunky but it does what we need it to do.,4,0,25.22.0,2025-08-26 08:04:30,"Glad you're finding YNAB useful, Sarah! If you want to share feedback about any clunkiness with us, we'd love to hear from you via the app or help @ynab.com. ~ Lauren @ YNAB",2025-08-26 20:33:11,25.22.0,YNAB
c8385d4d-bf41-4d5e-8ef9-1e1df4c081dd,I need a budget to afford a budgeting app apparently. Annoying how many apps let you do a whole set up and creation and THEN tell you you have to pay or can't use it,1,0,,2025-08-26 06:53:53,"Hi Josh, thanks for this feedback! It's true, after a 34-day free trial YNAB requires a subscription to use. Many YNABers find they save far more than the cost in their 1st month. We also never sell ads or data. Please reach out to help @ynab.com if you want help deleting your account or have any questions! ~ Lauren @ YNAB",2025-08-26 20:32:01,,YNAB
13bfefb5-8d67-4e25-ab80-87120ffd2019,"Fantastic app, we use it alongside the website to check budget while we're out and to approve & categorize payments as they come through. YNAB has helped us to get control of our finances and sort out debts. It's definitely been worth the monthly fee.",5,0,25.22.0,2025-08-25 23:39:52,,,25.22.0,YNAB
b12a69be-033f-42f5-a1cd-90b0bfa539ca,"Leaves a lot to be desired. Software is archaic & senseless. Not designed with logic or user-efficiency, also not intuitive. Lots of manual work and time, & will require frequent user maintenance to keep it correct. Days & hours to even figure out how to set up. The difference between this & my Excel sheet, is the fact that it imports transactions. Desktop & this app are UNSYNCED. It doesn't know how to factor in cc payments, so just tells you constantly you're ""overspending"". 🙄",2,7,25.22.0,2025-08-24 15:35:17,"Thanks for posting an updated review, S! Feedback like this helps us improve YNAB, so I've passed it along. That said, we can absolutely dig into the desktop and mobile apps syncing and credit card payments issues further—please reach out via the app or help@ynab.com! ~ Lauren @ YNAB",2025-08-25 21:39:52,25.22.0,YNAB
0ed9fa83-05fb-41c0-8f20-0bc92b3fdaa1,"why the hell would I want to pay for a subscription to save money!? how does that make any sense at all? I'm barely getting by and I just wanted a simple app that I could input my income and finances to keep track of my spending, not add another useless expense to my list. What a joke.",1,2,,2025-08-21 19:41:10,"Hey Bryan! Charging a fee for YNAB ensures that the app keeps improving and that we'll never sell your data. I hear your frustration with that model, though, especially when money is tight. I hope you'll still give the free trial a go—many YNABers end up saving much more than the subscription cost from the clarity it brings! - Caity @ YNAB",2025-08-22 15:25:06,,YNAB
e3252cb0-dc40-408c-944d-f5903ef37c4c,Love YNAB! It is so easy and convenient to use!,5,0,,2025-08-19 09:51:04,"Steve, what a great review! 🙌 We're thrilled to hear that you love YNAB and find it convenient to use. If you ever need anything, don't hesitate to give us a shout! -Blair@YNAB",2025-08-19 16:11:31,,YNAB
709ebb87-cdc2-4bfd-8b6e-df712513031a,The app is too hard to use and doesn't link with credit cards well. I tried to get a refund and they won't give it to me. It's funny that I just wasted $15 on a budgeting app.,1,0,,2025-08-18 07:15:42,"Oh no, Eric! While we can't issue refunds for subscriptions managed by a third party, we'd love to make sure your time with YNAB doesn't feel wasted. If you'd like, reach out to help@ynab.com—we can work through pain points & review your linked credit cards. That account type is supported, so I'm hopeful we'll have some options! - Caity @ YNAB",2025-08-19 14:10:18,,YNAB
10148601-4224-4055-81f2-f67f7d51e6e9,it's pretty good - the goals/targets are pretty confusing though. not very useful once you understand how they work,3,0,25.21.1,2025-08-17 10:55:58,"Hi Peter, we'd love for you to reach out from the app or help @ynab.com if you have questions or feedback about targets! ~ Lauren @ YNAB",2025-08-18 20:57:15,25.21.1,YNAB
4d336de9-7fed-4991-9461-59ac14d57a3d,seems like it would be good but AUD$184 pa. not a chance,3,0,25.21.1,2025-08-16 17:02:37,,,25.21.1,YNAB
585e6fc8-826b-4eba-a003-894feb8f4842,"pretty good, can't handle gift card reloads from a credit card as just transfers, it keeps showing those as going over budget",4,0,25.21.1,2025-08-16 07:26:56,"Thanks for the review, Karl! Feel free to reach out to our Support team (help@ynab.com) about those gift card reloads — they'll be happy to help you get things worked out! 😊 - Renae @YNAB.com",2025-08-18 07:56:07,25.21.1,YNAB
23c62825-0aac-4b38-8a63-022ee31abaaa,good way to keep a track of everything!,5,0,25.21.1,2025-08-16 05:12:17,"Thanks for the shout-out, Ewan! We appreciate you and we're always happy to help you keep track! 😊 -Renae @YNAB.com",2025-08-18 07:58:26,25.21.1,YNAB
61dd6a6d-176e-4c4a-9bce-152c5cd11f40,Great program for people who are serious about getting their finances in order. There is a learning curve but it's worth it. Plus there are lots of online resources to learn how to use it. The Reddit YNAB community is great too.,5,1,25.21.1,2025-08-15 05:21:32,"Thanks so much for the ⭐⭐⭐⭐⭐ review, Jennifer! 😊 -Renae @YNAB.com",2025-08-17 12:50:11,25.21.1,YNAB
b31fffc4-5431-4f8d-8adb-57406dab8a02,"This app not only helped me get debt free, but it's also helped me organize my saving goals in a purpose-driven way. It's addictive!",5,0,25.21.1,2025-08-14 23:04:09,"Thanks so much for your five star review, Travis! I'm so excited for you to hear that you're debt free! 🥳 - Renae @YNAB.com",2025-08-17 07:26:14,25.21.1,YNAB
f22c6208-3942-49c2-bcac-fe6e2181b92d,It's the digital envelope system and I love it. The development team is always making improvements too. Been using this app/software daily for about 10 years and an still love it!,5,1,25.21.1,2025-08-14 12:43:38,"It means so much to have had you YNABing with us over a whole decade, Carina! No doubt there have been lots of changes in that time, though the basics are still what makes the YNAB Method so effective. So glad to hear you're noticing and enjoying the improvements, and we really appreciate you taking the time to leave your review! - Caity @ YNAB",2025-08-15 14:40:02,25.21.1,YNAB
cacede65-7fbd-4cf6-a13d-a2372d33e929,Love how easy this makes budgeting!,5,0,25.16.3,2025-08-13 16:54:41,"We love that for you too, Noel! 🥰 Thanks for your review and happy YNABing! -Blair@YNAB",2025-08-14 09:32:44,25.16.3,YNAB
7486e9cf-0f2d-4344-99e9-d825be44a0ef,"really useful app and whole program. There are some specific functions that don't work with Australian banks but they are not necessary to receive the benefits of this program. supported with genuine help videos, support team and training resources it is a whole package that is super helpful",5,0,25.21.1,2025-08-13 15:27:05,Hi Brenton! 👋 So glad to hear you're enjoying the app and that the resources have come in clutch along the way. 😊 Thanks so much for your review!,2025-08-14 09:30:35,25.21.1,YNAB
1fcf7484-4a7e-4b63-a971-8af389b3a012,the phone app is hard to navigate. I can not find my income or my spending averages. the biggest issue I have is I cannot check my kids accounts without getting on my computer. it is a huge problem when we are out and about.,3,0,25.20.1,2025-08-10 08:33:37,"Hi Racheal, our wonderful Support team's happy to help with these and any other questions you have! Reach out right in the app or at help @ynab.com. ~ Lauren @ YNAB",2025-08-11 20:12:50,25.20.1,YNAB
361c7e34-41ec-4e80-8008-f196de002428,"This is worth paying for. Finally, it is easy to set aside funds for down the road essentials (like filling the oil tank!) and know if you can afford to go out to dinner! August 2025 update: I continue to use YNAB regularly and couldn't live without it! I often create a budget category for special projects to keep track - then hide it when complete. I really like the new changes except: please when we open the app don't make us wait through the cute plant. And name the budget the budget.",5,16,25.20.1,2025-08-10 04:51:29,"Hi Mary, I love that YNAB's still helping you make daily decisions with clarity and calm. Sounds like your plan's taking more time to load these days, so please reach out via the app or help@ynab.com—we'll dig in! ~ Lauren @ YNAB",2025-08-11 20:03:46,25.20.1,YNAB
d5f76a33-1bb4-4961-ae9f-3cec3d92e352,"Great concept, glitchy when it comes to integration with accounts at your bank and difficult to fix. Moving on to a new budgeting platform due to those issues",2,0,25.20.1,2025-08-09 21:28:35,"Glad you liked the concept, Nathan! Sounds like you ran into some trouble—if you ever want help or context, message our fantastic Support team at help@ynab.com. Either way, thanks for giving YNAB a try! ~ Lauren @ YNAB",2025-08-11 20:07:09,25.20.1,YNAB
d4f27c97-42f1-4e74-89d8-7715db09ad1e,Will not link to bank account and therefore is essentially useless.,1,0,25.20.1,2025-08-09 13:02:36,"Thanks for taking the time to leave feedback, Carter! If you haven't yet, I'd love for you to reach out to our Support team so they can help: help@ynab.com . 😊 -Renae @YNAB.com",2025-08-11 07:42:55,25.20.1,YNAB
00538a88-1a1c-44df-81ad-a4ce88a2e2d9,"I think this is the best tool for budgeting, hands down",5,0,25.20.1,2025-08-09 11:12:10,"Wow, thanks so much for the glowing review, Matthew! 😊 -Renae @YNAB.com",2025-08-11 06:48:12,25.20.1,YNAB
74e2f2c4-d61b-4dc0-b09d-e75baa174cc8,"This is the envelope method of budgeting your parents did, but for the digital age. This method of budgeting is the absolute best for saving money for all any expense. And the app is constantly being updated with new features. Yes, you do have to pay for it, but it's less than an Amazon Prime subscription.",5,0,25.20.1,2025-08-09 06:09:07,"Thanks for your review, Whitfield! I agree envelope budgeting + the YNAB Method is a potent formula. ~ Lauren @ YNAB",2025-08-10 20:08:42,25.20.1,YNAB
cbeddf1e-1a7e-4247-be62-e5c2790f603a,"This app is amazing! I feel that it is helping me learn to budget, and slowly build better habits. I not only use it to see where my money is needed and what my wants and terrible splurging habits are. I also use it to reflect on my spending with the data they provide, like the age of money in my account and my net worth, which I realize now that it's to see how my debt payoff is going in a broader sense, I guess. I am still learning how to use YNAB actively instead of passively.",5,0,25.20.1,2025-08-08 21:10:08,"Thanks for sharing this! It’s awesome to hear how you’re using YNAB both to guide your spending and reflect on the bigger picture. You’re doing great, and the fact that you’re already thinking about using it more actively shows you’re well on your way to building those lasting habits. I'm cheering you on every step of the way! 💛 -Renae @YNAB.com",2025-08-10 08:44:51,25.20.1,YNAB
29605748-1c0c-4559-8dd0-bf8a4deb447a,this app is terrible. Won't let you cancel trial. Its also a hard app to use.,1,0,,2025-08-08 12:00:06,"Hi Shelbie! You should be able to cancel your trial from My Subscriptions in the Google Play Store, but if you're having trouble the Support team at YNAB would be happy to help! Just reach out in the app and we'll get you fixed up. Thanks for giving YNAB a try! -Blair@YNAB",2025-08-09 10:05:08,,YNAB
29cd527a-705c-46e9-b4df-8ac8fbdfa875,"Great app, super happy with the full functionality! Everything looks and works great. I'd have two suggestions, first when budgeting show how much is left if to be budgeted, you can't see it unless at the top... And second I'd agree that the native back Hutton should work for Android rather than causing the app to exit.... But that is minor. Overall super happy. Update: they continually update this app in ways that make no sense to longtime users. honestly so unhappy with recent changes.",1,12,25.20.1,2025-08-08 05:29:07,"Hi Heather! 👋 We appreciate you updating your review. We'd love to hear more specifics about what you're not enjoying about our recent updates. If you're up for it, please share the details via our feedback and feature request form (https://tinyurl.com/mr3tzrau) or reach out via the question mark in the app. We value your perspective! -Blair@YNAB",2025-08-08 11:32:22,25.20.1,YNAB
4298e444-8dbc-4455-85e3-148cead0cf15,thanks you too,4,0,25.17.0,2025-08-07 12:06:12,,,25.17.0,YNAB
a916e640-3e3b-4fe3-b878-ecb0499dc2af,"Be aware that if you close your account, they only partly delete your data. you've got to contact TrueLayer and Plaid directly as well to fully delete your data - talk about washing your hands of responsibility. THEIR app set up the connections, THEY should ensure that their vendors delete the data, especially when it's sensitive financial information. Shows a real lack of stewardship of customer data.",1,0,,2025-08-07 10:32:13,"Thank you for sharing your perspective on this, Guy. We take security and privacy very seriously, and hate to hear that didn't come through with your experience. I have passed along your feedback, and encourage YNABers to read our Privacy Policy (https://www.ynab.com/privacy-policy) and reach out to help@ynab.com with any questions! - Caity @ YNAB",2025-08-08 13:00:24,,YNAB
8655c294-16fb-4dd8-8c5b-16532fed0732,"I switched over to ynab when Mint shut down. I finally feel like I have a handle on my budget, instead of vibe budgeting. It's a good feeling. I use the mobile app when I'm away from the computer and the website otherwise. I think the mobile app is really good, and it would be fine to use only it. I just prefer a big screen when available.",5,1,25.20.1,2025-08-06 09:49:17,"I'm so happy to hear that YNAB's approach has brought you more clarity and confidence, Samuel! For the most part, YNAB is a big screen task for me, too, but it's great that you've found the mobile app helpful when you're on the go. Thank you for sharing your experience—we're really glad to have you YNABing with us! - Caity @ YNAB",2025-08-07 13:25:30,25.20.1,YNAB
d3d4c848-55cf-4246-bf92-f6f9e1c95af9,We have always appreciated the idea behind the envelope budget concept. When we reviewed all of the budget apps out there the way that people use YNAB really appealed to us. In 6 months we have gone from struggle bus to peace of mind with our finances. The app is simple to use and there are tons of tutorials for it. There is no more guess work with our budget. The only thing that the app could improve on would be faster syncing with accounts.,5,3,25.20.1,2025-08-06 07:20:50,"So glad you found us, Leah, and that using YNAB has taken away the guess work! We're always working on improvements to automatic bank syncing and we appreciate you sharing that you'd like to see faster imports. Thank you so much for leaving a review, and cheers to the next six months of calm and clarity around your spending! - Caity @ YNAB",2025-08-07 13:17:05,25.20.1,YNAB
aaf1772e-f028-43d5-af9c-048b78eec45a,"Amazing app. Worth every penny, cause actually saves you a lot. Real-time transaction sync with some European banks would've been great, but it's a nitpick.",5,0,25.20.1,2025-08-05 10:47:51,"Glad to hear you're loving YNAB, Vladyslav, and you feel ✨ spendful ✨ about the subscription cost. 😊 Regarding direct import, we offer direct import for some but not all countries in Europe. Transactions don't import in real time, but a day or so after clearing your bank. Let us know if you have any questions about that! -Blair@YNAB",2025-08-06 10:18:16,25.20.1,YNAB
f6293d28-fbb7-482d-91bf-bbdae58cd416,Easy to track my own finances and spend wisely.,5,0,25.19.1,2025-08-04 16:45:37,"Thanks, Cap'n Bergy. I love that YNAB helps you make wise money decisions! ~ Lauren @ YNAB",2025-08-05 08:34:56,25.19.1,YNAB
e52382b0-4fc2-4587-b88d-0296efa64502,"I've been using it for years, I love it.",5,0,25.19.1,2025-08-03 10:52:12,"Thanks so much, Hannah! Rock on — thanks for being a faithful YNABer! 👩‍🎤 - Renae @YNAB.com",2025-08-04 08:59:33,25.19.1,YNAB
f262267d-76d0-427c-871d-f38dbde80266,how can a app so higlhy rated not have the ability to set expenses to biweekly?,1,0,25.19.1,2025-08-02 14:28:08,"Thanks for your feedback, Mark! While we don't specifically have a bi-weekly target option, we do have both an 'Every Other Week' and a 'Twice Monthly' option for scheduling transactions. Check out our article on how to set that up: https://kst.mr/BkxtcAVAvll - Renae @YNAB.com",2025-08-04 07:09:51,25.19.1,YNAB
06d4e9ce-b815-4017-9324-00745b2ed367,changed my relationship with money completely 👍👍 great app and great support,5,0,25.19.1,2025-07-31 23:15:36,"Two 👍👍 back at 'ya, Siméon! It means so much to hear that YNAB has been able to help you change your relationship to money and that our awesome Support team has been able to help, too! -Renae @YNAB.com",2025-08-03 07:23:42,25.19.1,YNAB
62b96e64-24f7-477e-a645-824de67c1fae,Hubby & I love this,5,0,25.19.1,2025-07-31 18:42:33,,,25.19.1,YNAB
12f63658-3c53-404f-a00f-028ea048dbbf,Best Plan (aka budget) app out there! Try it out for free for 34 days you won't regret it.,5,0,25.19.1,2025-07-30 11:54:35,"Totally agree, Michelle! My free trial was over 10 years ago now, and I have zero regrets. ~ Lauren @ YNAB",2025-07-30 21:43:22,25.19.1,YNAB
fe2efe80-240b-4f16-ac81-ce7a19e99fe0,"I've been using YNAB for more than 18 months. Learned a lot about managing my spending, and I like seeing the app getting better with time.",5,0,25.19.1,2025-07-29 21:21:02,"It's so awesome to hear about your progress, Stephan, and we're excited that you've been enjoying the app updates. We're rooting for you, and our team is always here at help@ynab.com if there are certain features you'd like to see added (or if you just want to celebrate a recent win!). Thanks so much for sharing, and happy YNABing! - Caity @ YNAB",2025-07-31 17:20:16,25.19.1,YNAB
ceb0c862-ada2-4cc4-aac8-8560302b13f3,expensive,2,0,25.18.1,2025-07-29 20:21:08,,,25.18.1,YNAB
36a19292-cd09-4c17-8056-61ddbd20e0ec,"Update.. Since subscribing to this app one year ago I've managed to completely revamp my finances. Where I've always lived paycheck to paycheck, I now have money projected three months into the future. This has been a game changer for me. By far the best investment ever.",5,0,25.18.1,2025-07-28 16:01:10,"This is wonderful, Anthony! I'm so glad YNAB's helped you gain so much stability and confidence in just a year. And know that we're always happy to help! ~ Lauren @ YNAB",2025-07-29 21:45:33,25.18.1,YNAB
3d9000ac-449f-4a4f-8d86-5de942e5c403,An app with monthly fee... and the cost is ridiculously expensive for Malaysian,1,0,25.18.1,2025-07-28 01:42:34,"We really appreciate you giving the app a try, and as someone who is also located outside of the United States, I hear you! While we don't offer regional pricing at this time, we have lots of free resources that can help with learning and applying the YNAB Method. I hope you'll check those out, if you haven't already! - Caity @ YNAB",2025-07-31 17:12:44,25.18.1,YNAB
85be5bdc-8e3f-4f8e-ac2c-8371259bcd39,"""try free and subscribe"" are you serious? so boring trending....",2,0,25.18.1,2025-07-27 05:44:56,"Thanks for the feedback! We know free trials and subscriptions are everywhere these days — but we truly believe YNAB is worth trying out. If it’s not your style, that’s okay too! Wishing you all the best on your financial journey. 😊 –Renae @ YNAB.com",2025-07-29 07:00:14,25.18.1,YNAB
222b681d-ec13-4252-ba3b-768578c2efc8,This app is everything. I love it!,5,0,25.18.1,2025-07-27 05:40:46,"🙌 Thanks so much, Anna! We love you, too! -Renae @YNAB.com",2025-07-29 06:59:10,25.18.1,YNAB
86867f41-da7c-4d17-8990-4deda5b6d331,"This app has made such a difference in my budgeting. In the 6 months I've been using it, I've paid off a credit card, paid vet expenses without debt, been able to finance a car because I knew exactly what kind of payments I could afford, and today I was able to catch that I had 2 paid accounts for an app (which had gone unnoticed since 2022!!). I really appreciate that no feature updates have removed or broken functionality I relied on, which is so common with apps!",5,10,25.18.1,2025-07-24 08:55:01,"Wow, what an incredible 6 months! 🎉 Paying off debt, staying on top of expenses, and catching sneaky charges? That’s budgeting mastery in action. We’re so glad YNAB’s helped support your goals — and thank you for noticing the care we put into feature updates! 💛 –Renae @YNAB.com",2025-07-24 09:17:41,25.18.1,YNAB
93b0ff6d-f203-48bb-aad6-e122085b080f,love it,5,0,25.18.1,2025-07-24 06:36:17,"Woo! Thanks so much, Michael! 💜🥳 - Renae @YNAB.com",2025-07-24 09:16:13,25.18.1,YNAB
09dba71c-ff0b-4cc3-a0a0-8d51750ccd80,First budgeting program that I have been able to stick with. Its been 5+ years,4,0,25.18.1,2025-07-23 04:30:59,"That's amazing, Rita! 🙌 Being able to stick with it is half the job — it sounds like you've done an fantastic job! -Renae @YNAB.com",2025-07-23 11:19:11,25.18.1,YNAB
3d026a17-d7e8-466a-93dd-e1666073a25b,"Customer service is very limited. ""Chat"" is not chat as I know it. I get a dialog box reading that the wait is 24 hours. I'm working on my accounting now, not tomorrow. Why are they always 24 hours behind? Must be nice...for them. I expect I will receive a message tomorrow, but if it isn't clear, I'll have to get back to them and wait... again... all under the extremely misleading use of ""chat."" Spare me and hire someone. At $109 per year, I think you can do it.",2,1,25.18.1,2025-07-22 06:35:36,"Thanks for sharing that you'd like real-time support options, Jay! We understand the need for timely help, and while our messaging differs from a traditional live chat, it allows us to provide effective answers from the jump. It helps to know that you feel misled by the wording, and I'll be sure to pass your feedback along! - Caity @ YNAB",2025-07-24 13:19:24,25.18.1,YNAB
2f6342f2-bc9b-4236-ad8c-8da1310124b9,"It's super frustrating having to constantly relink my cards. If I keep having to manually add transactions, I may as well use an Excel sheet.",1,1,25.17.0,2025-07-20 19:52:35,"I'm glad you mentioned this, Jessica! Certain banks require frequent reauthorization as part of their security requirements, but there could be something else going on. We'd love to take a look at your connections and make sure they're running smoothly. Reach out using the question mark in the app and we'll dig in! -Blair@YNAB",2025-07-22 06:34:51,25.17.0,YNAB
42a61519-f7b8-44b8-b9d1-6f72215e656c,"Had me right up until they hit me with their ""annual fee"" - how exactly is spending $200 on an app supposed to help me get OUT OF DEBT? so I simply closed and uninstalled the app. I'm sure there are much cheaper budgeting apps out there.....",1,1,25.17.0,2025-07-20 19:01:38,"Thanks for checking out YNAB, Ian! We often find that folks save much more than the annual fee thanks to the clarity YNAB provides, but I do get where you're coming from. If the cost of a subscription doesn’t align with your goals, we offer plenty of free resources to help you apply the YNAB Method to other apps or tools! – Caity @ YNAB",2025-07-23 16:09:30,25.17.0,YNAB
8b2d255f-cc44-47f5-8dbf-811c0048caf3,Great app. Awesome product. Using YNAB has changed my life. Everyone should YNAB.,5,0,25.8.0,2025-07-20 05:22:37,"We're thrilled to hear that YNAB has made a difference for you, Nicole. 🎉 Thanks for spreading the word! 🤩 -Blair@YNAB",2025-07-22 04:41:16,25.8.0,YNAB
ae83863d-46dd-4c96-aa3f-c3761148eb1b,"YNAB is a game changer on money. Know what the money you have needs to do. It has a learning curve. But stick with it. It has helped me plan for the future and retirement. It helps me spend on what is actually important to me, not just random stuff.",5,0,25.17.0,2025-07-19 08:28:25,"Thanks for this! So glad YNAB’s helped you cut out the random spending and focus on what truly matters. That learning curve is real, but it’s worth it—and we’re thrilled it’s been a game changer for you! 🥳 –Renae @YNAB.com",2025-07-21 07:40:47,25.17.0,YNAB
81a3adb5-61d2-494e-9562-7fb11532997c,Awful user experience. Unable to add partner. Steep learning curve simply not worth the aggravation.,1,0,25.17.0,2025-07-19 06:56:08,"I’m bummed to hear you’ve had a hard time so far! Just to clarify—you *can* add a partner, and we’d be happy to help you get that set up. Reach out anytime at help@ynab.com and we’ll walk you through it! 🌸 –Renae @YNAB.com",2025-07-21 07:20:30,25.17.0,YNAB
94f72197-3523-4cba-bbe6-3fc2e01e447d,i miss not having carry over from a category into the next month as expense.,4,0,25.17.0,2025-07-18 23:05:42,"Thanks for sharing! YNAB carries over positive category balances, but negative amounts are covered when the month rolls forward — we found that to be more helpful for most. If you ever want help finding an approach that fits your style, reach out at help@ynab.com ! –Renae @YNAB.com",2025-07-21 06:44:55,25.17.0,YNAB
11b147fe-063a-44df-a521-04e2ff73005c,"I'm coming up on a year since I started using YNAB. It has changed the way I look at money and more importantly, how I save money. I've used other budgeting apps over the years, but they did not have the support system to help me learn how to create a budget that works for my family. With YNAB, there are video tutorials on their website and YouTube that teach you about budgeting and for the first in my life I'm controlling my money instead of my money controlling me.",5,44,25.17.0,2025-07-17 20:20:24,"Amazing review, Lisa! 🎉 We're so glad you found YNAB, and it's made such an impact on your life. It's wonderful to hear that our educational videos on YouTube and the website have helped you succeed. Here's to feeling in control of your money—and happy YNABing! -Blair@YNAB",2025-07-18 11:12:30,25.17.0,YNAB
06036032-d2d9-457d-9f7b-f9d15cf043d0,Please fix Numerical credit union. It updates once every two weeks unless I log out and login again. Also please add Nordstrom credit card. edit: I've worked with support on this and nothing has worked. also the price of this app compared to apps with the same features is challenging to justify.,3,0,,2025-07-17 11:04:27,"Thanks for your updated review, Linda! We'd love to take another look and do more troubleshooting if you're up for it. I see a few different connections available for Numerica CU and Nordstrom and I'm hopeful we can get things running more smoothly for you. You can get in touch anytime at help@ynab.com or through in-app messaging! - Caity @ YNAB",2025-07-18 15:55:50,,YNAB
52afe568-de49-479e-a368-f3ffef261106,AI Support Bot doesn't seem to work with Android onscreen keyboard. Can't see what I am typing.,2,0,25.17.0,2025-07-16 14:54:03,"Thanks for letting us know about the error with the Android screen, Johnny! We've actually seen a couple of other YNABers mentioning it, so it's on our radar! Any time you need a hand, if the chat isn't working well, you can always reach out to us via email at help@ynab.com. We'll be happy to help! 😊 -Renae @YNAB.com",2025-07-17 08:49:24,25.17.0,YNAB
08982d57-46bd-42d5-832b-0050fa99c893,It's okay but not worth a subscription. If it stayed authorized to accounts maybe but as you have the reauthorize every time it's not doing anything a free one is doing,1,1,25.16.3,2025-07-15 13:36:18,"We appreciate you giving YNAB a try, and know how frustrating frequent reauthorizations can be! While it's not something within our control, we understand if it means that YNAB isn't the right fit for you. We hope you'll still find the YNAB Method to be effective, no matter what app you choose! - Caity @ YNAB",2025-07-17 13:12:31,25.16.3,YNAB
1ca1198e-8ece-4a1f-bd96-4c79d6ccbf5b,"Great and responsive customer service. However, the app has almost no controls for biweekly income. Such a strange and bizarre world we live in. You really have to walk around and try to make it work but I'm setting up single week things and it ends up being far too much to track. Maybe this has been solved in a past update, I'm about 3 months out from my experience.",1,0,,2025-07-13 07:47:13,"Thanks for the kind words about YNAB Support, Zachary, and for giving YNAB a try. 😊 If you're up for it, we'd be happy to chat more about using YNAB with biweekly pay. YNAB is designed to work with any pay cycle and a lot of us in Support receive biweekly pay, ourselves. We love to nerd out about this kind of thing—reach out any time! -Blair@YNAB",2025-07-14 14:20:39,,YNAB
bfe4df9a-29be-42fc-ad3e-fc6cb0ec55af,"This program changed my life, financially and otherwise. The loss of financial anxiety cannot be overstated for me. It looks expensive to an non user but it is worth every cent. Try the free 34 day trial and use all the free courses to understand how to maximise the plan for you. You will not regret it.",5,0,25.16.3,2025-07-12 07:38:02,"Wow, thank you so much for sharing your journey! We’re truly honored to hear that YNAB has helped ease financial anxiety and made such a difference in your life. That’s exactly why we do what we do. Thanks also for spreading the word about the trial and free resources—your advice is spot on! 💛 – Renae @YNAB.com",2025-07-14 09:17:27,25.16.3,YNAB
249804b9-6109-4d2b-8f31-db8e95bb7c07,This app is fantastic! There is a little bit of a learning curve but all in all this is super helpful for getting my family on track with a budget,5,0,25.16.3,2025-07-11 17:57:13,"Thanks for your review, Tatumn. I'm glad you have a clear spending plan you can share with your family! And please know our Support team's always ready to help. ~ Lauren @ YNAB",2025-07-13 22:54:05,25.16.3,YNAB
d2ad9cdc-d714-4ada-aec7-10cadfb3ab40,Good app,5,0,25.14.0,2025-07-07 18:31:01,,,25.14.0,YNAB
0563c00c-576c-4669-ba73-f933add91213,ynab has been amazing for my budgeting application. I don't use the word amazing easily either as it can be overused so much. but seriously it's amazing and I recommend it for anyone looking for a good budgeting application .,5,0,25.15.0,2025-07-07 10:42:22,"Thank you so much for your fantastic review, Paul! I appreciate you sharing the word! 😊 - Renae @YNAB.com",2025-07-08 10:37:53,25.15.0,YNAB
d7c9c3f5-eef5-48d5-90a6-af687b32409f,"App seems cool, but no multi currency option. EDIT : As soon as the multi currency is available I'll definitely try again, thanks for your input",2,0,,2025-07-06 13:19:22,"Thanks for checking out the app! Multi-currency support is a tricky one, and while it’s not something we offer today, it's definitely on our radar. We appreciate you sharing what matters most—I've passed that along to our development team. 😊 – Renae @YNAB.com",2025-07-06 13:17:56,,YNAB
9cb2448f-4a97-48bf-916e-8535cfbd69d5,"I don't want to spend all my time trying to figure out how to delete duplicate purchases or mismatched funds. I really wanted to like the app, but my bank shows budget plan and spending trends. So I save $109/yr without YNAB",1,1,,2025-07-05 06:36:47,"Thanks for sharing your experience. Sounds like you’ve found a system that works for you—that’s a win! YNAB’s focus is on proactive planning rather than just tracking, but we know it’s not the right fit for everyone. If you ever decide to give it another go, we’ll be here. 😊 – Renae @YNAB.com",2025-07-06 13:15:04,,YNAB
60bf8413-eca1-4c7b-a98e-ac2792687f8d,great way to track and pay attention to where the money goes,5,0,25.15.0,2025-07-04 07:58:20,"Thanks so much for the five star review, Nikki! Keep calm and keep YNABing on! 🥳 - Renae @YNAB.com",2025-07-06 05:53:36,25.15.0,YNAB
cc0a1de9-b801-4bee-a6b4-c48dae29401d,"steep learning curve, but totally worth it",5,0,25.15.0,2025-07-03 07:26:40,"I'm so glad to hear that the juice has been worth the squeeze, Eric! Thanks for taking the time to leave a review, and please don't hesitate to get in touch with our team at help@ynab.com if there are any questions we can help work through. - Caity @ YNAB",2025-07-03 15:16:00,25.15.0,YNAB
24620d78-144c-4771-af69-258d497a0559,"I've been using YNAB for over 15 years since it was a desktop app. I've never felt the need to look for anything else, and it keeps getting better.",5,1,25.15.0,2025-07-03 05:29:34,"15 years, Kevin! 🎉 That's really impressive! We're so glad YNAB has been there for you over the years, and looking forward to many more. -Blair@YNAB",2025-07-03 08:56:31,25.15.0,YNAB
c72e1973-75af-431c-9369-41f92cbda4d5,se necesita pagar,2,0,25.15.0,2025-07-02 18:48:35,"Hey Jai, you're right—after our free trial you have to subscribe to continue using the app. Our subscription model allows us to make frequent updates, provide top rate customer support, and offer a variety of educational tools including live classes. Many find they save way more than they spend on the sub. Thanks for giving YNAB a try! -Blair@YNAB",2025-07-03 06:34:54,25.15.0,YNAB
c44ec584-7a6e-4dcf-af3f-c8e8c5f5a7d0,great app!,5,0,25.15.0,2025-07-02 18:48:30,"Thanks for the YNAB love, Dana! 🙌 If you ever need anything, give us a shout. We're here to help. 😊 -Blair@YNAB",2025-07-03 06:39:02,25.15.0,YNAB
f6e75412-b896-431f-9b92-f3f4e4902f66,favorite budgeting app,5,0,25.15.0,2025-07-02 10:14:52,,,25.15.0,YNAB
ee83438d-adc5-450b-a29d-9f869834f2a6,Been here since YNAB 4. YNAB is the best!,5,2,25.14.0,2025-07-01 19:38:15,"Thanks for the awesome review, Reuben! We appreciate you! 🥳 - Renae @YNAB.com",2025-07-02 08:18:58,25.14.0,YNAB
ca4ab52c-0bdf-4f45-8bba-e1fdff5ab0a6,"YNAB is a great budgeting ecosystem. From the educational videos, to the bank integrations, to the review and accounting features, it ""just works"" for my budget and finances. It takes the ""every dollar"" approach to budgeting without demonizing credit cards. The app specifically puts everything I need on a daily basis, right at my fingertips without an overly complex UI and the widget allows me to view the remaining amounts in each of my top categories without even opening the app.",5,7,25.14.0,2025-07-01 05:46:55,"Thanks for your review, Isaac. I'm glad the YNAB app and learning resources help give you clarity and peace of mind. Please know our Support team's always happy to give custom advice too! ~ Lauren @ YNAB",2025-07-01 22:01:58,25.14.0,YNAB
76f3305c-aa7d-48bb-933a-13fcee09f437,Doesn't link to some Australian bank accounts.,1,1,25.14.0,2025-06-30 21:11:22,"We appreciate you giving YNAB a try, Lachlan! For now, our direct import focus is on North America and Europe/the UK. In the meantime, you can still import transactions using a file from your bank. Scheduled transactions are another way to add some automation. -Blair@YNAB",2025-07-01 14:04:01,25.14.0,YNAB
7d00abe3-aa67-4e29-9d2e-430ba3d8f06d,Unfortunately does not import past bank transactions to get budget estimates started.,4,0,,2025-06-30 20:46:03,"YNAB starts with your balances as of today, but if you'd like to import transactions from up to 30 days prior, you can edit the date and amount of your Starting Balance. If you need assistance with this, reach out via the question mark in the app and our Support team will be happy to help! 😊 -Blair@YNAB",2025-07-01 13:59:22,,YNAB
051d5e87-7dfd-4026-8d94-4102c640125c,indispensable,5,0,25.14.0,2025-06-30 17:36:24,"You said it all in just one word! 🎉 We're thrilled to hear that YNAB has made such a difference for you, Eira. - Blair@YNAB",2025-07-01 13:28:54,25.14.0,YNAB
768bf7cf-d0a9-4e46-9442-6ae53b0a7eb2,"lots of memory leaks, slow performance. intuitive UI, feels like bloatware lol. Android 15 on pixel 7.",2,0,25.14.0,2025-06-30 12:59:11,"Thanks for taking the time to share your thoughts! We’re always refining performance and looking for ways to make YNAB better. Glad to hear the UI feels intuitive, and if you’ve got specifics to share, we’re all ears at help@ynab.com. 😊 – Renae @YNAB.com",2025-07-01 10:02:15,25.14.0,YNAB
6048648c-f0e7-4518-8a4d-ede8139fc7b3,"The onboarding and basics are great. However, it doesn't support any of my banks(in Norway) so I can't use it. The price is also a bit high, even if it supported my banks. Update: One feature that is missing from all the apps I've tested is splitting expenses with partners.It would be great to have an option to set the split proportional to the incomes.",4,0,24.18.3,2025-06-29 13:58:08,"Glad you enjoyed testing out YNAB, Kostiantyn! If you ever want to try it again and have access to a computer, we have a super easy way to drop a downloaded file from your bank into YNAB to import transactions, so you can totally still use it without direct import!",2024-10-15 07:28:11,24.18.3,YNAB
a11fb095-764c-4396-90bc-ee65c3c04122,I've been budgeting for almost 40 years. This is the best software/app/method I've ever found. The app is amazing!!,5,0,25.14.0,2025-06-27 06:39:42,"Wow—thank you so much for sharing this, and for trusting YNAB with your budget after nearly 40 years of experience! That’s such high praise, and we’re honored to hear the method and the app have made a meaningful difference for you. 💛 - Renae @YNAB.com",2025-06-27 08:48:20,25.14.0,YNAB
94b39db2-d2c7-4b3f-89d1-1d7630d75ff6,"So far, this sucks!!! App has buttons it won't even let me click. And it's synced my account twice, so it thinks I have twice as much money now, and troubleshooting isn't helping. I also do not like the format of how it minuses your money.",1,1,25.14.0,2025-06-25 14:13:43,"Hey AC—it sounds like you might still be in the onboarding portion of the app, which has limited settings. We believe the YNAB Method can change lives and we want you to get the full experience. Please reach out using the question mark and we'll work with you to get everything running smoothly! -Blair@YNAB",2025-06-25 14:33:51,25.14.0,YNAB
af07a974-5852-4a3a-9490-05e8c5dc8c8d,"Having a budget has been awesome, highly recommend this app.",5,0,25.14.0,2025-06-25 12:56:25,,,25.14.0,YNAB
c0767d9c-0711-4c61-b882-8977cea882b5,YNAB is a very helpful app to track expenses and stay on budget. It does a great job of indicating when you are off budget and how to either adjust the budget if there are unspent areas. Helpful videos.,5,0,25.11.1,2025-06-24 09:52:32,Thanks so much for sharing your experience! We’re thrilled to hear YNAB has helped you stay on budget and that you’ve found the videos useful. We’re cheering you on as you keep going on your journey! 🎉 —Renae @YNAB,2025-06-24 10:13:15,25.11.1,YNAB
b114ce9f-f0f7-44e1-9f98-5683e24b7a5c,"This app is useful for someone who needs to know exactly where every cent is going, which I do not. Additionally, it is very complicated to figure out; in fact, I had to delete it because of that. There’s no reason for it to be this difficult.",3,1,25.13.0,2025-06-23 18:43:26,"Hi Deedee! Thanks for giving YNAB a try. The YNAB Method helps you plan for your expenses by giving every dollar a job. If you're looking for something different, we understand! If you'd ever like to give YNAB another try, our Support team is here to help as you get up and running (and after). -Blair@YNAB",2025-06-24 07:10:37,25.13.0,YNAB
cf658a76-b9dc-42f9-b308-2a218071cd3e,the methodology changes everything. Both the Android app and web app work great. highly recommend!!,5,0,25.12.1,2025-06-21 23:10:46,You're right — The YNAB Method changes *everything*! Thanks for the shout out! 💚 -Renae @YNAB.com,2025-06-22 12:13:23,25.12.1,YNAB
7bf56d9c-715d-4678-8fa1-b019ef52cba1,use it you won't regret atall nice app for sure,5,0,25.8.0,2025-06-21 12:33:23,"Thanks for the shout out, Kenneth! We appreciate you! 😊 -Renae @YNAB.com",2025-06-22 07:16:07,25.8.0,YNAB
75dd60ed-9f9d-46b7-8b3d-02dc80621074,very helpful!,5,0,25.13.0,2025-06-20 19:00:48,,,25.13.0,YNAB
bf7c5eed-7143-4583-a8a4-e71ad990d0fc,"Been paying for and using YNAB for nearly 10 years, speaks for itself. Customer Support is great. Invest your time to setup & learn the process, and the subscription cost, and it'll pay for itself in less than a month. YNAB teaches you about managing finances in a life-changing way.",5,0,25.13.0,2025-06-19 09:02:25,"Thank you so much for the shoutout to our support team, Tiffanie, and for being a (nearly) decade-long YNABer! We're so thrilled to know that YNAB continues to make a positive difference in your life, even after all this time. Here's to the next 10! - Caity @ YNAB",2025-06-19 10:39:41,25.13.0,YNAB
3bd1cc8a-bf89-446a-843d-ffdc9bedc3af,The best budgeting app you'll find!,5,1,25.13.0,2025-06-19 05:47:56,,,25.13.0,YNAB
d322f263-054f-4334-a971-daa7e9ac10fa,"a bit of a learning curve, but they handled every situation well. they extended our trial until we felt like we figured it out.",4,0,25.13.0,2025-06-18 13:04:24,"Thanks for posting—and we're also here for any questions you have, Dallin! ~ Lauren @ YNAB",2025-06-18 22:19:25,25.13.0,YNAB
7f1c40d7-5c09-4daf-a8a4-ceadfa8fe31b,i hope the app can turn to landscape so i can use it when i use my tablet and keyboard.,4,2,,2025-06-16 23:11:21,"Thanks for your review, Mariz, and for sharing that you'd like to have a landscape option when using YNAB on your tablet! I've gone ahead and passed that request along to our product team so that they can keep it in mind for future improvements to the app. - Caity @ YNAB",2025-06-17 16:40:14,,YNAB
77fdd5be-9f33-407d-88e9-43a57b368034,I recommend this to anyone that needs help organizing their financials.,5,0,25.11.1,2025-06-10 10:27:29,,,25.11.1,YNAB
e0d3a724-ff31-402f-85aa-ffce7b265b46,easily the best budgeting app I've ever used. really intuitive to use and awesome insights,5,0,25.11.1,2025-06-10 07:35:26,,,25.11.1,YNAB
93eea6ca-ea1d-46aa-a3e1-ff2112893ea9,"The desktop app is top-notch. I have never felt comfortable using the mobile app, unfortunately. the cost still is substantiated enough, though, with the desktop app alone. The simple fact that it took you as long as it did to create an undue button.I'm sure it's complex, but still.",3,0,25.10.2,2025-06-09 13:22:59,"So glad you're enjoying the desktop app, Liz—it's my go-to as well! We're always making improvements and working on bringing more of the same features to the mobile app (like that undo button.) If you'd like to start using it more, we're happy to help! Reach out with questions or concerns anytime at help@ynab.com. – Caity @ YNAB",2025-06-11 13:21:46,25.10.2,YNAB
a1b23f24-22bc-4c6d-8102-6cc0b2ca4ddc,"Great app. If you are disciplined enough to use it, it will work for you. If you aren't that disciplined, change your habits.",5,0,25.11.1,2025-06-08 07:33:00,"Thanks for the kind words, Michael! You're absolutely right—YNAB works best when paired with consistent habits. And the good news is, those habits *can* be built with YNAB! We’re cheering you on every step of the way. 💪 – Renae @YNAB.com",2025-06-09 08:35:01,25.11.1,YNAB
1f2a8dae-9efe-41b8-8672-03e225576d59,Used YNAB for some year and it is excellent. Highly Recommended.,5,0,25.11.1,2025-06-07 14:42:47,,,25.11.1,YNAB
58696e67-6e5e-43ff-bd57-a3e530a769e8,expensive,1,0,25.11.1,2025-06-06 10:37:02,,,25.11.1,YNAB
a9bafc9e-7497-4288-a170-89f6788d028d,Incredibly useful budgeting app that's been a game changer for me,5,0,25.11.1,2025-06-06 08:22:44,,,25.11.1,YNAB
6566db78-36f9-4ab6-9537-c55be051f222,"Great app and methodology for managing money! I have much more clarity on what my money is doing since using the app now for a couple of years. It's great for managing credit cards. There is a lot of videos and resources to learn the YNAB way. One of the features I love is the ability to 'roll with the punches' where when unforseen expenses happen, I know where that money is coming from. Prioritizing expenses has neverbeen easier. Had some issues syncing transaction with RBC(Canada).",5,5,25.11.1,2025-06-03 09:58:47,"Thanks for the great review! We're thrilled to hear YNAB's helping with your money management. That said, bank connection issues are something our Support team can help with. If you haven’t already, please reach out to us at help@ynab.com so we can troubleshoot with you. We’d love to help! 💛 – Renae @ YNAB",2025-06-03 05:47:29,25.11.1,YNAB
c2b21315-d017-46c3-8e4d-801448bad83f,not able to link to my bank account,2,0,,2025-06-02 11:50:54,"Thanks for letting us know! Bank connections can be tricky sometimes, but our team would be happy to help sort things out. Just reach out to us at help@ynab.com and we’ll take a closer look with you. 😊 – Renae @YNAB.com",2025-06-03 10:47:16,,YNAB
c9708b63-f5de-4e07-aa3c-17b54bce93b6,Great for managing your spending!,5,0,25.10.2,2025-06-02 06:26:21,,,25.10.2,YNAB
21de5a0a-cca7-41dd-b5b1-9c34a777c795,best app to manage your budget constantly updated a little bit expensive though,5,1,25.10.2,2025-06-01 21:44:28,Hi Luis. 👋 We're so happy you think YNAB is the best. We agree! 😊 Thanks for your review and happy YNABing! -Blair@YNAB,2025-06-03 06:52:50,25.10.2,YNAB
42c68fd1-9443-4ce5-823b-d129da5d3fb8,Exactly what we needed for our household budget to give each euro a job ahead of time.,5,0,25.9.4,2025-06-01 05:13:48,,,25.9.4,YNAB
cd0d5a08-cfac-4c6d-89e6-def57a45a0cc,"Loving this app. I've been using it for about three years now and it has changed my life in regards to how I spend and save. This has been the first time that I have actually been able to start saving funds, plus still live the way that I want to. This app comes with a yearly fee but the amount that I've been able to save, far outweighs that cost and is worth it to me. I no longer am living pay to pay.",5,0,25.10.2,2025-06-01 04:58:10,"Thanks so much for sharing this! It’s incredible to hear how YNAB has helped you shift to saving and still living the way you want. That’s exactly the kind of transformation we hope for, and we’re so glad to be part of your journey. 💛 – Renae @YNAB.com",2025-06-03 06:44:41,25.10.2,YNAB
9aef8dec-6377-460b-9fb7-b0cecfc8c0eb,Best Budgeting App,5,0,25.10.2,2025-06-01 04:52:59,,,25.10.2,YNAB
e88c5f4e-01ff-4f56-b2c1-9c7ecaa65d2d,"changes for the sake of change, lack of s dat display options like by tags",2,2,25.10.2,2025-05-31 15:02:10,"Thanks sharing! While we make improvements, we know that not all changes feel like steps forward for everyone. I'd love to hear more about what you'd like to see with tag based displays — reach out to us in Support at help@ynab.com 😊 – Renae @YNAB.com",2025-06-03 06:27:53,25.10.2,YNAB
dbb36121-b0df-40b8-8aa4-ed09dbee8737,Awesome app. Best budget tracking app I've found!,5,0,25.9.4,2025-05-31 09:45:42,"Wooo! Thanks so much for the great review, Chris! 🥳🥳 We appreciate you! -Renae @YNAB.com",2025-06-03 05:58:37,25.9.4,YNAB
a81cc9a3-9006-4f24-9fb5-be93dbb5396a,"This app helped me understand why I was always broke. I used to budget after I spent my money, and at first YNAB was very helpful for this, by showing me where all my money was going. Nothing is cheap in the city, and my college debt was crushing me like the hand of God. But, you just gotta PAY ATTENTION and chip away little by little. The real power of the app is when you become proactive, and not only understand where your money is going but consciously control it.",5,0,25.10.2,2025-05-31 05:34:08,Thanks so much for sharing your story — it's incredibly inspiring. You're absolutely right: the magic happens when you move from tracking your money to *telling it what to do.* We're cheering you on as you keep chipping away and taking control! 💪 – Renae @ YNAB,2025-06-03 05:43:13,25.10.2,YNAB
66486960-6483-4d33-b570-05be94ff8b67,"This is the best budgeting software there is (in my opinion). There's a fairly sharp learning curve but if you watch the YNAB YouTube channel or read the articles on the website, you can really get a handle on your financial situation. An account also includes the web app for desktop and I personally use that a bunch. it's really powerful and I would 100% recommend this to anyone who wants to make BIG improvements in their financial position and future. Seriously, try this out!",5,2,25.10.2,2025-05-30 10:19:49,"Thanks for taking the time to leave a review, Isaiah! I remember the learning curve well, and I'm so glad to hear that our YouTube content and articles helped to get past it. Our support team is always around, too, whether it's to help with questions or celebrate your YNAB wins with you. Reach out in-app anytime, and happy YNABing! - Caity @ YNAB",2025-05-30 14:20:10,25.10.2,YNAB
609d3663-ccb3-4031-8e0a-cabbde5034e4,An awesome app to keep track of your expenses. Totally recommended. 💯,5,0,,2025-05-29 21:24:51,,,,YNAB
004ceadb-d901-4c90-be0a-f1fecdcaa42e,"YNAB has been a great experience so far. this is the second month that I've used it and because of its strong support for tracking where your money is going and it's principle of putting every dollar to work, I have been able to put more money into savings than I have with previous apps. YNAB gives me the level of detail that I need to feel confident in my budget and in my finances. If you like to be meticulous and detail-oriented in your budget then give YNAB a try.",5,4,25.10.2,2025-05-29 10:03:56,"Look at you, feeling confident and saving more! 🙌 We're so happy to hear the YNAB Method is working for you. Thanks for the review, Taylor, and happy YNABing! -Blair@YNAB",2025-05-29 12:24:26,25.10.2,YNAB
24a50019-79fc-42ae-a637-5c114f494ca7,"Do these folks ever stop renaming stuff? Budget is now ""plan""? They changed the ready to assign previously I think twice at this point. It's stupid. Needless changes that throw people off does not = improvement. Work on integrating with Venmo.",1,1,25.8.0,2025-05-28 10:45:24,"I hear you, Judd! This shift to ""plan"" is part of a bigger shift towards what YNAB is really about—spending without second-guessing. If you'd like to share more feedback about how this affects your workflow or what you'd like to see, we'd love to hear from you via the app or help @ynab.com! ~ Lauren @ YNAB",2025-05-28 19:26:32,25.8.0,YNAB
dccf6521-971e-4b1f-929d-3b94c4b2826c,I have been using YNAB for years. Life changing.,5,0,25.10.2,2025-05-28 05:44:08,,,25.10.2,YNAB
b30f1c90-4427-4919-ab18-c866909be5a9,confusing app. no way to set savings goals easily. too many steps to assign expenses or create bills. had to delete it.,2,0,25.10.2,2025-05-27 16:25:57,"Thanks for sharing your thoughts — I’m bummed to hear YNAB felt confusing. We’d love to help you get things running more smoothly, especially when it comes to setting up savings goals. YNAB does take a different approach than most apps, but our Support team is here to walk you through it! Reach out anytime at help@YNAB.com. – Renae @YNAB",2025-05-28 08:16:05,25.10.2,YNAB
068fd023-fd83-4d05-8358-384918b586fa,"I've used YNAB since the old desktop days, and it was great then—it just keeps getting better! 😍",5,0,25.9.4,2025-05-25 13:38:15,"So glad you like the updates, Erica—and thanks for sticking with us! We're excited to keep improving. ~ Lauren @ YNAB",2025-05-26 20:38:52,25.9.4,YNAB
d0e3e1d2-781f-475d-833d-2402e02266f7,"I've been struggling to find an effective and efficient means of tracking my spending, keeping me on a budget plan, and ensuring that my expenses are in alignment with my goals. Until I found this app, hours of spreadsheets were the only way for me to be fully informed of my routine spending... and I didn't take the time for that. I now know what I'm spending my money on and am able to make better decisions to guide my life goals",5,1,25.9.4,2025-05-25 06:38:47,"I'm so glad YNAB helps you align your money and life goals, Jenny! ~ Lauren @ YNAB",2025-05-26 20:35:49,25.9.4,YNAB
8cd940c1-ad5a-4646-8a08-83dce8ccdcc1,crashes on startup. s24,1,0,25.9.4,2025-05-24 01:11:12,"Hi Steve, would you be up for reaching out to help @ynab.com? We'd love to dig in! ~ Lauren @ YNAB",2025-05-25 20:57:38,25.9.4,YNAB
465fc37d-c7f4-448a-9669-10b5072f095b,"I made an account and lasted about 15 minutes. It might just be me, but if you have a busy life, this app isn't the one. I followed the prompts and then just kind of hit an overly complicated dead end.",2,1,25.9.4,2025-05-24 01:08:38,"Hi John, I hear you! YNAB's a whole new system for aligning your spending with your values, so it can certainly take time to set up—and longer to feel totally comfortable. If you're interested, our Support team is fantastic: reach out via help @ynab.com and we'll dig in together! ~ Lauren @ YNAB",2025-05-26 19:59:38,25.9.4,YNAB
6881a007-05b1-4d3d-a724-dd0790d10c73,I can't imagine being financially responsible for my family without YNAB.,5,0,25.9.4,2025-05-22 17:59:10,"I couldn't agree more, Kristin! YNAB can be such a powerful tool when it comes to family finances and taking care of our loved ones. 🫶🏻 Thank you for sharing! - Caity @ YNAB",2025-05-23 11:22:34,25.9.4,YNAB
cd3631bc-709d-458f-b6cf-a010d6379902,The Best,5,0,25.9.4,2025-05-22 16:16:04,,,25.9.4,YNAB
4d82d0ef-faa4-4655-bb82-1a6f0455601d,keyboard doesn't behave well,3,0,24.22.0,2025-05-22 12:44:54,"Hi Zachary, we'd love to hear more about how the keyboard behavior's affecting your use of YNAB! Would you reach out from the app or via help @ynab.com? ~ Lauren @ YNAB",2025-05-23 02:42:29,24.22.0,YNAB
1cdd32e4-140e-4793-a037-7ec9f89433e0,"learning curve. comprehensive. nice to see all finances in one place. YNAB way is to put ALL monies available into a a pot called ""ready to assign"" and assign to various budget items from there. all well and good - unless you keep several different POTS. after a while - when monies are assigned you have to do sleuthing to figure out which POT that assigned money is stored in. Brokerage accounts are uploaded to tracking only - can't be used for budgeting",4,1,25.9.4,2025-05-22 07:12:41,"So glad you're getting a holistic view of your money with YNAB, Deirdre! We love the flexibility that pooling accounts together can offer, but we do have some tips to help make working with pots easier if you want to continue using this feature at the bank. Reach out to help@ynab.com anytime—we'd love to share those with you! - Caity @ YNAB",2025-05-22 16:42:34,25.9.4,YNAB
5d7c13fb-d40f-4a86-aa3c-a0e79e11c3ba,"This is the best budgeting app on earth. THIS THING WORKS Y'ALL! It feels very natural! Every single penny is assigned to the stuff I care about most! The app itself? High quality, silking smooth experience. It has a built-in calculator so no need to switch apps, either! Getting set up took ~1.5h (my bank wasn't compatible unfortunately), but now it'll take no more than 5 min each month! thank you!!! 🙏🏻🙏🏻🙏🏻",5,0,25.9.4,2025-05-22 06:50:41,"I'm so glad you're using YNAB to smoothly and joyfully plan and spend, Gersom! And know that we're always here to help. ~ Lauren @ YNAB",2025-05-22 20:40:31,25.9.4,YNAB
499eff3e-95d6-49c1-a3c6-c9b1b86faaf4,"One of the best apps in the internet. Also, the best customer service on the Web.",5,0,25.9.4,2025-05-22 05:27:31,"Aw shucks, thank you for the compliments, Franciszek! ~ Lauren",2025-05-22 20:38:53,25.9.4,YNAB
2f03f824-38cb-45cb-864f-7d66077d175e,horrible waist of money. and the only way to really try everything is to purchase it and then if it's not what they make I out to be theres no option for a refund. I canceled it same day and was denied a refund.,1,0,,2025-05-21 13:51:27,"That's so disappointing, Joao. YNAB doesn't require payment information when you sign up at app.ynab.com, but trials started through third-party app stores are subject to their terms & conditions. If there's anything we can do to help make the most of the time you've paid for, reach out anytime either in-app or at help@ynab.com! - Caity @ YNAB",2025-05-22 17:15:10,,YNAB
7095e704-d2d4-4e44-943b-5a7b6d7cb628,"Bad app, unusable for sticking to a budget.",1,0,25.9.4,2025-05-19 17:47:03,"Thanks for giving YNAB a try, Brennan! We want everyone to spend joyfully on what matters most to them, so we wish you the very best in finding a method an app that meets your needs! -Blair@YNAB",2025-05-21 08:47:23,25.9.4,YNAB
9c7184b8-0156-4722-a696-be19c76ca1c5,"YNAB is life-changing. Over the 10+ years we've been using it, we've paid off tens of thousands of debt, paid our daughter's wedding in cash, and taken international vacations. It's amazing to have a plan! Important to use both the web version and mobile app for the best experience. There is a learning curve but tons of tutorials & videos that are informative and fun!",5,15,25.9.4,2025-05-19 08:33:40,,,25.9.4,YNAB
113cd75f-f441-4fb6-9420-936e2856fac3,Who designed this? I understand how it's supposed to work but the whole point for me is to take some of the stress out of budgeting. this makes budgeting even more stressful than my job. Seriously I have to wait until it refreshes my data for me I can't even refresh it myself. it doesn't take advantage of the systems most people use so I'm stuck using their idea of how things should work. I hate to say it but I miss Mint at least it worked.,1,1,25.9.4,2025-05-16 10:32:47,"Thanks for giving YNAB a try! To clear things up a bit, we do offer several ways to [refresh](https://support.ynab.com/en_us/how-to-add-transactions-in-ynab-HyDwA_byi)​ your data - manually, via a file you can import, or by directly linking your bank. Reach out to our support team to learn more! 😊 -Renae @YNAB",2025-05-19 06:23:10,25.9.4,YNAB
f31dba8c-9508-4c38-887a-ab982c18fe03,"A friend introduced YNAB to me during a lunch chat 6 yrs ago, I'm forever grateful to her. It saved my spouse and I, as we are no longer adrift in the middle of the scary sea that is ""finances"". No longer do we have no idea how close or far we are from our goals. No longer do we have to wonder if we'll sink if we go on that vacation, or finally upgrade our couch. It's allowed us to finally understand where we are, navigate where we want to go, and quickly change course as needed. Thnx YNAB 💖",5,0,25.9.4,2025-05-15 14:46:52,"This is so lovely, Maria! What a gift to be on the other side of second-guessing every purchase or financial decision you make. I'm so thrilled to hear that YNAB has helped you get there, and we really appreciate you sharing! - Caity @ YNAB",2025-05-16 16:59:06,25.9.4,YNAB
298c8b80-340b-472b-8c11-cb820a96719c,The IOS app is so much better than the android app :-(,3,1,25.9.4,2025-05-14 09:58:44,"Thanks for this feedback on the Android app, Kris! We're always working on bringing more parity to both platforms, but I know it's disappointing when some changes take longer to be released. If there are certain features you're eager to see on Android, we'd love to hear more! You can get in touch anytime at help@ynab.com or in-app. - Caity @ YNAB",2025-05-15 13:00:31,25.9.4,YNAB
308523b4-4f24-450c-a060-fb9103a9481c,"Everything looks great; however, would it be possible to include an option that allows users to specify their preferred date range for viewing spending data?",5,0,25.9.4,2025-05-14 04:48:50,"Thanks for the positive review, Sina! I have great news about your request — it is currently possible to specify a date range when reviewing your spending data! 🥳 If you've got questions about how to dig deeper into that, reach out to us at help@ynab.com and we'll be happy to walk you through it. -Renae @YNAB",2025-05-15 04:36:48,25.9.4,YNAB
413afe74-949c-4de7-8a2f-d01cdfe3e7eb,It has a very user-friendly UI and it just works!,5,0,,2025-05-13 16:47:14,,,,YNAB
489d2356-45be-4175-8419-574f0084bd08,it works if you work it,5,0,25.8.0,2025-05-13 05:54:01,"Thanks, Jamilah! It sounds like you've been working it — great job and keep it up! 🥳 -Renae @YNAB",2025-05-14 04:57:19,25.8.0,YNAB
3615c4f1-e910-4080-bf9d-6e0133b27e70,Horrible customer service! The service is not worth the money. I was a paying customer for a few years. I started off as manually entering my expenses but got tired of it and moved over to the direct bank link. The manually entry is tiresome and I can do that with free apps or a spreadsheet. The direct link worked well for a while but I had issues here and there with it not pulling data over. Lately I have been down for 3 weeks without a single bank transaction updating. I canceled it.,1,19,25.8.0,2025-05-12 18:43:24,"Hi Frank, thank you for posting this! We're glad to troubleshoot bank connection issues. That said, if you reached out to our team already and had a poor experience, we want to know more—would you be up for writing in to help@ynab.com with any feedback you have? ~ Lauren @ YNAB",2025-05-14 02:33:28,25.8.0,YNAB
57bb73e7-21d6-45fb-b782-073d20f1751b,"BEST PROGRAM EVER and well worth the annual fee-the money you end up saving pays for itself. My husband and I both use YNAB so we are on the same page with our budget. This helps us to see where our money is going vs where we want it to go, and we can make adjustments with our true expenses. We even managed to pay all our categories a couple months ahead, so when I lost my job it wasn't a problem while I found another one! We both love YNAB and highly recommend it!!",5,1,25.8.0,2025-05-10 15:32:47,"Thanks for posting this review and sharing your story, Christina. I'm so glad YNAB's helping you and your husband weather storms and spend joyfully together! ~ Lauren @ YNAB",2025-05-12 20:10:54,25.8.0,YNAB
b406b2fa-6d47-4058-ac6d-5d2e6a270c20,goat pf app,5,0,,2025-05-10 14:14:15,"No, you are! 🐐 Thanks for the review! -Renae @YNAB",2025-05-11 05:06:33,,YNAB
0cd064c0-93e5-4baf-a942-3dcc5dd88f9f,"If you like relinking your bank accounts every so often, this app is for you!",1,0,25.8.0,2025-05-10 06:37:36,"Sounds like you had a not-so-smooth bank connection experience, Rod! While we can't control most parts of the data import chain, we're always happy to troubleshoot and provide ways to keep YNAB useful. If you'd like to dig in together, reach out via the app or help @ynab.com. ~ Lauren @ YNAB",2025-05-12 09:58:21,25.8.0,YNAB
9d623015-2b10-4b66-b76d-9ed1e06d0a9d,"YNAB makes budgeting so easy, I've been using it since 2019 without fail. I think I'd be lost without it.",5,0,25.8.0,2025-05-10 01:55:51,"Same here, Lucy! Glad you found us. ~ Lauren @ YNAB",2025-05-12 09:31:06,25.8.0,YNAB
c9aeb5b1-7348-4e61-9abb-a0cfc05437fd,"15 dollars per month. Every month. If you are trying to save money, this is not the way. I was looking for something to refer clients to. Search will continue. I dont know much more about the app but that brought me to a screeching halt.",3,0,25.8.0,2025-05-08 05:39:27,"I get that, Dave! Many YNABers save hundreds with the clarity gained, and the annual plan can help reduce costs. Folks who subscribe through YNAB directly can also receive a prorated refund if it ends up not being the right fit! I hope you'll still give the free trial a go to see how the YNAB Method can benefit you and your clients. - Caity @ YNAB",2025-05-08 15:46:24,25.8.0,YNAB
6e76f754-bba8-462b-8eb2-9ecf4fe7a548,very expensive 🫰🏻,1,0,25.8.0,2025-05-07 16:59:19,,,25.8.0,YNAB
dc0ddbfb-d8af-4a7a-bf55-4aece064be40,Been using YNAB for years. The features in the app just keep getting better. With every penny - budgeting has helped me work to reach my savings goals!,5,0,25.7.1,2025-05-06 11:36:22,,,25.7.1,YNAB
a15cc34e-46f8-4b92-922c-7191edf2e64f,hate that they force you for money after taking all ypur details! thats clickbait essentially!,1,0,,2025-05-05 20:40:57,"Hi Shubham—it sounds like you were expecting YNAB to be a free app. While we do offer a free trial, it's a paid subscription after that. The current cost of YNAB is $109 USD annually or $14.99 USD monthly, plus tax. If you'd like help setting up YNAB during your free trial, contact us at help@ynab.com! - Erika@YNAB",2025-05-06 09:31:32,,YNAB
996d3092-ab78-4407-8f3e-47d6d4ca5b19,"It looks fantastic to get control if very expense,but its impossible to understand the basic features to manage your budget. Its very confusing.",2,1,,2025-05-05 12:43:10,"There's for sure a lot to learn when you're getting started with YNAB, Fernanda, but our Support team is here to help. We'd love to answer your questions and share some awesome resources. Reach out to help@ynab com and we'll dive in together! -Blair@YNAB",2025-05-06 08:00:09,,YNAB
b87dd07b-3acd-4f95-926a-8f299d8c6045,"This app and method has been life changing for my family. We paid off debt, we are two months ahead on our expenses, and we spend guilt free according to OUR priorities. We would not be where we are today without YNAB. I can't recommend it enough. Take time to learn the method - it is SO worth it!",5,0,25.8.0,2025-05-05 10:31:29,Hi Tanya! Thanks for the thoughtful review—I love how you call out the magic of the YNAB Method and that it's helped you spend without second guessing. Happy YNABing! -Blair@YNAB,2025-05-06 06:22:44,25.8.0,YNAB
af4c2910-1cd0-4c94-b44f-10f096354032,This is simply THE budgeting app. No other comes close.,5,0,25.8.0,2025-05-05 08:49:53,"Awesome review, Caleb! 🙌 We're thrilled to be your number one! -Blair@YNAB",2025-05-06 06:18:38,25.8.0,YNAB
7db159b8-066f-48d2-a322-5c51fcc0128a,"YNAB subscription gets 2 stars... However, the Classic YNAB was and still is the best 5 🌟 It's sad that new people can't choose the non-subscription version anymore.. for our family it's been amazing.",2,1,,2025-05-05 07:29:58,"Thanks for being with us since YNAB Classic, Carla! We loved the desktop app back in the day, too, but we're proud of all the additional features we've been able to add over the years. -Blair@YNAB",2025-05-06 06:18:00,,YNAB
ff2940f4-96f6-412a-81a5-485186e4d747,"I came here from EveryDollar and I'll never go back! EveryDollar was more about forecasting whereas YNAB is pure budgeting with money you already have in your account. It functions much better, has dark mode, and overall I jive with the YNAB Method more than Ramsey (no shade, he's helped millions of people, but I relate more to the YNAB folks). I also tried RocketMoney to track spending but they had ads for services that were very scammy which turned me off.",5,2,25.8.0,2025-05-04 22:11:29,,,25.8.0,YNAB
907f0b64-746e-4f90-aed8-1a21dfff19b5,"the only thing that has ever worked for me to get my finances in order. it takes a bit to wrap your head around the system, but once you do, you'll feel so much more secure long term.",5,0,25.8.0,2025-05-04 08:06:31,,,25.8.0,YNAB
a44f48d6-79b9-4567-96bd-10278d70ffb6,"I love this. I'd add the ability to add photos - good for someone with ADHD. I don't mind that it doesn't synch with my bank as I prefer to put items in my categories (especially with grocery shopping). Also, it is safer!",4,0,25.8.0,2025-05-03 21:51:04,"Great review, Rosemary! I love your suggestion to add the ability to include photos in YNAB. I've let the team know it's something you'd like to see in the future. Happy YNABing! -Blair@YNAB",2025-05-05 12:48:10,25.8.0,YNAB
8d28ab71-c3ca-4bb3-adb1-8a83e2834c83,"looked promising, but no free version",2,1,25.8.0,2025-05-03 03:16:51,"You're right that there's no free version of YNAB. It's because we've found that by charging a fee, we can offer a better, more sustainable product—all WITHOUT selling your data. Most folks find that by using YNAB, they save much more than they spend on a subscription. Thanks for checking out YNAB, Michael! -Blair@YNAB",2025-05-05 12:43:44,25.8.0,YNAB
2d9cee9d-8d51-45db-b77a-8471749342a7,"A really good budgeting tool, with easy-to-use mobile app. Highly recommended.",5,0,25.8.0,2025-05-01 23:18:31,"Thanks for the nice review, Samuel! We truly appreciate it. 😊 I'm so happy to hear YNAB has been a helpful tool for you! -Erika@YNAB",2025-05-06 08:41:39,25.8.0,YNAB
fa5debb8-fa1d-4d99-931b-0bfc2931ea6c,The redundant nagging is getting really annoying. They permanently removed a portion of screen real estate to add a record payment button. A button that already permanently exists on the screen. There's just two of them now.,1,2,25.8.0,2025-05-01 05:09:51,"Thanks for sharing your thoughts on this! The recent change mostly just changed what was a message into a clickable button, to enable you to move money in a more efficient way. 😊 It sounds like this wasn't as helpful for you, so I've shared your thoughts with our developers. -Renae @YNAB",2025-05-08 05:46:29,25.8.0,YNAB
ace194f9-2b70-4cad-9a34-4ec25798d06b,This program is an absolute game changer. lots of video training available for support,5,1,25.8.0,2025-05-01 04:39:29,,,25.8.0,YNAB
e32f953f-2299-4a49-931b-7305e0626cb7,would get 5 if - there was a simple button to correct typos/ errors - linking with your bank account didn't create insurance uncertainty in case of hack,1,0,25.8.0,2025-05-01 02:24:29,Everyone has different comfort levels with linking their banks—totally understandable! The good news is you can use YNAB without linking. File-based import is a way of bringing in a lot of transactions lightning-fast via a file you download from your bank's website. Give us a shout and we'll walk you through it! -Blair@YNAB,2025-05-05 05:10:00,25.8.0,YNAB
670de1ef-c8c4-4f55-a94e-4c3f7e319e96,Exactly what I needed to organize my money and give me permission to use it!,5,0,25.7.1,2025-04-30 21:09:27,"So glad to hear YNAB is meeting your needs, Erinn. Feeling great about how you spend is what it's all about! -Blair@YNAB",2025-05-05 05:03:59,25.7.1,YNAB
0ebf95b5-be13-48cb-9c51-7a15fead03d0,"I've always loved this app, but this latest update should keep presenting cool new insights. I've appreciated the ""cost of being me"" feature, and quick links to things like order history when you populate a payee now?! Only getting better.",5,1,25.8.0,2025-04-30 09:21:33,"Woohoo, so glad you're loving the recent updates! We agree—""Cost to Be Me"" and order history links are total game-changers. Thanks for your review! -Blair@YNAB",2025-05-05 05:02:45,25.8.0,YNAB
ffbb7826-c653-4f53-948f-2134ba812a7e,"Great budgeting app! They continue to upgrade and update the app, fixing bugs and adding new features.",5,0,25.7.1,2025-04-29 04:29:00,,,25.7.1,YNAB
adb79e3d-f7a6-4dd5-9860-1ce1042f3168,This is the best budgeting software I have found and tested. I use it to track all my financial information. My small business my investments plus all my data today and monthly and yearly expenses.,5,0,25.7.1,2025-04-28 05:25:28,,,25.7.1,YNAB
8c9b5b75-3ccb-408c-aa8a-dac742f5056c,YNAB is amazing. It's the best way I've ever budgeted. the app keeps improving.,5,0,25.7.1,2025-04-27 08:10:55,,,25.7.1,YNAB
b68d8c2e-d06f-4f79-b738-a5e1b7de71a7,"I had heard lots about YNAB on Reddit and was honestly a bit skeptical how it could be that great. But I was surprised that 2 weeks into the free month I was sold! To be real it's not the tool or the app that is the game changer its the mindset shift of how you approach your relationship with money. It reminded me to align my priorities with where I wanted my money to go. This isn't a new concept, but it's a difficult one to consistently practice, which to me is where the app helps",5,4,25.7.1,2025-04-27 06:26:24,"Blyss, we love this review and we love that YNAB has made a difference in your life! Your comment about aligning your priorities with where you want your money to go is totally on the money 😉 🫶🏻 🙌 -Blair@YNAB",2025-05-05 04:38:14,25.7.1,YNAB
12992eec-a3ed-4e0e-b303-83c2c1f45e65,Please tell us the yearly price before we answer your questions and give you our email address. You wasted my time.,1,4,,2025-04-26 14:37:22,"Thanks for calling this out, Stephan. The pricing in the Google Play Store IS a little hard to find. I can see how that would be frustrating for you. YNAB offers a 34-day trial and after that, the price is $109 USD annually or $14.99 a month. If you have any other questions or concerns, give us a shout—out Support team is here for you! -Blair@YNAB",2025-05-06 17:40:39,,YNAB
897573e8-b3b2-4760-bc81-4b1cafb1715d,"I wouldn't recommend this app. It's advertised as free, but once you get used to it, it throws an error and leaves a lot of your data behind.",1,1,,2025-04-25 21:46:27,"Hi Naod, glad you posted! YNAB offers a free 34-day trial and then paid subscriptions after that. We'd love to help troubleshoot any errors you're seeing; reach out to help @ynab.com (or start a chat in the app) if you're still interested! ~ Lauren @ YNAB",2025-05-02 23:20:16,,YNAB
40d84726-2bbd-44c0-891b-b16493f3286b,"This app has been a game changer for monitoring my financial health. it does everything I want it to, and nothing I don't. :)",5,0,25.7.1,2025-04-25 19:36:56,,,25.7.1,YNAB
6d53a9a1-28cf-433e-81e6-0c3464803b21,using this app has been super helpful with creating financial stability for myself,5,0,25.7.1,2025-04-25 06:51:00,"Thanks for the review, Tyler! I love that you're creating that financial stability! -Renae @YNAB",2025-04-25 07:22:37,25.7.1,YNAB
b3fa9a12-def0-489e-a4d5-1b0c2b590700,"I started using YNAB 3 years ago. I used it diligently and prided myself on how well I manage my money using it. today I closed on a new house, paid cash for it and walked away with $ in my pocket! Completely debt free and feeling refreshed and renewed!",5,0,25.7.1,2025-04-24 18:40:57,"Oh my goodness! That's absolutely phenomenal, Linda! Congratulations! 🥳 -Renae @YNAB",2025-04-25 07:30:35,25.7.1,YNAB
81f84b59-646b-4499-a8b2-9518a63fcda7,Not user friendly! Refund policy of pro-rationed refund if you are not happy with the app is a LIE!! They will not refund if you purchase through Google play store no mater what. It really is a shame to put trust in a company then they require you to make a purchase through a third party that does not hold up their same policies.,1,3,25.7.1,2025-04-24 07:45:24,"Thanks for sharing your thoughts, Larissa. One thing I did want to clear up is that we don't require subscription through third parties, but we do offer it as an option. With that option, we do have to abide by the policies they've set. -Renae @YNAB",2025-05-08 11:39:35,25.7.1,YNAB
27e553c8-3079-495e-b956-44c34ae7f431,"A very impressive piece of software. Has every feature I could think of, no pain points. Sync works well. The new plan editor/ cost to be me screen is a game changer. Makes it much easier to set realistic targets based on history. I hope they invest in that further to make it even more streamlined and informative.",5,4,25.7.1,2025-04-24 04:55:51,,,25.7.1,YNAB
1878dbef-0ac6-45bd-8599-f9d9f7081767,changed my life,5,0,25.7.1,2025-04-23 03:18:23,"Woo hoo! I love that YNAB has been a force for good in your life, Rob! Keep up the amazing work! 🥳",2025-04-23 06:56:26,25.7.1,YNAB
d903bc54-8fdd-48c2-9cba-a99d11071e5d,No ability to forecast,1,0,,2025-04-21 10:44:41,"Hi Mike, thanks for posting! We do have pretty strong opinions about forecasting—that said, we're big fans of planning ahead and have features that help. If you'd like to give YNAB another shot or chat about those features first, reach out anytime to help @ynab.com! ~ Lauren @ YNAB",2025-04-22 07:45:25,,YNAB
5e4db348-7547-4718-ae11-2a4c37984aeb,good Earning apps naic work i like im heppi,5,0,25.7.1,2025-04-21 09:28:10,,,25.7.1,YNAB
b4050472-cd55-489d-bb0c-9d18b929a2b7,"The YNAB app is as well thought out as the ideologies behind YNAB. It's beautiful, performant, and customizable.",5,0,25.7.1,2025-04-21 06:27:31,"Thanks for the compliments, Temba! I love that you appreciate both the app and the YNAB Method. ~ Lauren @ YNAB",2025-04-22 02:55:40,25.7.1,YNAB
e436cace-fd61-48e2-8122-c1af3bc838b3,doesn't import data from desktop.,3,0,25.7.1,2025-04-19 07:26:59,"We'd love to know more, Kurtis! Reach out to us from the app or via help @ynab.com so we can dig into what data isn't importing and why. ~ Lauren @ YNAB",2025-04-21 08:52:43,25.7.1,YNAB
fbc0660c-4934-4db3-9f03-8d3e65cad0ed,I've been using this app for years and I pay all my bills on time because the app helps me budget monthly for future payments.,5,0,25.7.1,2025-04-18 14:43:12,Awesome — we love hearing that YNAB helps you be on track and on time. It sounds like you're doing an awesome job of using YNAB! 🥳 -Renae @YNAB,2025-04-21 06:44:34,25.7.1,YNAB
d2deba7a-4bfa-4194-8363-c3b5f7ca7dd1,"A completely new approach to budgeting for me, first month I like it, even if it's hard to connect it to my bank account. -1 star because it's really expensive, for Italian wage standards",4,0,25.7.1,2025-04-18 04:28:00,"Great review, Pilot! You mentioned you were having trouble with connecting your bank account. Our Support team would love to take a look to see if we can help. Reach out using the question mark in the app and we'll take a look! We can also share some easy ways to adding transactions without direct import. -Blair@YNAB",2025-04-18 15:24:49,25.7.1,YNAB
d8421438-f1cc-4e88-999b-e155bc414236,no way in hell is this worth $30 / month. dream on ..,1,0,25.7.1,2025-04-17 16:35:33,"Hi Martin! 👋 The monthly price of YNAB is $14.99 USD, plus tax where applicable. If you're seeing a higher price in the Google Play Store, it's related to exchange rates. Google can help if you have questions about how they calculate their prices! -Blair@YNAB",2025-04-17 08:28:14,25.7.1,YNAB
79f4f181-3c7b-4e4a-a391-d9227ce12177,Super user friendly way to budget and track spending patterns.,5,0,25.6.4,2025-04-16 19:30:56,,,25.6.4,YNAB
97c2874e-3df5-457a-9381-b27c27559a0d,can't flipping delete account,1,0,,2025-04-16 10:25:41,"I'm glad you posted, Melanie! That's frustrating and we'd love to help. Send our support team a message anytime either in-app or at help@ynab.com, and we will work together to get this figured out! - Caity @ YNAB",2025-04-16 15:54:45,,YNAB
d59be684-0da2-472b-afea-daece1859fe1,I couldn't live without it! It is brilliant. I dropped a star because they renigged on their promise to grandfather our price for life when we signed up years ago. Other than that the actual program has never once failed me and it's been about 8 years.,4,0,25.6.4,2025-04-15 09:45:46,"Hi Megan! When we raised our price in 2017, we let existing users keep the original price, but we didn't promise we wouldn't raise the price in the future. We know that led to confusion for some YNABers later on, which was not our intention! Since then, we've strived to be super clear when communicating about price changes. -Blair@YNAB",2025-04-17 08:47:18,25.6.4,YNAB
57c815a2-5cd1-4e66-812d-42f9fc886a88,"it works well, but you do have to keep on top of it.",5,0,25.6.4,2025-04-15 06:37:53,,,25.6.4,YNAB
bb3a68f0-04ef-48fb-b19a-1e1eb3ee831c,"I've been using YNAB for well over a decade. The advantages over ""free"" apps: No advertisements, data is never sold or shared elsewhere, support that responds quickly with helpful advice, and tons of training available on the website for using the app and for following the YNAB philosophy for erasing debt. The app is constantly in development, so it's always improving. Honesty: the very few times there's been a glitch over the years, YNAB has been transparent to users while fixing it.",5,0,25.6.4,2025-04-14 06:33:45,,,25.6.4,YNAB
1ee5d44b-db35-41cf-885e-c9b7f9e553fa,"I'm not writing anything about it, but it's really good",5,0,25.6.4,2025-04-13 05:29:33,,,25.6.4,YNAB
e042a646-e749-49cc-9936-011cfc15341f,The only issue I have is I cannot set up a way to fund my whole check in one click. Like setting up a fund my check template. Other than that I love it.,3,0,25.6.4,2025-04-12 10:18:22,"Hi Kenneth, thanks for posting a review! Have you checked out the Underfunded Auto-Assign feature (https://kst.mr/S1WruccRyl )? If you'd like to chat through some ideas, reach out in the app or via help @ynab.com anytime! ~ Lauren @ YNAB",2025-04-14 07:16:09,25.6.4,YNAB
28719fcf-9f68-49eb-b049-daf6360ac85f,Still disconnects from my bank after a few days.,1,0,25.6.4,2025-04-11 20:43:03,"Hi Adam, we'd love to help! Send us a message right in the app or to help @ynab.com, and we can troubleshoot and give tips for keeping your YNAB plan accurate regardless of import issues. ~ Lauren @ YNAB",2025-04-13 19:54:02,25.6.4,YNAB
74a4c99c-3ee5-4bb8-9845-ec56320cba36,"YNAB completely changed my life for the better. It completely changed my mindset on how to save and how to spend money. I'm not exaggerating when I tell you that if you commit to YNAB, your financial future will be changed forever.",5,0,25.6.4,2025-04-11 17:38:24,,,25.6.4,YNAB
0485f706-86a7-4296-8af7-8975f95a4f7e,I've been using the YNAB method and app for years and it's revolutionized the way I budget. I cannot recommend it highly enough.,5,0,25.6.4,2025-04-11 12:45:30,,,25.6.4,YNAB
c223351b-06d4-4e4d-831a-30f8ffef61c0,best budgeting app in my opinion I input everything manually,4,0,25.6.4,2025-04-09 21:09:28,"Awesome, Eduardo! Manual entry can be such a a game changer—it always helps me feel so much more engaged with and intentional about my spending. Thanks for leaving your review, and happy YNABing! - Caity @ YNAB",2025-04-10 15:45:28,25.6.4,YNAB
9ca1931f-4809-42fe-a7de-ede06be320e9,YNAB is the best,5,0,25.6.4,2025-04-09 09:01:42,,,25.6.4,YNAB
e19141fb-bbb2-47c0-8db7-89644e6fc7f4,Way too big a learning curve.,3,0,24.13.1,2025-04-08 09:53:35,"I remember that learning curve well, D M, and we would love to help however we can! You can get in touch with support either in-app or at help@ynab.com—we also have free materials online and offer live workshops with our education team. Of course, we understand if it's not a great fit, and appreciate you giving YNAB a try! - Caity @ YNAB",2025-04-10 12:18:03,24.13.1,YNAB
397cd360-d10c-4cff-8f4d-b404124e3226,"Speaking from personal experience, managing personal finances can be tricky. But having a great tool, like YNAB, and support from real humans at hand - also through the app - makes a world of difference! Thank you YNAB!",5,0,25.6.4,2025-04-08 03:38:33,"Thank you, Michael! We're so glad to have you on board and really appreciate the shout out to our support team. Managing finances can be tricky indeed, and I love that YNAB has helped to make a positive difference. We're always here, so don't hesitate to get in touch whether it's for help or to share a recent win! - Caity @ YNAB",2025-04-10 11:41:58,25.6.4,YNAB
474bfabb-1772-44b3-8536-fb3abc1e7001,The app says my email is disposable. It's not. I just own my own domain name with my name. I can't use the app at all.,1,1,25.6.4,2025-04-06 02:45:10,"Hi Erwan, glad you posted! Could you reach out to us at help @ynab.com or right in the app? We'd love to dig in further and make sure you can get the full benefits of YNAB. ~ Lauren @ YNAB",2025-04-07 20:52:39,25.6.4,YNAB
6636fb90-f83d-423a-baea-01f924a06229,"Useless. If you want to itemize things yourself or regularly spend on anything unusual, this won't work well for you. The pre-set categories don't fit my lifestyle, and I was unable to adjust them to my preferences.",1,0,,2025-04-05 15:08:42,"I'm really glad you posted! Your spending plan with YNAB is meant to reflect your priorities and lifestyle, and we'd love to work with you to help make sure you can customize your categories. To get in touch, you can either use the question mark icon in the app, or email us at help@ynab.com! - Caity @ YNAB",2025-04-09 10:56:17,,YNAB
efb57dc2-7352-47b4-b7fd-418e285f75da,no notification that my free trial was about to end and got charged for the next month unknowingly :(,1,1,25.6.4,2025-04-05 14:24:09,"Hi Sophie, I'm sorry to hear that charge surprised you! If you signed up via the Google Play Store, they handle the billing and terms. If you need any help requesting a refund, or want more time to explore YNAB, please reach out to help @ynab.com. ~ Lauren @ YNAB",2025-04-07 20:30:21,25.6.4,YNAB
24c025c9-afe0-439c-bb71-f79566a840f5,"fantastic budgeting app. I've tried a handful of the ""best"" and always come back very quickly. been using it for many years now.",5,0,25.6.4,2025-04-05 00:44:16,,,25.6.4,YNAB
e2cb1137-84dc-4cd8-a376-74ccf542c98c,"Zero based budgeting is the best way to budget for me. Every dollar has a job as soon as you get paid. I love that! The credit card system is great and really helpful for staying on top of it. I rarely check my bank account anymore; I just check my YNAB budget. There's a learning curve, and it takes attention to make this work. If you put in the time, you'll reap the rewards.",5,5,25.6.4,2025-04-04 18:05:46,,,25.6.4,YNAB
b0be5a6c-3087-41a5-a025-5d9da7ff2a1c,The learning curve is steep but soo worth it. It's been so helpful for me to understand my finances better and gives me a peace of mind because I know exactly where my money is going and what I can do with it,5,1,25.6.4,2025-04-03 16:10:40,"I love that you have peace and clarity, Crista. And we're working on that learning curve! Please know you can reach out in the app or to help @ynab.com anytime. ~ Lauren @ YNAB",2025-04-07 20:11:21,25.6.4,YNAB
710dee41-9459-4e2f-b4a4-2ed28d8268ed,"Best budgeting app I've used, very customizable and the new Spotlight ""Total Targets"" feature is very helpful for folks coming from a zero-based budgeting app like Every Dollar. The bank connections have been smooth, unlike the issues I had with Pocket Guard.",5,0,25.6.4,2025-04-03 09:33:30,,,25.6.4,YNAB
388d0945-3dfe-41fc-9374-2e7c27c4d051,It is a powerful app that helps you organize and budget your money successfully .,5,0,25.6.4,2025-04-03 07:43:59,,,25.6.4,YNAB
4263ee1d-aab1-4b4a-95eb-901d3b54ac95,"I had used quicken in the past, and I just couldn't get it to help manage my money. Things have been going great since I got on YNAB. I took a month to sort all my stuff, and now things are going great. Highly recommended",5,0,25.6.4,2025-04-02 15:37:23,,,25.6.4,YNAB
0fb97822-5384-4bf9-9328-fbc3889f9de1,so helpful in keeping track of expenses. easy to use and great customer service.,5,0,25.6.4,2025-04-02 14:07:18,,,25.6.4,YNAB
5e9b93af-6e55-4231-802e-aedd6e96df07,"fantastic and free for a year if you're a student, give it a try",5,0,25.6.4,2025-04-02 11:20:27,"Thanks for your review, Ben, and for spreading the word about our College Program. Happy YNABing! -Blair@YNAB",2025-04-03 07:43:05,25.6.4,YNAB
41b301de-54e2-41f6-9497-edb8724aa485,"I love how this app keeps me on track with my budget. I hate the expensive fee for using it (I'm trying to save money and get out of debt, not add more debt). And I absolutely HATE that the app will not stay connected to my bank accounts. I have to manually reconnect to my bank every single time I open the app, even if it's 10 mins after I just reconnected. Transactions are delayed more often than not, and some days it will not reconnect to my bank at all and I'm told to try again later.",2,8,25.6.4,2025-04-02 08:52:48,"Thanks for your review, Kyla! We want you to feel great about all the money you spend, and that includes the money you spend on a YNAB subscription. I'm hopeful that our Support team can help with your direct import connections. Reach out using the question mark in the app—we'd love to take a look! -Blair@YNAB",2025-04-03 06:48:54,25.6.4,YNAB
7ac2b326-41da-489a-8036-628a95acd072,how does a top rated app like this not allow for biweekly payment schedules? I have all my most important debt payments set biweekly so if I can't set it that way this app is totally useless to me,1,0,25.6.4,2025-04-01 20:28:01,"Thanks for your review! YNAB Loan accounts are based on a monthly payment schedule, but they can still be used to manage a loan with weekly, biweekly, or twice-monthly payments. If you reach out using the question mark in the app, our team will be happy to walk you through it! -Blair@YNAB",2025-04-03 07:42:55,25.6.4,YNAB
8ce04e46-09c7-4d87-9a79-4744b8ebaa91,It's a good app but $109.00 a year is pretty expensive for what you get. Rating would be higher if it were cheaper.,2,15,25.6.4,2025-04-01 12:18:57,"Thanks for your review, Richard. We want you to feel great about all the money you spend—including the money spent on a YNAB subscription! If there are any features that would improve the value for you, we'd love to hear details via this form: https://ynab.typeform.com/to/Pt6cek or you can reach out using the question mark in the app. -Blair@YNAB",2025-04-15 02:18:37,25.6.4,YNAB
3335e922-1390-4d08-ae79-f1a2b353f1fe,good app,2,0,,2025-04-01 07:58:06,"Thanks for the review, Ankur! If you need anything at all, don't hesitate to reach out to Support using the question mark in the app. We're here for you! -Blair@YNAB",2025-04-01 14:39:24,,YNAB
49cb070f-3ee1-41dc-91df-dc7eebddafb4,"Used YNAB for many years, it was our financial salvation.",5,0,25.5.1,2025-03-31 12:51:21,"Hey Robert, so glad to hear that YNAB's made a positive difference! 🎉 We appreciate the review. If you ever need anything, reach out with the question mark in the app and we'll be happy to help! -Blair@YNAB",2025-04-01 10:22:54,25.5.1,YNAB
bc97aad4-6f3b-4462-aba1-c8c60993ffd0,this is a great tool to manage your budget!,5,0,25.5.1,2025-03-31 08:38:06,,,25.5.1,YNAB
53fd422b-6c41-4dc4-bdea-80380eb35df4,good app but extremely expensive for what it is,3,0,25.5.1,2025-03-30 10:20:35,"Thanks for your review! We want you to feel great about how you spend ALL your money, and that includes money you spend on YNAB. If there are any features you'd like to see in YNAB that would make it more worth it for you, reach out using the question mark in the app. We'd love to chat! -Blair@YNAB",2025-03-31 20:00:07,25.5.1,YNAB
b926855a-f670-40ff-9d8c-5e2c0355e7b6,"I don't know what we would do without YNAB. I have been a customer for many years, and have sent many friends to YNAB. I came over from Quicken. YNAB is the budgeting app of my dreams!",5,0,25.5.1,2025-03-29 08:50:25,,,25.5.1,YNAB
67e1bef8-a206-4f3a-bcbe-3e64534258dc,the user interface is so much worse than the browser.,2,0,25.5.1,2025-03-29 08:35:34,"Thanks for your review, Emily! We'd love to hear more details about how we can improve the UI in the mobile app. If you're up for it, we have a feedback and feature request form where you can send your thoughts directly over to our design team: https://ynab.typeform.com/to/Pt6cek -Blair@YNAB",2025-03-31 08:55:33,25.5.1,YNAB
dc5fe6e4-7301-48c3-9ee6-5a638e714741,life changing,5,0,25.5.1,2025-03-28 17:53:29,,,25.5.1,YNAB
28483834-8f9d-4640-918f-77ee93506760,Excellent.,5,0,25.5.1,2025-03-28 09:28:14,,,25.5.1,YNAB
38cee34f-8c6e-4e90-9cfb-aa1a4b66765e,"YNAB is an excellent budgeting app, it has genuinely improved my relationship with money.",5,0,25.2.2,2025-03-27 04:40:25,,,25.2.2,YNAB
fd5a235e-6280-4e37-a601-44b229d7da54,"I think I have found the one! Seriously, YNAB just gets it. The layout is smooth, the features are smart, and it doesn't overwhelm me with clutter. It showed up with a plan to make everything feel less complicated. Budgeting now feels like freedom-and fun. Shoutout to the devs-seriously, amazing job. Here's to it only getting better!",5,8,25.5.1,2025-03-26 17:26:48,,,25.5.1,YNAB
c51cf3c7-32d9-42ba-84f8-427a7d359304,The most important (and expensive!) app on my phone. I only wish I'd discovered it a decade earlier. Totally changed how I manage my money and reduced stress around it to zero.,5,1,25.5.1,2025-03-26 03:36:30,,,25.5.1,YNAB
c4853ec8-503b-45b2-a48b-7777c2e135ce,"I like the app in theory. it works off the Zero budget method. but it only updates once a day if at all, and was always a fight to get my balances updated. I don't have the patience to input ever purchase in manually.",2,0,25.5.1,2025-03-25 07:58:16,"Thank you for your review, Kirsten! While we can't always prevent delays with Direct Import from happening, if your accounts aren't updating at all there may be something else going on. We'd love to take a look and see what troubleshooting options there are! If you're up for that, send our team a message in-app or at help@ynab. com -Blair@YNAB",2025-03-26 14:08:56,25.5.1,YNAB
9116f216-166d-47ac-a8c4-e165672487b0,cash grab,1,0,25.5.1,2025-03-25 00:30:26,"Thanks for leaving a review, Nicholas! Charging a subscription fee for YNAB not only allows us to make continuous improvements, but it also ensures that our users and their data are protected. We understand if the subscription doesn't feel worth it to you, though, and we appreciate you giving our app a try! - Caity @ YNAB",2025-03-25 16:57:23,25.5.1,YNAB
2beb241e-e781-4c3c-8526-a459246cfa2e,Best personal finance software out there!,5,0,25.5.1,2025-03-24 13:19:26,,,25.5.1,YNAB
6731a2cc-3d0a-41f6-b443-5e2c19883fda,amazing tool for implementing and tracking a budget,5,1,25.5.1,2025-03-23 07:17:27,,,25.5.1,YNAB
0bd1c70b-9e7d-4073-8e2d-e10a29e7342f,Excellent for control of your finances. Have used YNAB for a number of years and it continually evolves adding in new features and provides a foundation of understanding of how you spend.,5,1,25.5.1,2025-03-23 00:20:11,,,25.5.1,YNAB
c9ddf98d-87b4-464e-9bae-07a62dcb5dcd,Personally I hate this app. It's unlike any other budgeting program and it's not very user friendly.,1,1,25.5.1,2025-03-22 13:19:55,"Thanks for giving YNAB a try, Janet! It's true that YNAB is not like any other app out there, and that's by design. The app is meant to be used along with a proven method to align your spending with your priorities. If you have more feedback about how we could improve, reach out to help@ynab. com. We'd love to hear from you! -Blair@YNAB",2025-03-25 08:11:43,25.5.1,YNAB
11e19c4e-40f1-4861-ad99-153fa80ab9de,"have been using for years - love that we always have it available, including a year of travel abroad!",5,1,25.5.1,2025-03-22 07:47:37,,,25.5.1,YNAB
c0fd0e9d-511e-4d12-bbdd-10f687a0a919,Be the master of your money!,5,1,25.5.1,2025-03-21 05:19:00,"Thanks for the review, Peggy, and for encouraging others to master their money with YNAB. We appreciate you! -Blair@YNAB",2025-03-21 09:20:07,25.5.1,YNAB
44908664-2744-4baa-aad2-26461549125e,This is the best budgeting app ever and the one app I recommend to everyone,5,0,25.5.1,2025-03-20 11:43:45,,,25.5.1,YNAB
e046b6f6-4513-4deb-a601-c93f4cba7a83,"We used the free version of the Ramsey all for years but wanted something new. We were going to use that and YNAB concurrently while we got used to YNAB, but we loved it so much that we completely ditched the other budget app for YNAB completely. We've used it for 9 months now and can't imagine using another budgeting app.",5,3,25.5.1,2025-03-20 02:11:45,,,25.5.1,YNAB
28de2d92-b66a-4e16-9502-204b753d7ed5,"I can never say enough positive things about YNAB's customer service, and the app gives me a way to update my budget (I manually track transactions) on the go without any trouble. But the ultimate selling point is the YNAB team and support and customer focus, regardless of how you access your budget(s).",5,2,25.5.1,2025-03-19 17:39:51,,,25.5.1,YNAB
4a8dab89-a5be-4993-9aaa-1afb518328a1,"Using this service is possibly the best financial decision I have ever made. Not only does it help me budget, but I can also reflect on my spending. You can't manage what you don't measure. I only wish that it could link to Australian bank accounts. Entering all of my purchases manually is quite time consuming.",5,1,25.4.3,2025-03-19 15:25:19,,,25.4.3,YNAB
b6c8a381-fb18-4324-98e1-fd458d7c1320,"This app literally changed my life, I've been able to save significantly more since I started using it.",5,2,25.5.1,2025-03-19 00:57:16,,,25.5.1,YNAB
88011690-e803-4907-a3e7-61d51ee94937,YNAB helps us keep track of where our money is going.,5,0,25.4.3,2025-03-17 09:15:19,,,25.4.3,YNAB
85d1fb36-539e-4c71-9e7b-5a47c66e2872,Hello. I need to reach out to support. Send me an addy? I'm stuck in the app during install. Thanks,4,0,25.4.3,2025-03-14 13:30:35,"I'm glad you posted, Joe! Our team would love to help get this sorted out. You can get in touch with us anytime at help@ynab.com! - Caity @ YNAB",2025-03-15 16:12:59,25.4.3,YNAB
6b08c1e9-aed8-40f9-a1f3-1f1360537e2d,The best budgeting app bar none,5,0,25.4.3,2025-03-14 08:19:27,,,25.4.3,YNAB
21f78bd9-bb0e-436f-986f-5548d5ff5965,"Simple, practical and easy to learn. Provides a clear view of where your money goes and how you actually spend.",5,2,25.4.3,2025-03-13 07:51:09,,,25.4.3,YNAB
700cec10-8a1b-4b3e-ba54-735857d464d0,"Ynab is a total game changer for my finances, I can now get a really good snapshot of how I am doing financially easily just looking at one app. I have a lot more clarity for my spending and savings.",5,1,25.4.3,2025-03-13 05:32:18,,,25.4.3,YNAB
1c7bf617-060f-43a4-b819-da80306a624d,"The cost of YNAB's plan is $100, which is a significant portion of my $178 monthly income. It seems counterintuitive to spend money on a budgeting tool that is already straining my finances.",1,2,,2025-03-11 23:40:01,"I hear you, Emmad! We know YNAB's not going to fit every situation. We do have free public resources (ynab.com/help-center) so you can use the YNAB Method with whatever tool you choose. And reach out with questions anytime! ~ Lauren @ YNAB",2025-03-12 06:04:43,,YNAB
b022a552-90ff-4a97-894d-07d07760e8e2,Great budgeting tool! Keeps me from over spending and impulse buys in check!,5,1,25.4.3,2025-03-11 17:25:27,,,25.4.3,YNAB
594d619a-5153-406b-8e4a-aec937183695,It has as many features as a spread sheet. Why would I pay for something that doesn't even auto put in my expenses. I'm gonna pay u to do my own financing? I don't think so.,1,0,25.4.3,2025-03-09 18:02:18,"Hi Dakota! While the YNAB app has some automated features like direct import, the app is designed to work with YNAB Method. The idea is to align your spending with your priorities so you never have to second guess. For that reason, YNAB encourages more interaction than some other money apps out there. Thanks for giving YNAB a try! -Blair@YNAB",2025-03-11 12:40:05,25.4.3,YNAB
69d6b8b8-6280-4745-86ee-7f0f8975d113,Good nice have sponsor,5,0,25.3.3,2025-03-08 03:31:09,,,25.3.3,YNAB
e1f6c5ed-22d9-4aa5-ab45-8cf2862f327e,my favorite app. budgeting is badass,5,0,25.4.3,2025-03-07 16:10:10,,,25.4.3,YNAB
181c594b-0149-4a82-98a2-c48afa66aa46,I downloaded for control my expenses and they ask for 2700 for subscription on the first hand lol 😂,1,2,,2025-03-06 16:03:01,"Thanks for posting, Asad! We find that most YNABers save more than the annual cost with the control and clarity they gain. That said, I know the currency conversion can be a factor in the cost, too. We hope you'll check out some of our free educational materials to see how the YNAB Method can help, even if you don't subscribe! - Caity @ YNAB",2025-03-07 10:05:36,,YNAB
2fb7e1e1-f537-49ef-8829-0b28fe050194,"YNAB gave me the confidence to take control of my finances and then my life. Before YNAB I was scared to do anything. Now I can plan and spend confidently, on fun things and serious things, because I know where my money is going. Learn the method, use the app.",5,1,25.4.3,2025-03-06 13:32:27,"Thank you for the five-star rating, Hyrum! ⭐️⭐️⭐️⭐️⭐️ We appreciate you taking the time to share your rating and review 🙂 - Matt @ YNAB",2020-11-29 19:04:11,25.4.3,YNAB
484d242b-786f-4acb-ac7f-78386dcfde47,Not easily know what to do or how to do it no examples to learn from u kinda gotta figure it out on ur own,2,0,25.4.3,2025-03-04 21:29:43,"Hi there! We have lots of resources for learning YNAB, and our Support team would love to share the ones that best fit your needs. Reach out using the question mark in the app and we'll send you links to articles, video walk-throughs, and live workshops. We know there's a lot to learn with YNAB and we want you to succeed! -Blair@YNAB",2025-03-05 13:06:40,25.4.3,YNAB
e8846885-dbc0-485e-9620-4bbb88d43da3,we love this. it's absolutely changed how we deal with money and we were very good with money before. now we can do things we never would have been able to before,5,1,25.3.3,2025-03-04 19:25:23,,,25.3.3,YNAB
230c1d36-6b88-4400-aad5-23de73e31941,"Great app, I have a select few recurring investments setup as automated transactions but aside from that it's nice to manually enter and balance my accounts. Took about 1-2 weeks to fully understand the workflow and it can be confusing once it resets for a new month. Overall it has been great at reducing my spending and has doubled my saving!",4,3,25.3.3,2025-03-04 17:21:18,"Thanks for your review, Haden. Doubling your savings is seriously impressive—we love to see it! If we can ever help with anything, don't hesitate to reach out via the question mark in the app. Happy YNABing! -Blair@YNAB",2025-03-05 07:17:07,25.3.3,YNAB
5000f137-a9ac-45bc-aaed-c7d2ea24c858,People joke I should get a YNAB tattoo on my arm because I enjoy this app so much. Fantastic app!,5,0,25.3.3,2025-03-04 16:42:42,,,25.3.3,YNAB
8ceff53d-7815-4410-af81-ebe3dece4e1a,This app is too complicated to use specially if the bank you work with can not be paired,1,0,25.3.3,2025-03-04 09:30:19,"Thanks for giving YNAB a try, Cecilia! For anyone else cruising reviews, we do offer free live workshops, unlimited support from our in house team, a huge library of help docs, and a robust YouTube channel full of fun (not at all boring) tutorial videos. We're here to help!",2025-03-04 18:30:29,25.3.3,YNAB
f117b2f1-e6a0-4e7e-885e-180c73993253,I don't leave home without it!!,5,0,25.3.3,2025-03-04 04:01:07,,,25.3.3,YNAB
81a230a1-357c-4669-9e58-48114237dcb9,"Glitchy connecting accounts. I see the same 2 accounts repeated from my bank multiple times, and the 3rd account doesn't show up. My ""available cash"" is nowhere near accurate.",2,1,25.3.3,2025-03-03 21:37:22,Thanks for your review. Our Support team would love to help here—we can troubleshoot your bank connection and also help you make sure the amount of money in your plan is accurate. Reach out using the question mark in the app and we'll be standing by to help! -Blair@YNAB,2025-03-04 10:23:50,25.3.3,YNAB
e4d00e8d-50da-4629-b875-aa614e17bea8,Probably a cool app but even 15 bucks extra a month is not in my budget :(,5,1,,2025-03-03 12:31:05,Thanks for trying YNAB. We know subscribing is an investment. Many YNABers find that they save more than they spend on the subscription. The annual option works out to be less per month than the monthly charge. Reach out to help@ynab. com and we'll add some time to your trial to allow you to save up for an annual subscription! -Blair@YNAB,2025-03-04 07:11:58,,YNAB
d23355dc-55f1-4c14-8e0e-a830e748e738,highly recommend. changed my life.,5,0,25.3.3,2025-03-02 21:59:57,,,25.3.3,YNAB
502df0e2-b146-4357-9bd4-9f2c7e92ba45,"Amazing app. helped me first see where all my money was going, then make a plan to put my money in my own pocket, plan for trips and earn interest instead of paying it.",5,1,25.3.3,2025-03-02 19:53:38,,,25.3.3,YNAB
660f762e-ad3e-4067-8d33-9999acd91252,A great budgeting tool! It has been really helpful at keeping us consistent with our budgeting. The only complaint is that the UI is sometimes a little counterintuitive.,4,1,25.3.3,2025-03-02 12:01:42,"Hey Mark,

Thanks for your review! If you have any questions about how to navigate YNAB (or anything else!) we'd love to help! Drop us a note at help@ynab.com. ~Phil@YNAB",2025-03-03 10:00:30,25.3.3,YNAB
d734f6cc-214b-47ab-8694-ceba8c1aa1b6,Very good budget app. I miss my Quicken program which had more functionality but YNAB is proving valuable.,4,0,25.3.3,2025-03-02 07:15:02,,,25.3.3,YNAB
fa48a910-f4e7-4ddc-abba-08681e10b544,I've used this software for many years. The four principles help me navigate these challenging economic times.,5,1,25.3.3,2025-03-01 12:36:14,,,25.3.3,YNAB
5b46fa39-653d-43ae-b9b8-d5ccc38ff4ae,I purchased lifetime of previous version of Ynab. Now they removed it from Playstore 😭 where's my lifetime membership? Then what's the point in selling'lifetime' membership?,1,2,,2025-02-28 22:28:45,"Hey there! You should be able to find the legacy version of the YNAB app (for YNAB 4) in the History/Manage Apps and Device menu in the play store! If you have other questions, reach out to help@ynab.com. ~Phil@YNAB",2025-03-03 05:42:56,,YNAB
12765b8b-502e-4f71-9db6-f1e38fd494d1,"I have used several budgeting apps and software over the years, and YNAB is by far the best app. I have never been so well organized with my money.",5,0,25.3.3,2025-02-28 12:39:10,,,25.3.3,YNAB
ad943691-9c99-4e63-8ec8-00684a9c4b12,LOVE IT!! Once you get it it is a total game changer!!!!,5,1,25.3.3,2025-02-27 16:57:24,,,25.3.3,YNAB
e63626c5-096a-42ed-b3e4-296c1fdce2ca,"I love this app. I used to have a membership to Envelopes that ended, so this was a good replacement.",5,1,25.3.3,2025-02-27 08:13:20,,,25.3.3,YNAB
7e446fc9-b97d-4bf2-80cd-38395a5cb63f,excellent visibility on the transaction level. my only wish is for a more robust set of reports I can tweak to get better visibility into my spending habits,4,0,25.3.3,2025-02-26 18:35:22,"Thanks for the review, Michael! We just beefed up our reporting on the mobile app, but I'll pass your feedback along that you'd still like more - in the meantime, check out the Reflect tab on the web app to see more in depth analysis of what's happening in YNAB.",2025-02-26 19:04:24,25.3.3,YNAB
eb7b71f4-e1fd-4f40-8f64-06eb61898a9a,"I've used YNAB for many years now, and it is a brilliant app for budgeting. Very easy to use and helps me understand where my finances are every month with great peace of mind.",5,0,25.3.3,2025-02-26 14:16:51,,,25.3.3,YNAB
6b7277df-f440-40e0-b113-8977fac2ace6,"I have only been using this app for a few months, but it already made drastic changes on how I think about using my money!",5,1,25.3.3,2025-02-26 04:21:40,,,25.3.3,YNAB
2197a8b2-520c-4142-993a-0a9efca5558b,"This is by far the best budgeting app I've found. I've been using it for over a year now and I've been able to save for emergencies, car repairs, I now have a savings and I've managed to save for future payments on my monthly bills. There is a ton of support tools to make you a pro and really get to know how to use the app to it's fullest. What's better is you can share your YNAB account with 5 other people for free!!! Why not try it it's worth it especially if you love MONEY!!!",5,4,,2025-02-24 21:18:21,,,,YNAB
06505df8-8320-4df9-a1d6-99a47c140436,Best budgeting app I've ever used and I've used it for years. But $15/month is a lot. I would love for it to be cheaper ❤️,5,2,25.3.3,2025-02-23 19:24:44,,,25.3.3,YNAB
e2ca2599-1891-4719-84cc-641e31245f00,It says google playstore isn't available (which is false since I'm writing my review on it rn) so now it refuses to do anything,1,0,25.3.3,2025-02-22 20:52:09,"Hi NOUM, did this happen when you were trying to download YNAB from the Playstore? Send us a note at help@ynab .com so we can do some further troubleshooting!",2025-02-23 16:54:25,25.3.3,YNAB
d5f6ba96-8009-45ff-9b0e-4077ae50d851,"Not worth it if you're in Australia. I really really wanted to love this, but for the love of god please add a fortnightly/custom 2 week option!! Getting paid fortnightly is really common in my country, so you tend to organise bills that way too. Its just too hard to use this app if your finances are organised fortnightly. I also can't sync any of my accounts",2,10,25.3.3,2025-02-21 16:19:40,"Hey Zerin, thanks for trying YNAB - we have ways to work with fortnightly paychecks, reach out to help@ynab .com for some tips. And noted on the Australian bank import - I've passed that along!",2025-02-23 16:49:46,25.3.3,YNAB
fde68e95-a2f1-4166-8482-16a9e8499d83,"There is a learning curve. Give it three months to feel comfortable with it. You will make mistakes and may have to start over a few times. Stick with it, it's worth it!",5,1,25.3.3,2025-02-20 08:37:41,,,25.3.3,YNAB
bf72930f-e2e2-470a-a1ff-2718be718700,"Good app, price gouging company. In the last five years the price has increased from $112 to $160 CAD with no reasonable justification. I'm leaving and don't recommend anyone to subscribe, as they'll get you locked in then jack up the prices.",1,1,23.9.3,2025-02-20 06:40:49,"Hi Ryan, thanks for posting. As a long-time YNABer myself, I know every dollar counts! Our subscription prices are charged in USD and based on factors like our costs and the value of the app. If you'd like help managing your subscription or just want to chat more, please message us anytime at help @ynab.com! ~ Lauren @ YNAB",2025-02-24 00:03:58,23.9.3,YNAB
756277ab-dcbd-4658-a0c2-c171a64ed586,I have ALWAYS loved YNAB!!!!!! Now they've made it better! It is like driving a luxury sports car in the personal money management world! Thanks YNAB!!!,5,2,25.3.3,2025-02-20 04:13:16,"Vroom vroom! Thanks for the kind words Joy! If your sports car ever needs a tune-up, drop us a note at help@ynab.com - we're happy to be your mechanics and get you on the road again! ~Phil@YNAB",2025-02-20 07:53:18,25.3.3,YNAB
69e515e3-81c2-42ad-ae95-ded005fa9702,"A bit complicated at first. Once you get the hang of it, it's the best out there by a margin.",5,1,25.2.2,2025-02-19 05:21:10,,,25.2.2,YNAB
2a8f283a-f130-40c2-b240-6cb06a838a67,"I used to use Excel for my personal/household finances, loathed the idea to pay for a app to do it... The price is so worth it. I have saved hours and hours reconciling my accounts. The reports are great. Still requires effort to keep it updated, but the peace of mind knowing where all my money is going is amazing. Totally recommend ynab for everyone. Update: Really great that I can use this on my laptop, but also update on the go on my phone.",5,10,25.3.3,2025-02-19 03:39:55,"Love this, Eva! I'm so glad YNAB has saved you time and given you peace of mind, that is the best. So glad to have you YNABing with us! \- Natalie @ YNAB",2023-11-02 12:20:26,25.3.3,YNAB
0c707f34-3662-4664-897b-ff888b1ae004,This app is great for my partner and I. We've just started using it with YNAB together feature. My only judgement so far is that you cannot change it from monthly to fortnightly as both my husband I get paid here in Australia.,4,0,25.2.2,2025-02-18 09:43:33,"Glad to hear you're enjoying YNAB, Georgina! You're definitely not the only one feeling the pain of fortnightly paychecks - send our support team a note at help@ynab .com for some tips and tricks on how to manage!",2025-02-18 16:44:30,25.2.2,YNAB
32b5c76e-be00-4099-b8e4-1eb5025fcc28,YNAB is just awesome once you embrace it.,5,0,25.2.2,2025-02-18 08:14:31,,,25.2.2,YNAB
3626560f-20fa-4f60-878b-192234633a0a,"It's an application that has nice features but is more trouble than it is worth. When I made a number of payments by check from an account not in YNAB, it noted the payments in those accounts & then just made up corresponding payments from my checking account even though YNAB is linked to my checking account & no transactions are listed in my checking. I have spent countless hour constantly getting a dozen accounts to be reconciled only to find that they fall back out of reconciliation again.BAD",1,8,25.2.2,2025-02-18 07:55:01,"Hey there, it sounds like you may be running into trouble with payments to credit cards. If you are paying a credit card from off-budget, you'll want to categorize that inflow to Ready to Assign- not to the Credit Card Payment category! Drop us a note for more details! help@ynab.com. ~Phil@YNAB",2025-02-18 07:52:39,25.2.2,YNAB
053b4387-ef89-4bbf-b0d8-50f37963be9f,Before my wife and I started using YNAB we struggled balancing our books. We started using the app and our finances are 100% better. the age of our money has increased. I would highly recommend this app to everyone.,5,2,25.2.2,2025-02-14 07:28:19,,,25.2.2,YNAB
654608b2-3a13-4c15-b0d4-756fe7ebd84d,Incredibly helpful money management app.,5,0,25.2.2,2025-02-14 05:02:56,,,25.2.2,YNAB
22a24d10-2ec7-43ff-9417-4eeb4061bbae,"I don't like how it's not upfront about costs. It lets you go through the whole setup, and then you have to choose monthly or yearly subscription. No free version after 30 days.",1,3,25.2.2,2025-02-13 23:16:27,"Hi there,

We mention a couple of times in the app description there is a subscription, but I know people don't always check those out closely, so thanks for bringing it up here where others can be aware of the subscription model before the install! We don't want to hide that! Any other questions? help@ynab.com. ~Phil@YNAB",2025-02-18 06:21:49,25.2.2,YNAB
ee52c36b-5584-4a25-a164-3955e2115527,life changing!,5,0,25.2.2,2025-02-12 20:21:45,,,25.2.2,YNAB
9890dd9b-c70d-45b5-a723-ee35e5809ba5,I really like the idea but this app is so confusing and the learning curve is too high to not provide a tutorial while setting up,2,1,25.2.2,2025-02-12 08:56:40,"Thank you for your review, Jen! We would love to work together to help get over the hump, and to hear more about additional onboarding steps that you would find helpful during setup! If you're up for it, shoot us a message at help@ynab.com or in-app so we can dig in with you. - Caity @ YNAB",2025-02-12 10:57:49,25.2.2,YNAB
783a1137-c0b6-4a79-884c-1090a9613613,"This is a great tool. Makes budgeting easy and flexible enough to be realistic as things come up or change. Would recommend it. I also appreciate the down to earth advice given on the YNAB channel, this app is clearly made to be for everyone. Personally I tend to use the website more than the app for getting a good overview of everything and planning for future expenses, but it's good to quickly add things or adjust something on the go :)",5,3,25.2.2,2025-02-12 01:09:33,,,25.2.2,YNAB
c739a7eb-cb50-48f5-88ae-c4d9b1c32edb,helped to catch every dollar I spend. I paid off 15 k in the first year. I can truly see exactly where my money goes now.,5,1,25.2.2,2025-02-11 12:40:13,"Congrats on the 15k, Angel—what an accomplishment! 🤩 We're thrilled to hear that giving every dollar a job has helped you see exactly where your money is going. Happy YNABing! -Blair@YNAB",2025-02-11 13:23:47,25.2.2,YNAB
32b41634-aee5-470b-8091-ee9f8ac5b29c,Don't download this app. This application stole my information and after I sign up with all my information I received a message that I purchased something with my debit card. It wasn't me. SCAM. Don't download it.,1,1,,2025-02-11 08:21:48,"Hi there!

I'm so sorry to hear you've gone through this- credit/debit fraud is such a pain! We are super careful with all your data and payment information that you give us, and it sounds like a matter of unfortunate timing in this case. If you want to chat more, send a note to help@ynab.com. ~Phil@YNAB",2025-02-11 10:30:38,,YNAB
c3f8c4a1-24e2-44ee-8bee-ed9f2ed41515,"I've been using ynab for years now. Yes, there is a learning curve to change your understanding of how you can budget. Their tutorials and support are amazing. Parts could be improved like any app out there. Usually ui stuff. IMO, it's worth every penny. I have >10 active accounts maintained in ynab. Folks with multi-bank-acct issues might be attempting to use ynab in a traditional budgeting style. I can't even imagine going back to traditional budgeting since it's so ineffective.",5,14,25.2.2,2025-02-10 21:44:23,,,25.2.2,YNAB
0d781e86-0990-40be-9cd1-48d9d00fdaab,YNAB has transformed my relationship with money. I am now deciding where my money goes instead of wondering what happened to it. The app is easy to use and helps me keep track of my budget in real time.,5,1,25.2.2,2025-02-10 09:08:11,,,25.2.2,YNAB
f4721ef0-ee4e-4cf1-8d62-da5bbaf66829,love this app. it keeps my spending on track and keeps me from overspending.,5,1,25.2.2,2025-02-10 07:20:30,,,25.2.2,YNAB
7e5643b1-c401-4f72-b654-6349f322a14f,Very manual unless you link your bank account and then you have to select the categories for each item. Not sure it's worth the effort.,2,1,25.2.2,2025-02-10 04:59:51,"HI William,

As you use YNAB, it will automatically categorize transactions with identical payees in the same category previously used whether you link your accounts or not! If you want to chat more about that, let us know! help@ynab.com. ~Phil@YNAB",2025-02-11 08:30:31,25.2.2,YNAB
76d9583a-1ab4-4006-a2ee-00cc8fc8e7ea,YNAB has significantly reduced my financial stress. Knowing exactly where my money is going and having a plan for future expenses gives me a tremendous sense of calm and confidence. It's empowering to be able to save for my goals while still enjoying my current spending. Thank you for creating such a valuable tool!,5,13,25.2.2,2025-02-08 12:46:00,"Hi Marlon,

I'm so glad to hear that you have confidence and calm regarding your money now that you're using YNAB! We love giving people the power to not second guess - true feelings of Spendfulness! If you have any questions going forward, send us a note to help@ynab.com. ~Phil@YNAB",2025-02-11 07:51:54,25.2.2,YNAB
b7584d54-30e6-4804-9304-e31be75d3f5e,"the interface is very simple to use and the app is fast to respond. I would prefer to type the decimal place myself, but that is just a small personal preference 🙂",5,1,25.2.2,2025-02-07 07:23:08,"Thanks for your review, Jared! We appreciate you sharing your preferences and I've passed along that feedback to our designers. Happy YNABing! - Caity @ YNAB",2025-02-07 17:00:31,25.2.2,YNAB
ea74a7b4-9bc0-439b-b93d-34bc7b7d3c8b,Bad,1,0,,2025-02-06 20:38:20,"Thanks for taking the time to leave a review, Nahid! If you're up for it, we'd love to hear more about what isn't working well. You can get in touch with our team anytime at help@ynab.com or by messaging us in-app. If not, we understand, and appreciate you giving YNAB a try! - Caity @ YNAB",2025-02-07 17:07:30,,YNAB
139fcf0b-68d8-4b0b-8594-3396a7895d7c,"My wife passed after 53 years. I did the investing and NEVER did the bills .Needless to say it was a great loss and I was lost trying to do the bills and creating a budget to manage my new life. I reviewed several budgeting apps. I chose YNAB. I've used it for a month and a half, it did take some effort but it is an EXCELLANT tool for getting you finances and life together. I would recommend it.",5,2,25.1.1,2025-02-06 10:38:09,"Thank you for sharing, Phillip! I'm glad to hear YNAB's helped you regain some peace after your wife's passing. Please know we'd love to hear your story or answer any questions—you can message us right in the app or at help @ynab.com anytime. ~ Lauren @ YNAB",2025-02-06 21:28:50,25.1.1,YNAB
415513f7-b603-40cc-905e-41d9741031e1,"Budgeting: only apparently easily possible if you have a VERY (1 checking, 1 saving, no ""vaults"" sub-savings) small number of accounts across ALL holdings. Can't handle transfers, it makes 2-3 entries for 1 transfer. Their support will constantly nag you to not use multiple savings accounts. There are different types of accounts behind the scenes with different functionality but support uses different names for them and it's not listed in the app what your accounts are.",1,0,25.2.2,2025-02-05 15:51:49,"Hi Tyler, the way that transactions are recorded for vaults at the bank can cause some extra entries. Transfers between separate accounts don't have this issue. I recommend manually recording vault transfers, that will keep the extra entries from showing up. If you want to chat more, let us know! ~Phil@YNAB",2025-02-03 09:07:21,25.2.2,YNAB
0dda5b4f-acf5-45dd-995b-9a2ae01a9582,"Happy with YNAB after 2 years and continuing to use it (4.5 out of 5 stars). It's a pretty usable envelope method budgeting service (I didn't experience downtime). They provide helpful intro videos and articles explaining how best to use the app, which were helpful in explaining how YNAB handles credit especially around the month rollover. Maybe credit and credit month rollover could be more intuitive? Beware, importing Canadian credit union account statements is cumbersome.",5,4,25.1.1,2025-02-02 09:29:11,,,25.1.1,YNAB
6699a1eb-1d56-49f1-80c1-5c37b3803b44,"Honestly changed my life. Ynab really helps you learn how to think about your money. I've never been able to save up this much money in my entire life. There is a fairly steep earning curve, but that's because most people aren't used to ynabs way of budgeting. Once you get the hang of it you'll be on your way to financial freedom :)",5,0,25.1.1,2025-02-01 19:48:56,,,25.1.1,YNAB
e6e4cb64-6592-4fc1-8df8-3801481c9ab4,"UPDATE: I want to love this app so much. It is perfect. However, throughout the years, the speediness of import is so frustrating. I have seen it update almost daily, to not seeing an update for multiple days. I have uninstalled, unlinked, relinked, reconciled everything. Adding transactions manually is not conducive to my lifestyle, plus I would use a MUCH cheaper app to monitor things manually if that is what I have to do.",2,4,25.1.1,2025-02-01 10:51:06,"HI Courtney, We can't always control the timing of imports- specifically when banks don't make that information available right away. We know that can be frustrating. Send us a note so we can take a look at your troublesome connections to see if there is anything we can do to resolve what you're seeing! help@ynab.com ~Phil@YNAB",2025-02-03 06:42:23,25.1.1,YNAB
6f9ee517-2a33-4b16-a87e-a27a625e8eff,"Despite the advertising, this is a more complex budgeting app to use than it may seem, took watching some videos to figure it out.",4,1,25.1.1,2025-02-01 05:30:18,"HI Amy,

If you have any other questions that our videos didn't answer, you can send us a note to help@ynab.com, and we'd be happy to answer those questions! ~Phil@YNAB",2025-02-06 07:11:54,25.1.1,YNAB
842681da-cfa0-4cba-850f-36e7d14bb6e1,"Doesn't make sense. There's nowhere to enter income. I just need something simple and this is way too complicated apparently. I guess I'm just an old dog trying to learn a new trick. Just saw reference to a desktop app. I don't have one, so maybe that's the problem? If so, it should be fully accessible on mobile. If you need training to use an app, it isn't built propery. I keep reading how it takes a while to set up. I don't have an accounting degree, so why such a poor user experience?",1,0,,2025-02-01 05:15:11,"Hi Dan! YNAB uses only the money you have on hand *right now*. New paychecks will flow into the budget and be available for you when you get paid! If you'd like to chat more about using the mobile or web app, send us a note to [help@ynab.com](mailto:help@ynab.com), we'd love to help you get started! ~Phil@YNAB",2025-02-06 11:12:12,,YNAB
153a4799-6990-40ff-88b5-921794f13a1b,"Long time user. Really a great app, for several key reasons. Having budget amounts synced across family phones makes it possible for us to really stick to a budget: before we always forgot to enter things and had outdated info on how much we could spend at the grocery store. YNAB downloads transactions and guesses at what budget they come from, and I can quickly go through and correct any mistakes it makes. This means the amounts remaining in those budget categories are likely to be accurate.",5,0,25.1.1,2025-01-31 05:52:52,"Thanks for your review, Bryce. Glad you called out that ahhhhh feeling of being able to look at your categories and know what you can spend. Feeling confident about your spending really is everything! We're happy you're using YNAB and here for you if any questions pop up along the way! -Blair@YNAB",2025-01-31 09:51:39,25.1.1,YNAB
d8a444f2-75f6-4f97-952b-36c20c4962a9,Definitely a learning curve worth learning.,5,1,25.1.1,2025-01-31 05:52:45,,,25.1.1,YNAB
5802755d-e6d8-48a0-b985-bd17fd2a63ef,"used for a year and changed our lives, paid for holidays and building works without having to worry about day to day bills or using credit",5,0,24.22.0,2025-01-30 01:47:27,,,24.22.0,YNAB
19776b35-b988-416a-945d-01a0e4996426,free to download and you get hit with a subscription after signing up,1,0,25.1.1,2025-01-29 18:54:30,"Hi Conor! It sounds like that charge took you by surprise. We're sorry about that! To clarify, YNAB offers a 34-day trial and, per Google's terms which they share at sign-up, your subscription begins immediately after. Let us know if you need help canceling and requesting a refund from Google, and thanks for giving YNAB a try. -Blair@YNAB",2025-01-30 05:49:39,25.1.1,YNAB
5ee108dc-b873-468e-95ef-c1d550ce3d26,It's good,5,0,25.1.1,2025-01-28 06:27:19,,,25.1.1,YNAB
bd7284b8-04e4-496b-b13b-985616b67297,"So helpful, makes life better. Lowers my stress level on a frequent basis.",5,1,25.1.1,2025-01-26 18:22:35,,,25.1.1,YNAB
746bdaea-41da-4900-b85e-1c92659ebf25,"Useless to me as I am unable to connect my bank. Manually inputting income and deductions seems so tedious leaving absolutely nothing to be excited about in using this app. I bank with a major Australian bank too, disappointed. Signed up today and will be cancelling today.",1,0,25.1.1,2025-01-26 17:48:04,"Thanks for giving YNAB a try - we don't offer direct import in Australia, but we appreciate you letting us know that's something you're looking for! We'll pass that along the appropriate channels.",2025-01-27 07:30:37,25.1.1,YNAB
a71739a9-45dc-4246-81e3-98bc563d628c,Sends emails every 2 days trying to extract money from you.,1,0,,2025-01-26 01:00:23,"Hi Casper, we'd be happy to remove you from our emails if you'd like! Send us a note at help @ynab.com and we'll get it taken care of.",2025-01-26 14:17:57,,YNAB
184ff9ba-20ff-441c-b298-7fb817515144,Simple and consistent. A very good budgeting tool. We have been using this for almost 3 years.,4,0,25.1.1,2025-01-25 06:59:24,,,25.1.1,YNAB
4f511c43-78f0-4027-a4a0-92d6cc2684aa,I've been using YNAB for many years and it has genuinely improved my approach to money and therefore (indirectly!) improved my life. Bravo team 👏🏼,5,0,25.1.1,2025-01-24 22:26:46,,,25.1.1,YNAB
2f5502ac-877c-4159-b868-16e36be180dc,"It's a little pricey, but it's nice having a good mobile app. The transaction description rename feature leaves a lot to be desired, especially more as of late where it seems to latch onto the payment processors name e.g. PAYPAL*, GOOGLE*, AMZ*, instead of the actual name of the retailer like Discord, Twitch, or Audible.",4,20,25.1.1,2025-01-23 06:59:12,,,25.1.1,YNAB
7b37872e-7cdc-40e1-ae09-f392f3250f92,"love YNAB, the phone app still needs some improvements but love I can see my budget, trends, transactions and add transactions easily",4,0,25.1.1,2025-01-22 13:42:52,,,25.1.1,YNAB
4c623825-0b7a-4c0d-a8a4-0afdb57bba50,Why is this app tracking a bunch of stuff on phone?,1,1,25.1.1,2025-01-22 13:42:46,"Hi, Remy! We take privacy super seriously. Please get in touch with our Support team at help@ynab.com to chat through what you're seeing — we'd be glad to help you make sense of what you're seeing. You can also take a look at our Privacy Policy any time: https://www.ynab.com/privacy-policy. Michele@YNAB",2025-01-27 08:12:58,25.1.1,YNAB
cc1b0e92-2bbd-4513-b6a0-6f8d90ce58f8,Why did you get rid of the balance on the accounts view?? At least add the ability to toggle it on and off. Such a disappointing change.,1,1,25.1.1,2025-01-22 06:17:40,"Hi Les!

Balances are still visible on the accounts tab- I'd like to dig in more here to learn more about what you're seeing. Send us a message to help@ynab.com! ~Phil@YNAB",2025-01-22 07:48:46,25.1.1,YNAB
c3714adc-d7f8-4c2c-a763-7284cf976460,Simply the best !!!,5,0,25.1.1,2025-01-22 03:37:04,,,25.1.1,YNAB
e8bfbd31-e846-4e7f-8154-d4700ead1054,"Just started with the free trial, and loving it!",5,0,24.22.0,2025-01-20 14:50:03,,,24.22.0,YNAB
1084c70c-4dff-4d57-9385-a44d094be9f9,love it! 😍,5,0,24.22.0,2025-01-20 07:46:09,,,24.22.0,YNAB
3c2459fe-adba-48d3-a45d-32cdb8ce9ee7,"Your bank probably has the same thing for free. It doesn't give any insights, just tells you where you've overspent. Not worth the required subscription.",3,1,24.22.0,2025-01-19 21:35:25,"Thanks for giving YNAB a try! In case anyone else is reading reviews, there's a Reflect tab at the bottom of the app for insights into your spending - it includes a spending breakdown, an overview of your net worth, and how ""old"" your money is. The web version has even more!",2025-01-20 11:31:42,24.22.0,YNAB
67bbe8f3-ee13-4ef8-a6a5-e104e93b8936,"The app is very confusing and leaves little time for explaining things. There are so many tools on screen, and I have absolutely no idea how to use them or what they do. What's the point of syncing my bank account if I can not see my past transactions on the app? What is ""assigning funds""? How does that work? Is it going to intentionally or inadvertently take money out of my account? Again, this isn't explained. It's just there.",1,0,24.22.0,2025-01-19 15:19:30,"It can definitely be hard getting started - sounds like you might like to check out one of our free live workshops https://www.ynab.com/free-workshops! Also, our support team would love to help. Write in from the question mark at the bottom right corner of YNAB, or at help @ynab.com. We can help!!!",2025-01-20 11:08:22,24.22.0,YNAB
71727318-c8ec-4b7f-bc04-f17679d1bb82,"Bit of a learning curve, but articles, videos and customer service were all very helpful in making the switch from Everydollar. (I love Everydollar too, but with 3 home businesses and some credit cards, YNAB is a better fit for my current level of complexity.)",5,1,24.22.0,2025-01-18 13:46:56,,,24.22.0,YNAB
ee31245b-f90c-474d-8e3b-2d4db89e5fb3,Don't know what they changed but I've spent the whole day on this. It shows I have $300 to assign. $300 more than I have in my account! How do I stop the subscription to not be charged again? I'm done.,1,0,24.22.0,2025-01-14 16:23:55,"That sounds super frustrating - our Support team would love to help you out (the amount in Ready to Assign or cancelling). Can you send us a note from the question mark at the bottom right of YNAB, or an email to help@ynab. com? Looking forward to hearing from you!",2025-01-14 17:19:17,24.22.0,YNAB
afb56282-97fd-4d80-b5aa-24d1eacedd2c,I want to save money not give money.,1,1,24.22.0,2025-01-14 00:14:42,"Hi Samuel, We find that the clarity and direction YNABers receive by using the app and the Method end up saving YNABers way more than the subscription cost of the app, but I understand if you're looking for a free option as well! If you want to chat about how you can save money by using YNAB, send us a note to help@ynab.com! ~Phil@YNAB",2025-01-14 06:26:21,24.22.0,YNAB
61ba1c45-62ab-4e93-aa73-08024dd9945c,Great tool for budgeting.,4,0,24.22.0,2025-01-13 13:04:50,,,24.22.0,YNAB
f51ba181-a8c1-461f-a835-ff5ec109fbb0,"Very supportive organization and staff, helped me with subscription through my hardship.now I can manage my budget. Thanks YNAB Team.",5,0,24.22.0,2025-01-13 11:49:15,,,24.22.0,YNAB
35978697-b770-4197-acba-90e8a56173bc,Great little budgeting tool. Wish it would add support for tracking accounts in different currency like BTC and strike accounts.,4,0,24.22.0,2025-01-12 09:03:35,"Glad you're enjoying YNAB, and thanks for taking time to leave us a review! I've passed along your request for BTC and strike accounts - we love hearing suggestions from our users, and our product team reviews those regularly.",2025-01-13 10:50:56,24.22.0,YNAB
14949310-3bd9-4a3e-b10d-09e9ab175ffb,"Add an ""undo"" button or drop the cost.",1,1,24.22.0,2025-01-10 22:10:25,"Hi Brendon,

Thanks for the feedback regarding an undo button in the mobile app! Currently, our undo button is only on the web version. For the time being,on mobile we recommend using the Recent Moves tool to help you see how to reverse any money movement that needs to be undone. If you want to chat more, help@ynab.com! ~Phil@YNAB",2025-01-14 10:19:00,24.22.0,YNAB
088478a9-be36-49fa-a404-2324f773990e,Literally don't know what I would do without this,5,0,24.22.0,2025-01-10 20:57:28,,,24.22.0,YNAB
9c1edcbe-3215-4a3b-8378-61c2e4ee462d,"Seriously, once you get the hang of it, The best budgeting/spendfulness platform! I have tried them all!! The videos are fun and there are so many!! It is a different way to think of budgeting but has seriously helped my husband and I get a full understanding of our money and really make progress in saving for everything!!",5,30,24.22.0,2025-01-10 14:27:18,We love hearing about money mindshifts and wins inspired by using YNAB. Thanks for letting us know how using the app has impacted your lives! Michele @ YNAB,2024-11-04 07:06:56,24.22.0,YNAB
a900c181-5b56-4dd4-9f39-18194f0dea5a,Fixed my whole financial world!! I have savings and everything!!,5,0,24.22.0,2025-01-10 09:37:25,,,24.22.0,YNAB
9e384eaa-36b2-4468-95f3-83f6bc70bdb2,"I had given up on budgeting. This made it easy to link all of my accounts in one place. Now, it's fun like a game to budget. I went from never having any extra money to watching my savings grow and being able to enjoy the things that are really meaningful to me.",5,0,24.22.0,2025-01-10 08:32:56,,,24.22.0,YNAB
dca57128-bf1b-45f5-8263-e1c644ae5dee,It's a necessity.,5,0,24.22.0,2025-01-09 18:48:07,,,24.22.0,YNAB
d04305e4-cc7f-4fcf-a355-231dbba827c9,"Tried out this app for a couple of days, not really sure who it's intended for, but definitely not me. The whole assigning transactions relating to credit cards thing is way more complicated than it needs to be.",2,3,24.22.0,2025-01-09 17:12:31,"Hi Mark, thanks for giving YNAB a try! If you're interested, our support is fantastic at explaining how our credit handling works (and why it gives you total peace of mind)—reach out in-app or to help @ynab.com anytime. ~Lauren@YNAB",2025-01-20 00:20:01,24.22.0,YNAB
519a33f4-07b5-43a8-a650-af6933f1af16,"I don't know what's happened with the app, but charges have been delayed 4 to 5 days at a time.... It's making it hard to budget accordingly.",3,2,24.22.0,2025-01-09 16:51:33,Hi Glen - oh no! Have you reached out to our support team? You can email help@ynab .com or message us directly from the question mark in the bottom right corner of YNAB. We'd be happy to take a look!,2025-01-09 17:07:24,24.22.0,YNAB
b33aba57-8665-4817-b94d-fad6a3be1809,Excellent app Highly recommended.,5,0,24.22.0,2025-01-09 15:33:45,,,24.22.0,YNAB
c5615878-c12d-4d46-af12-43116aced7a4,"This app is in an awkward spot of being too expensive for those who need it, but over-complicating things for people with good financials. Spending money in categories can feel smart, but if you have any discipline at all it's easier to just dump cash into HYSA/indexes and know the difference between needs and wants. Monthly budgeting isn't as appropriate for infrequent items like home maintenance, for awareness you're better served by downloading bank statements and adding things up in excel.",1,0,,2025-01-09 08:02:10,"Thanks Kiera,

Everyone can benefit from Spendfulness which comes from aligning your priorities and spending! For some that means spending less- and for others it means spending (more) money the way that reflects your values! Knowing your needs and wants is MAJOR! We think giving every dollar a job helps is critical for clarity here! ~Phil@YNAB",2025-01-09 08:28:20,,YNAB
796c47e1-6fee-4a13-b1d8-59240170d0f1,"I've loved what YNAB has done for me for the past 3 years, but without an android tablet layout (the iPad one looks amazing!), I won't be renewing my subscription.",4,1,24.22.0,2025-01-09 06:04:57,"Hi Ashley & Jaylon, thanks for saying you need an Android tablet layout—I've passed this along to our designers, and hope you reach out if you have any specific feedback or questions! We'd love to share info about our beta testing program or hear more about what you're missing. ~ Lauren @ YNAB",2025-01-12 23:50:54,24.22.0,YNAB
f7539a60-4097-4912-bb32-b329466552b2,A great app that actually helped me save a ton of money but im sad to have to cancel. Its too expensive and there are other apps that are open source that offer similar features. Thank you YNAB for this learning expirence.,2,1,24.22.0,2025-01-08 21:45:13,"HI there! I'm glad we were able to be a part of your financial journey! Whether you use YNAB or not, feel free to continue to make use of the Method, our articles, and youtube videos- we think they are super helpful even if you don't use YNAB. We wish you the best! ~Phil@YNAB",2025-01-09 07:52:51,24.22.0,YNAB
ee220acd-45a2-4ed9-bf89-9fdc72b94486,Amazing app! A bit of a learning curve but well worth the effort and money. Helps you take responsibility for every single one of your dollars,5,1,24.22.0,2025-01-07 22:41:50,,,24.22.0,YNAB
90977ad5-b178-4767-807c-be9b125239c4,"Been using YNAB for more than 10 years, i wish if i integrate YNAB with Saudi Bank",5,0,24.22.0,2025-01-07 13:02:14,,,24.22.0,YNAB
cd80c497-7f47-4572-80a7-1f380491b78d,"Where have you been all my life YNAB! An A++ budgeting app, worth every dime of the yearly subscription price.",5,0,24.22.0,2025-01-06 17:17:12,,,24.22.0,YNAB
0dcce86e-c5a7-45e9-8673-5b42f758cfcc,Couldn't import my bank info,2,0,,2025-01-06 06:30:51,"Hi Paul, shoot! Did you happen to write in to our support team? They have some troubleshooting options they can employ. Send us a note at help@ynab .com if you'd like for us to take a look!",2025-01-06 13:40:32,,YNAB
6bf88767-76f5-4bea-9c3e-e460656cf959,Had to go through all the questions before finding out how high the monthly or yearly fees are! Uninstalling. Goodbye.,1,2,24.22.0,2025-01-05 23:02:03,"Thanks for checking it out, Rossana! For anyone else looking, check out https://www.ynab.com/pricing for pricing details.",2025-01-06 11:55:02,24.22.0,YNAB
20eb8583-aedd-4705-99fc-eaec0c6d7e73,"Not easy to use. Assumes all monthly payments are due at end of month. Assumes all payments are the same every month. Doesn't help track debt. Better off just using a spreadsheet. I'm trying to get a refund, so far no luck, sorry I signed up.",1,1,24.22.0,2025-01-05 13:03:39,"Hi Deborah,

If you haven't already, send us a note to help@ynab.com we'd love to help you set accurate due dates for targets for each of your monthly payments and set aside money for variable expenses . We can take a look and see if we have options for a refund as well! ~Phil@YNAB",2025-01-06 09:13:46,24.22.0,YNAB
14248a50-7934-4482-b71a-6623070ed533,"Finally! I know my finances! I highly recommend this app for everyone, no matter your budgeting prowess (or lack thereof).",5,0,24.22.0,2025-01-04 12:14:42,,,24.22.0,YNAB
8179fb6d-0d24-497d-bc5d-2aa6c80cc71f,"I love YNAB! While it has a learning curve, the resources available make it easy to adapt. I saved $4k in under 6 months by tracking where my money went and building a plan that works for me. I’m giving 4/5 stars because I wish transfers and deductions showed as negative red numbers in the account on mobile and web without needing the YNAB Toolkit in Chrome.",4,1,24.22.0,2025-01-04 11:50:37,,,24.22.0,YNAB
d8df6c6b-8022-495d-8773-807d9d0eae9e,"Excellent approach to finances; the app fits the need well! Idea: please include a ""category group"" filter alongside the ""category"" filter in the Spending Breakdown.",4,1,24.22.0,2025-01-04 07:41:26,"Thanks, Isaac—I'm glad you enjoy YNAB! I've passed along your feature request, and please feel free to filter by category group in the web app (app.ynab.com) or reach out with questions anytime. ~ Lauren @ YNAB",2025-01-06 01:46:57,24.22.0,YNAB
f56a6755-c4f8-467e-82d1-aee1875fc6ce,Does not support multi currency. I.e. you can't have accounts with different currency. It doesn't support transactions between accounts neither. It's a clear no for me,1,1,,2025-01-04 05:43:47,"Hi Cristian, I use both of these in my own YNAB setup! We can record transfers between accounts, and have excellent tips for handling multiple currencies (using separate spending plans)—reach out to help @ynab.com if you're interested in getting custom advice for another try. ~ Lauren @ YNAB",2025-01-06 01:40:43,,YNAB
18aa40f6-995f-4b90-a8ec-48438dc24425,I've been using YNAB for almost 9 years. My wife and I wouldn't survive without it!,5,0,24.22.0,2025-01-03 15:10:19,,,24.22.0,YNAB
9ee37ce8-ef58-44f4-bbb9-5f553cbdd525,Totally rehauls the way you think about money and is so good for stopping the paycheck to paycheck cycle. I've used it myself and set several of my family members up on it.,5,1,24.22.0,2025-01-03 07:22:14,,,24.22.0,YNAB
3cb6d4d0-9e2b-4d06-959c-19744741bb52,"Navigation is easy and it seems useful. However I can't justify spending $15 monthly for it. Not worth the price, making it useless to me.",1,1,24.22.0,2025-01-02 14:42:17,,,24.22.0,YNAB
a8b96171-ba8b-4f61-a095-289bd03e8cb7,"I seems like the only thing this app does is exactly what I do every month writing things in paper. The app is not changing my relationship with money at all. I thought I would get insights into my spending habits, things I can change and how to save more money. That's not true. What I really need us full automation of keeping a record of my transactions, and to tell me how much extra cash I have each month. Unless I'm missing something, this app doesn't do that.",1,2,24.22.0,2025-01-02 09:23:20,"Thanks for the review! What sets YNAB apart is the YNAB Method of giving every dollar a job. We have 5 questions you can use to practice the Method; that's one way of gaining insight. We also have more tangible ways of reviewing insights through the Reflect area of YNAB. If you'd like to learn more, reach out to help@ynab. com -Blair@YNAB",2025-01-10 08:13:39,24.22.0,YNAB
78db3cac-e52d-4486-b6d1-fd5afbca2e3e,"It is designed to be informational, not just click random buttons. Learn their system, read their articles, and you will be more financially wise than any other ""system"" out there. It's simple, it's wise, and it works. And they have phenomenal customer service, people who truly WANT you to succeed, save money, and be financially stable.",5,27,24.22.0,2025-01-02 07:33:22,,,24.22.0,YNAB
a115a873-7477-4b64-ad37-2dbf221c36fa,Penchean 2064,5,0,,2025-01-01 20:10:50,,,,YNAB
0a2f7cbb-85cd-4df3-81e5-f93f3416f6ba,There's no UNDO! Looooooong time YNAB user. Love the web app. But geez it's been years and we still can't UNDO something on mobile. Now it's January 2025 and there is still no undo button on mobile. Moves are in the stack! This is possible to make. Undo please.,3,2,24.22.0,2025-01-01 10:22:40,"Thanks for your review, Bill! I've submitted your feedback to the design team to let them know that undo on mobile would make a big difference for you. You're definitely not the YNABer who feels that way! If you have any other feedback you'd like to share, our inbox is always open at help@ynab. com -Blair@YNAB",2024-12-13 09:49:13,24.22.0,YNAB
ab1bd8a5-f8cf-456b-b7be-47452fed5a50,Thank you for YNAB app! Great for reconnecting with my finances and goals. Progress!,5,0,24.19.2,2025-01-01 09:31:13,,,24.19.2,YNAB
ed57e531-b2bd-4fe4-9706-92898d9de858,"if you need a budget (YNAB) this is legit the best app. it takes some getting used to, and the informational videos on the website are helpful, but legitimately helped my husband and I be on the same page, and went from paycheck to paycheck to month or two ahead. the app is easy to use, some features are still better on the website but excellent.",5,9,24.22.0,2024-12-31 19:47:46,,,24.22.0,YNAB
34137768-f751-45ed-8084-90f5f1504e7b,"I've been using YNAB for 7 years, it's fantastic for keeping your budget handy and organized. I love all the customization options. My budget works for me!",5,1,24.22.0,2024-12-31 08:50:41,,,24.22.0,YNAB
533fa25d-5ee1-48e8-8f32-0f70a4928837,I've been using this program for about 9 years now. and it has helped to keep track of my financial picture. it's only gotten better over time.,5,0,24.22.0,2024-12-31 07:40:27,,,24.22.0,YNAB
725643ae-23f2-49a0-866f-3ac398e15631,Brilliantly thought out and genuinely works. It takes a little time to get going and understand the ins and outs but it's well worth the time investment. Their YouTube channel is also a great source of info for those starting out. 100% recommended,5,1,24.22.0,2024-12-31 04:31:57,,,24.22.0,YNAB
7af7123f-11be-48dd-9f6d-e05869513f7b,"Functionality is pretty good, integrates with financial institutions better than most. But email based MFA is a joke. At least leverage Android's passkey functionality?",3,0,24.22.0,2024-12-30 16:21:13,"Thanks for taking the time to write a review, Jeffrey! Our Android app has other MFA options including biometric to access the app itself. If it's your bank connection that is using email as MFA, you can modify that at your bank site.
If you have trouble with either of those, we can help! Reach out to help@ynab.com. ~ Michele@ynab",2025-01-01 08:18:17,24.22.0,YNAB
dba118b4-2eb5-43b7-b281-b247582a2d6b,Definitely a useful and robust budgeting app,4,0,,2024-12-30 07:59:20,,,,YNAB
6df190a7-92e0-4052-a32d-57bed4e84194,"The reviews seemed to have been pretty good, but this one was too complex for what I needed. I opted for something else.",2,0,,2024-12-29 13:42:30,"Thanks for giving YNAB a try, Christine! If you have any questions, or want to know why our reviews are so good (the magic sauce, so to speak), we're happy to chat anytime at help @ynab.com. ~ Lauren @ YNAB",2024-12-30 21:52:46,,YNAB
dcafe1cd-d721-41d9-b469-8e400d6dbedd,Quite a hefty subscription fee for an app that wants to help you manage your finances. The irony. What's worse is that you only find out how much it costs only after you've signed up.,1,2,24.22.0,2024-12-29 07:09:57,"Thank you for posting, Shiva! While we find that most YNABers end up saving much more than the annual cost, I understand where you're coming from. We hope you'll still give the free trial a shot to see if the YNAB Method can help align your spending with what matters most to you! - Caity @ YNAB",2024-12-31 14:03:15,24.22.0,YNAB
a43a843c-25e4-4992-8123-ad285e2b0d20,love. love. love. YNAB has changed my financial freedom journey and has made all the difference. it makes it so easy to budget and track expenses for both my wife and I without either of us having to ask or answer questions every time we want to make a transaction. I can't imagine life without it!,5,1,24.22.0,2024-12-28 14:25:26,"Thank you for your review, Chip! We are so happy to hear that YNAB has made a difference and has helped take the guesswork out of managing your money together. Cheers to many more YNAB wins to come in 2025 (and beyond)! - Caity @ YNAB",2024-12-31 13:33:14,24.22.0,YNAB
c79e500e-c1bc-4550-b88c-88b35b2c295d,HENDERSON'S ENTERPRISE INC help me help us,5,0,24.22.0,2024-12-27 14:01:14,"Hi Chaidez, thanks for being a YNABer! Feel free to message us anytime you have questions, either in the app or at help@ynab.com. ~ Lauren @ YNAB",2024-12-30 19:30:47,24.22.0,YNAB
3fab5e2f-9444-434a-971a-566086ff5b4e,"Best budget app!! It's a lifestyle. I've been using it for 8 years. Paid off all my credit card debt and have been debt free for 5 years, except my mortgage.",5,1,24.22.0,2024-12-27 04:30:50,"Cheers to many more years of joyful spending, Michelle! 🥂 ~ Lauren @ YNAB",2024-12-30 19:20:31,24.22.0,YNAB
e95e9257-813a-497e-b5d2-dc415ef2cc20,Very easy and effective budget tool to use!,5,0,24.22.0,2024-12-24 05:03:37,,,24.22.0,YNAB
3078f1ec-72c6-4c2f-a1ae-fffdea19d444,"Very good budgeting app for people who like to know exactly where their money is going, how much they spend each month, and want to save for meaningful goals. We used Mint for many years, which was pretty good. But this is much better. It's pretty easy to use once you learn the interface. There is definitely a learning curve, though. It's not the most intuitive.",5,72,24.22.0,2024-12-21 13:51:49,,,24.22.0,YNAB
0bec4f60-4223-4721-86b1-7aa8dc3cf3c8,Let go of your old ways and let YNAB help you prosper!,5,1,24.22.0,2024-12-19 20:46:36,,,24.22.0,YNAB
d6dae3fb-c787-488d-a60a-d7f94270295c,Expensive,1,3,,2024-12-18 14:43:40,,,,YNAB
169a4a1b-bbf3-4856-b313-5bd7a1dac688,love it. Best Budgeting app,5,0,24.22.0,2024-12-18 04:42:47,,,24.22.0,YNAB
2da77918-10bc-43e5-9669-72436fcb6609,Empowers us to track our money and set goals. We now know how much money we have and can assign it jobs - or cut back when needed. Has greatly increased our confidence in our budgetary decision making.,5,0,24.22.0,2024-12-17 09:43:55,,,24.22.0,YNAB
de3c1995-2a2b-45ec-8a39-771aaf6b8370,"Super expensive, not even worth setting up the free trial just to be charge 17€ a month to do something I can do in excel with Copilot",1,5,,2024-12-17 02:10:45,,,,YNAB
c24acd7b-dbb6-43b1-9a78-af0dabce42ae,"Phenomenal app and service when you commit to it. In 12 months, I've wiped almost $18K in debt off my accounts. I never thought it would be possible, but man, this app was exactly what I needed to improve my financial literacy and responsibility. The subscription is worth every penny.",5,2,24.22.0,2024-12-16 13:47:46,,,24.22.0,YNAB
1c2175fc-4544-4f3f-9882-0a5e3e67d4d7,Wish List: Easy way to switch between budgets or enter transactions for different budgets without multiple taps/clicks.,3,7,24.22.0,2024-12-16 06:53:49,"Hey Matthew, thanks for taking the time to leave a review. We'd love to chat about your ideas on how we can improve the app and your experience. Feel free to write in to help@ynab.com and submit your feature requests and we'll get that to our Design Team to review :) -Wade@YNAB",2021-03-04 16:21:09,24.22.0,YNAB
b0d07e9d-8036-41f5-b3c5-401ed92ea3ce,Pay only.,1,0,,2024-12-14 17:03:28,,,,YNAB
22f325b2-b442-47a0-9cfb-6d78f414062e,Not what I expected. Please add more banks from more countries,1,0,24.22.0,2024-12-14 15:26:27,Thanks for giving YNAB a try! We're working on improving our coverage in more countries - check back with us in a couple of months to see if your bank is available!,2024-12-16 10:55:32,24.22.0,YNAB
4be3e57c-d189-4ca3-b39b-be8d2752a7f6,life changing g!!!,5,0,24.22.0,2024-12-14 08:18:12,,,24.22.0,YNAB
523b431c-208d-4ae1-af47-935df091888a,best,5,0,24.22.0,2024-12-13 19:05:57,,,24.22.0,YNAB
e33f07dd-9e11-4357-aae3-368cf5b1d563,Two stars for not offering any basic free limited plan,2,0,24.22.0,2024-12-13 14:06:06,"Hi Tourki,

We choose to charge in order to keep providing a top-notch service without having to serve you ads or sell your data to keep the lights on! Privacy and security are important to us- but that means we make money via a subscription model. If you want to chat more, send a note to help@ynab.com ~Phil@YNAB",2024-12-14 10:39:48,24.22.0,YNAB
b7482b56-cf9a-4bbd-b7a8-458234006fa2,"The app that truly did what it said it would do. My relationship with budgeting has transformed with this system, and I am genuinely excited to shuffle my finds around & get a true picture of my financial wellness. Bravo ✨",5,2,24.22.0,2024-12-12 08:45:28,"Thanks for your review, Hallie! We're happy to hear that YNAB has made such an impact on you. 🙌 We'll be here for you as your journey continues—don't hesitate to reach out in the app if you ever need support! -Blair@YNAB",2024-12-12 09:03:28,24.22.0,YNAB
968eee00-cc35-4429-8b17-f99cb19009dd,Childish. Don't bother if you're serious about your money.,1,0,24.22.0,2024-12-11 18:59:19,,,24.22.0,YNAB
53c7b373-ef65-4aa6-b317-b703c4ee2e84,The app is awesome but raising the price $20 in 2 year's is pretty ridiculous please get a handle on your prices and keep it reasonable. Lower the price and it would be a 5 star app I was budgeting to pay for it only to discover it went up again 🙄,2,4,24.21.1,2024-12-11 17:00:38,"Hi Leon! 👋 Our annual cost increased $10 this time, and we last changed it in 2021—which feels like yesterday to me, so I hear you! If you'd like to know more about these decisions or get custom tips for getting the full value of YNAB, reach out in the app or to help @ynab.com. ~ Lauren @ YNAB",2024-12-11 21:33:52,24.21.1,YNAB
93b63fc9-40c3-45c1-b477-6f5e46cc49e0,Didn't get to use it. There are way too many free apps to pay 100/yr,1,3,,2024-12-11 08:40:52,,,,YNAB
48a06c71-b70f-4892-adf0-9320b185d14d,A fantastic budgeting method and software,5,0,24.21.1,2024-12-11 07:45:40,,,24.21.1,YNAB
64150333-f949-49bb-8eb6-8d548d0ec1fc,The app is good but the pricing is too expensive.,3,2,24.21.1,2024-12-11 04:04:04,,,24.21.1,YNAB
c2dbbdc4-775e-4128-8791-bfe149532516,For some reason every time I tried to connect my cash app account it just keeps sending verification codes to my email/phone number and never connects. Please fix this! 🙏,3,0,24.22.0,2024-12-11 03:42:22,"Hi Delany,

We'd love to chat with you more about your cash app account! Send us a note to help@ynab.com so we can take a closer look at what's going on here! ~Phil@YNAB",2024-12-11 05:36:49,24.22.0,YNAB
054bc817-bfc9-4dc7-8a37-50f2ba1bc89f,it help me,5,0,24.21.1,2024-12-10 17:15:22,,,24.21.1,YNAB
1c3cf53d-68bc-464c-879b-52d18bccb147,"Great app, the learning curve is a little steep but it has REALLY made a huge difference in how my wife and I do our finances. we are so much less stressed about money now. Deducting 1 star because it's wild that the mobile versions for both Android and IOS STILL don't have an ""undo"" button for when you accidentally mess up a transaction. Overall an amazing app if you stick with it!",4,10,24.21.1,2024-12-09 08:33:56,"HI there!

There can be a fair amount of new things to learn when you first get started- if you get hung up on an issue getting started (or after entering a mistake on mobile!) send us a note to help@ynab.com we'd love to help you get back up and running!",2024-12-09 09:49:19,24.21.1,YNAB
750ad678-942d-4e8c-853d-db64e6a836e9,Good,4,0,24.21.1,2024-12-08 19:41:16,,,24.21.1,YNAB
2562199a-3034-41ac-b8a0-e8f0daaad359,We've been using YNAB for years now for budgeting and have found it very worth the annual fee. Recommended for budgeting.,5,0,24.21.1,2024-12-08 09:52:45,,,24.21.1,YNAB
a1a99c3c-bdb0-4185-bbe6-112f61a2131c,This used to be my favorite budgeting app because it was easy. Now I have to take a class on how to use it.,1,2,24.21.1,2024-12-07 09:16:53,"Glad you posted, Wallace! I hear you, and hope you'll reach out in the app or at help @ynab.com anytime you want to ask questions, get tips, or share feedback. We want YNAB to put you at ease! ~ Lauren @ YNAB",2024-12-09 00:42:04,24.21.1,YNAB
56126c51-fb89-4e40-9795-2c241b40ba0a,Made such a difference in our financial situation and our life! Love YNAB!,5,0,24.21.1,2024-12-07 08:33:21,,,24.21.1,YNAB
45f10fc6-5cf5-469e-8c42-d3dee11b19c0,Great program I've used it for over 10 years,5,0,24.21.1,2024-12-07 07:54:33,,,24.21.1,YNAB
e6798715-1fb0-4d35-a44a-d5e6fb3cdddd,Cost to much No thank you I'll manage my own money,1,2,,2024-12-05 04:21:04,,,,YNAB
2c237474-5e9d-4be0-9031-a57ec694438d,"Subscription price is way too high, especially for an app that should be saving me money.",2,2,24.21.1,2024-12-04 11:38:55,"Thanks for your review! We want you to feel great about how you spend your money, including the money you spend on YNAB. A lot of folks save more than the cost of their subscription. If that's not the case for you, we understand. Thanks for giving the app a try! -Blair@YNAB",2024-12-04 12:51:53,24.21.1,YNAB
6507a926-d62b-48c7-94ad-f8e0ad5e4873,Confusing setup and they don't accommodate people with disabilities.,1,0,,2024-12-03 12:42:07,"Hi Conrad, thanks for leaving a review - we take accessibility pretty seriously around here, and would love to hear more about your experience and where we missed the mark. Would you be willing to send us a note at help@ynab .com?",2024-12-03 14:10:49,,YNAB
38065e2a-e572-4d76-855c-cf6a03c2eb94,this is the best budget app I've ever used! I've used YNAB for more than 8 years now!,5,0,24.21.1,2024-12-03 07:42:31,,,24.21.1,YNAB
56b445f9-0883-4d37-8888-d65a2aae1d16,Wonderful product. Highly recommended,5,0,24.21.1,2024-12-02 08:57:49,,,24.21.1,YNAB
9d27bbc6-1d45-4931-837e-d2d5230192cd,Best finance management method I've used over the last 25 years. Love it!,5,0,24.21.1,2024-12-01 20:41:48,,,24.21.1,YNAB
9f28b84f-cfb5-4e3b-8310-a73f36b44998,Don't be fooled. It's another subscription to break your bank even further. You'll have to budget in the app expense on top of just trying to budget. You're better off using pen and paper and tracking your receipts manually.,1,3,24.21.1,2024-11-30 15:41:15,"Thanks for giving YNAB a try, Sukhy. YNAB is indeed a subscription-based software. All of our revenue comes from subscriptions which means we don't sell either advertising or your data. If anyone else reading this review is curious, all of the details are at ynab.com/pricing!",2024-12-01 14:46:10,24.21.1,YNAB
823bae68-defc-464c-b5eb-348d8bf63569,"one of those ""change your life"" apps",5,0,24.20.1,2024-11-27 12:32:31,,,24.20.1,YNAB
60cbd8bb-e56c-467f-a4a6-984a8efc1233,"Have loved using YNAB for the past 5.5 years. A great way to do digital envelope budgeting. However, I had to cancel my account. Prices have increased 118% from subscription introduction in 2015. From $50/year to $109/year. Compared to 33.2% general inflation. And now they're doing YNAB conferences for $134/ticket, lol. I moved to using Actual Budget. Free, open source alternative for envelope budgeting.",3,36,24.21.1,2024-11-27 12:07:11,"Thank you for posting, Colin! We strive to help folks love how they spend their money, even if that means a YNAB subscription is no longer the right fit. I'm happy to hear you've found an alternative that will work well for you, and to have had you YNABing with us for the last 5.5 years! - Caity @ YNAB",2024-11-27 13:56:01,24.21.1,YNAB
adfd1b36-a6e1-41c4-99ac-ba977da4b8ce,This is the best budgeting app. Great customer support and great Youtube videos. Would 100% recommend it to everyone.,5,0,24.21.1,2024-11-27 09:19:55,,,24.21.1,YNAB
5fb20ea0-93d3-4108-aca5-9bb888465a66,"Have been using YNAB for nearly a decade now (before they moved to a subscription model) and still think their budgeting method is the best. The app is also great to use, though the only niggle is the ever increasing subscription cost.",5,1,24.20.1,2024-11-26 04:41:59,,,24.20.1,YNAB
8595b615-834d-4965-a734-e8f2ab339742,"truly life changing, they give students a break",5,0,24.20.1,2024-11-25 20:50:39,,,24.20.1,YNAB
e0c97fce-f5ae-4f41-817a-18835e91ca84,Alright app but why can't I setup bills for fortnightly re-occurrence?,3,0,24.20.1,2024-11-25 18:04:31,"Hi Anthony,
Thanks for sharing your experience with the app! We have a couple of options, including scheduled transactions to help you plan for those fortnightly expenses. If you write in to help@ynab.com we can over the different options to see what works best for you! ~Phil@YNAB",2024-11-26 05:43:49,24.20.1,YNAB
4da35ab1-0fab-4e9d-94bd-c3116cc6eacd,could do with some better options to organise everything. needs a select all option for mobile.,4,0,23.15.1,2024-11-23 15:34:51,"Hi Chaz, I've passed along your feedback! If you'd like to chat more, know that we're always available at help @ynab.com or right in the app. ~ Lauren @ YNAB",2024-11-24 19:46:45,23.15.1,YNAB
00501fcc-b3f0-4f86-b3d7-9361383fc133,"We love YNAB. After the learning curve, this is so easy to use. We don't feel constrained by the budget because we can change it to meet our needs or even wants. This is just simply the best budget app out there!",5,1,24.20.1,2024-11-23 14:43:14,,,24.20.1,YNAB
38c6356c-9ab5-4814-a4e3-1f868e02d447,love the app. highly recommend,5,0,24.20.1,2024-11-22 16:56:26,,,24.20.1,YNAB
9933c19b-6286-40dc-8ffa-86d22b3d87fb,"Most valuable app I have. Took a full month of daily effort to get the budget how I like, but now it's just a few minutes each week to pay debt, save money, and feel confident financially.",5,2,24.20.1,2024-11-20 08:09:44,,,24.20.1,YNAB
ff6a17ac-653c-4aa6-8a78-7aa49f3fb258,"Really great app for budgeting, and very easy line you understand how it works. Steep when it comes to pricing but when used correctly it is worth the money",5,1,24.20.1,2024-11-19 20:19:59,,,24.20.1,YNAB
b339eae2-28cd-4626-a5fd-6411d1dec82e,I love using it but my boyfriend still can't get his BECU account to connect. Having the account connect is essential for those that want it. I was hoping the update would fix it but to no avail :( I'd love to know if other people with BECU have this problem,4,0,24.19.3,2024-11-18 21:35:13,"Hi Tiv,

We'd love to look into the situation with your boyfriend's BECU connection! Have him write to us at help@ynab.com so we can get started! ~Phil@YNAB",2024-11-19 08:46:48,24.19.3,YNAB
0004bd75-6df2-4674-add3-e29e6201923b,The app doesn't provide enough instructions For how to use it. It wouldn't allow me to edit my monthly available amount.,2,0,24.20.1,2024-11-18 12:45:39,"Hi Jenn,

We'd love to help you learn more about how to use the app! Send us a note to help@ynab.com and we can help you with that available amount or any other questions you might have! ~Phil@YNAB",2024-11-19 05:55:24,24.20.1,YNAB
1d75a6fb-4ade-417c-90c6-22d2fe30fbb4,"it's a great tool, I love the tracking it does and networth tools. the knowledge of payments I have ongoing are great.",5,0,24.20.1,2024-11-17 18:52:28,,,24.20.1,YNAB
3497d8d2-e5eb-4ba6-8b7d-2cd8f927be1e,"Expensive, but worth it",5,0,24.20.1,2024-11-17 11:29:07,,,24.20.1,YNAB
6af1c9b9-1443-434f-858c-9fe2f8cfdd39,"Great app. With the latest update it become nearly perfect! It would be really helpful if you add calculator into ""add transaction"" function. Until then - 4 stars. Upd. Calculator is there, thank you.",5,2,24.20.1,2024-11-16 15:45:47,"Glad you like the in-line calculator, Andrew! If you have more ideas or just want to chat about YNAB, we'd be glad to hear from you in the app or at help @ynab.com. ~ Lauren @ YNAB",2024-11-17 23:55:34,24.20.1,YNAB
dbfa1eaa-4e17-4547-81a0-7eb221ad5bce,"if you are serious about managing your money and working with your budget, this is the app for you.",5,0,24.20.1,2024-11-16 05:41:40,,,24.20.1,YNAB
7f27df0e-ec3e-479f-9c29-b82d1232832b,Now that reports have become much improved it is finally a near-perfect budgeting app.,5,0,24.20.1,2024-11-15 07:15:10,Thanks for your review—and we're glad to hear you're loving our recent improvements to reflections! Happy YNABing! -Blair@YNAB,2024-11-15 15:00:12,24.20.1,YNAB
38e785b8-a3c1-4d77-839d-d1fa4ce5cb1d,"Get ready for price increases for unnecessary features which constantly drift from YNABs original principles. YNAB support replied to this and lied. They already raised prices this year, September 1st, to $109. They also backtracked and lied on discounts for previous version users. They've drifted since their founder stepped down and continue to nickle and dime users.",1,9,24.20.1,2024-11-15 06:40:19,"Hi, Alexander. The price change before September 2024, occurred almost 3 years prior in November of 2021—time flies! Please know that any decision to raise the price of YNAB is carefully considered and never made lightly. Our team works hard to provide the best product for our users, and periodic price increases enable us to do that.",2024-09-16 06:41:44,24.20.1,YNAB
86ccb67b-51a4-4c8d-acc6-4b15f8cfb076,my first budgeting app and I couldn't ask for a better app. I've been using it for about 4 months with the premium version and can see myself using forever. would highly recommend,5,1,24.20.1,2024-11-14 11:00:46,,,24.20.1,YNAB
583745a6-5fcc-469c-b926-ee0cffdaff97,"Once you get the hang of it, it takes so much anxiety out of your financial life.",5,0,24.20.1,2024-11-13 11:14:20,,,24.20.1,YNAB
bae7a1b2-a45d-4fd2-a3cc-54105e1f9b77,Great app to be fully in control of you finances...love it!,5,0,24.20.1,2024-11-13 02:04:45,,,24.20.1,YNAB
16a6c882-d6c8-49be-a509-bff06dd0bdb7,YNAB is awesome! I don't know what I would do without this app. it literally changed the way that I budget so I can safely say it changed my life in a really big way on how to look at money and manage it.,5,0,24.19.3,2024-11-12 05:37:55,,,24.19.3,YNAB
f5554583-9ae0-421f-a767-5d7f6f20adff,Uninstalled. I don't want to give my card details before I even try the app.,1,1,,2024-11-12 05:24:44,"Thanks for your review, Tamara—I understand where you're coming from! If you'd still like to give YNAB a try, you can sign up at www.ynab.com/our-free-34-day-trial without needing to provide any credit card information. If you run into trouble with that or have questions, reach out to our support team anytime at help@ynab.com! - Caity @ YNAB",2024-11-12 15:17:26,,YNAB
6654a955-f907-476f-9790-01181c9edfe3,I did not find this app helpful at all as you must assign everything. Money's do not filter into spending categories.,1,0,24.19.3,2024-11-11 12:34:14,"Thank you for your review, Kendra! It sounds like YNAB's auto-categorization may not have kicked for you. If you're up for it, we would love to take a look and help figure out why! Just send our team a message at help@ynab.com or in-app and we'll dig in. - Caity @ YNAB",2024-11-12 15:23:20,24.19.3,YNAB
5e3b014f-ba33-4ced-a4aa-fbc9fda505e0,stellar way to plan for and keep track of finances. well worth subscription.,5,0,24.19.3,2024-11-09 18:54:59,,,24.19.3,YNAB
8f540ba5-6841-46e0-8557-1c382e79c74c,Not the most user friendly budgeting app. you must insert your own decimal point (small but annoying inconvenience). Rolling over money can be finicky. We have trouble with some of our cards automatically synching.,3,0,24.19.3,2024-11-08 19:06:34,"Hi Claire, It sounds like you've been running into some trouble we'd like to help with. We'd be happy to clarify how rollover works, take a look at your syncing, and hear more about the decimal issue you're running into! Send us a note to help@ynab.com and we'll get started! ~Phil@YNAB",2024-11-11 08:46:44,24.19.3,YNAB
04393443-4136-4e24-ba2c-cd3b6d515ced,🤘,5,0,24.19.3,2024-11-08 16:11:50,,,24.19.3,YNAB
da7f6a62-0e09-4552-bc36-175d0efbea42,"I really like this app. I gave it 4 stars rather than 5 because it has a steep learning curve. It shouldn't require YouTube videos to figure out how to start a new month. That being said, it's still worthwhile to learn because the app does everything budget-wise a family, or person, needs.",4,0,24.19.3,2024-11-07 11:07:33,"Thank you for your review, Deborah! I know what you mean about the learning curve. We're so happy that you stuck with it, though, and found some of our resources on YouTube to be helpful along the way! If you ever have questions, please don't hesitate to get in touch with our team at help@ynab.com. - Caity @ YNAB",2024-11-07 11:45:41,24.19.3,YNAB
25c2404b-087e-4946-bdca-21cb721aad25,Best budgeting software I've ever used and their customer support is top notch!,5,0,24.19.3,2024-11-05 07:47:49,,,24.19.3,YNAB
6ce53977-7997-4d85-b2d7-109d4ac1ad8d,"when you put in the effort to learn and use the app regularly, ynab can be absolutely life changing",5,0,24.19.3,2024-11-05 04:15:52,,,24.19.3,YNAB
c5aa5774-5b29-4008-8dbf-b26735ba2862,"The most amazing life changing app so far, as long as you can understand it and implement",5,1,24.19.3,2024-11-03 19:36:12,Thanks so much for those kind words Benjamin! And if you or anyone else needs help understanding or implementing the app or the YNAB Method- send us a note to help@ynab.com - we'd love to be there for you!,2024-11-05 05:41:26,24.19.3,YNAB
9c2bb349-74ed-433c-928a-08bc2e441399,helpful,5,0,24.19.3,2024-11-02 18:24:08,,,24.19.3,YNAB
70bfa39f-3f4b-4fd7-a263-df3df6734222,"Hiked the price and STILL just a manual input sheet. Not worth the sub at all, there are free tools that do this and some that don't require you to tediously do data entry in 2024.",1,1,,2024-11-02 07:28:21,"Thanks for taking the time, Joshua. We do encourage YNABers to interact regularly with their spending plan, including manually entering transactions as they happen, but we also have bank connections and file import. If you're having trouble with either of those, we'd love to help. Message us at help@ynab.com. Michele @ YNAB",2024-11-04 07:00:07,,YNAB
aeb05717-007a-443f-a3fb-6b95f4813da1,"Maybe I am using app wrong, but seems I will have to cancel my subscription. We have targeted a monthly expenses budget of X amount and split them into smaller Y categories. The issue at the end of the month is that one category is overspent while another still has some budget left, so I do simply move money from one category into another, however, next month it is showing that this month I will have to add more into category where from I took the money and it gets very complicated..",3,3,24.19.3,2024-11-01 13:38:30,"Hi Mindaugas, our support team would love to chat one on one with you to help - can you reach out from the question mark in your app, or send us a note at help@ynab.com? Hope to hear from you soon!",2024-11-03 16:13:46,24.19.3,YNAB
f686d9be-f604-49a1-8983-1c14fb00cf5b,YNAB is a great budgeting app! It has helped me feel in control of my personal finances for years. I'm grateful for the structure and clarity its brought to my life.,5,0,24.19.3,2024-10-31 02:27:16,,,24.19.3,YNAB
7dc397a7-b582-48ec-98c6-18a4edb20041,Can someone finally come up with a budgeting app that is not all over the place,2,0,24.18.3,2024-10-30 13:14:30,"Thank you for taking the time to leave a review, Jamie! We'd love to hear more about what hasn't worked well for you in YNAB. If you feel up for sharing more about that, or features you'd like to see, please get in touch with our team anytime at help@ynab.com! - Caity @ YNAB",2024-10-30 15:00:27,24.18.3,YNAB
30395099-2f74-4262-820e-1e850071aa28,This app has no free features.... KittyKatKay...! 🎀,1,2,,2024-10-30 10:01:03,"Hi Kay,

After the free trial, access to YNAB requires a paid subscription. This allows us to provide security, accessibility, support for years to come in a way that is sustainable! We know not everyone is looking for a paid option, so if you choose another solution, we understand and wish you the best! ~Phil@YNAB",2024-10-31 05:57:03,,YNAB
94be7d11-d23b-4772-a3d2-e8288119f868,"Nothing but bugs and inaccuracies whenever I used this app, and little in the way of fixes. It consistently misrepresented what I had in my accounts, what I had spent, and what I had available in different categories. Only reason I'm not giving one star is that this might be a user issue, but regardless, a white board will suffice - this app does not work for me.",2,2,,2024-10-29 14:19:01,"Hi Ryan, I'm sorry to see you ran into some trouble while using YNAB. We'd love a chance to dig into this to see what's going on and how we can help clear things up! If you'd like to explore that, drop us a line to help@ynab.com! ~Phil@YNAB",2024-10-30 05:36:23,,YNAB
35304121-a234-427b-8203-f64afc91a2a9,"Love this app I have been using for 3 years now, but there's a major flaw for my family. We are 2 people using this app one has android one has iphone. The information doesn't sync right away, sometimes like today I realized a transaction from 8 days ago isn't available in budget still this is a bid problem because I can see money ""available"" that was already spent.",3,0,24.16.1,2024-10-28 13:36:20,"HI Remi,

If you're having trouble syncing things, I'd love for you to reach out to us at help@ynab.com so we can take a closer look at what's going on! We want you to have a great experience on all your devices! ~Phil@YNAB",2024-10-29 07:04:18,24.16.1,YNAB
47b07633-76eb-41fc-9f87-4f732f124495,So difficult and annoying app,1,0,24.18.3,2024-10-28 10:45:34,"Hey there!

Sorry to hear you found the app difficult and annoying, we know that YNAB is very different from other budgeting approaches that you may have tried in the past, but we'd love to talk through those questions with you! Send us a note to help@ynab.com and we'll chat through it together! ~Phil@YNAB",2024-10-29 05:44:41,24.18.3,YNAB
1e3db6a6-68dd-473d-b39c-2eb891cf43e5,great for planning a budget,5,0,24.18.3,2024-10-26 09:05:09,,,24.18.3,YNAB
e7cef90e-f6d0-42d7-8842-c6792156920a,"Changed my life. Get it, commit to it, and be better off.",5,0,24.18.3,2024-10-26 08:41:42,,,24.18.3,YNAB
ffb3917b-df96-44d8-ace6-3295062543fb,I have been a YNAB user for many years. Love it.,5,0,24.18.3,2024-10-26 03:48:57,"Thanks for being a YNABer, Billie! 🙌 ~ Lauren @ YNAB",2024-10-27 23:33:29,24.18.3,YNAB
4d7eb73c-6832-4c79-bfe8-253636a6abc1,Priceless,5,0,24.18.3,2024-10-25 09:08:06,,,24.18.3,YNAB
220d78b6-1c22-4c7f-b6f8-184e1b1e17d2,best budgeting app ever!,5,0,24.18.3,2024-10-25 06:37:24,,,24.18.3,YNAB
5735b34b-d62f-401a-8bed-a7ea54375b8e,"We have used YNAB for years. It helps us get out of debt and stay out of debt. The ease of accessing data from computer to phone, data at your fingertip, is nice.",5,0,24.18.3,2024-10-24 22:19:30,,,24.18.3,YNAB
75305d09-f8ba-4305-83d1-0cc95e3aef36,So much more data about my financial life than I had before. Makes it much easier to be intentional.,5,0,24.18.3,2024-10-24 09:26:47,,,24.18.3,YNAB
b5faa07d-3540-4ba8-9d17-a4aba289bbda,"The desktop version is absolutely wonderful! But I've found the mobile app harder to navigate, but that's the only grief I have with it, otherwise I would highly recommend!",4,0,24.18.3,2024-10-23 20:40:27,"Thanks for the feedback, Kimberly! We all have our favs and I'm a fan of the desktop app, too. 🤩 That being said, we want the mobile app to work for you, too! If there's something specific about the app that we could make more intuitive, give us a shout at help@ynab.com We'd love to chat more! -Blair@YNAB",2024-10-24 08:31:30,24.18.3,YNAB
7a07cd22-69bd-4ca1-b0e9-7449777709dd,INCREDIBLE APP! Completely changed our family's lives for the better. We now have full control over our finances without absolutely any regrets or guilt.,5,0,24.18.3,2024-10-23 08:52:06,,,24.18.3,YNAB
39c5a88d-333d-452a-a525-a54e7e849e1e,No free version. Would be good to know upfront,1,0,24.18.3,2024-10-22 11:39:12,Hey Ali! We do offer a free full-featured 34 day trial! Check out https://www.ynab.com/our-free-34-day-trial for all the details.,2024-10-23 07:44:22,24.18.3,YNAB
ac45fb9c-1e81-4929-9084-7ae102c76445,It is nice Kindly allow flexibility of financial monthly cycle Other cycle starts at the middle of the month not 1st,5,0,24.18.3,2024-10-22 10:46:23,"Glad you're enjoying YNAB, Nerea! Send us a note at help@ynab.com for resources for pay cycles that start at other times than the beginning of the month - we know that can feel tricky!",2024-10-22 17:23:02,24.18.3,YNAB
86630ec4-86d6-4a7f-96bf-47c34c02ac57,"Only free for a brief time, then you have to pay to continue to use.",1,0,,2024-10-22 09:12:27,"Thanks for giving YNAB a try, Jessica! We don't sell your data or ads to outside companies, so our app is fully subscription-based. Check out https://www.ynab.com/pricing for all the details.",2024-10-22 16:44:24,,YNAB
05929ee5-9e99-47f2-b350-fc44bcefb276,Amazing budgeting and tracking app. Worth every penny I pay for it. They don't sell your data!,5,0,24.18.3,2024-10-20 03:46:10,,,24.18.3,YNAB
0e73cdcd-d705-46a4-b385-31e0f97b2000,Imagine creating a budget tracking app that requires a monthly subscription to use.,1,2,,2024-10-19 10:44:33,"Hi Anthony! Thanks for your review. Charging a fee for YNAB allows us to pay a small, dedicated team of folks to keep the app running smoothly and make improvements. It also means we'll never sell your data. We offer a free 34-day trial and we also have an annual subscription option which works out to be cheaper than the monthly option -Blair@YNAB",2024-10-25 14:05:22,,YNAB
d471901c-af87-49b0-a711-b94cbd4ad446,"YNAB has made such a difference in my family's finances. I recommend it every chance I get. It takes a couple months to get used to, but we have been using it for maybe 2 years now and love it.",5,0,24.18.1,2024-10-18 13:15:20,,,24.18.1,YNAB
f025aca4-ed4e-46ef-a249-74847e8e2e99,"Amazing way to get control of your money. this app pays for itself and multiplies. You can set it and forget it or you can have minute, granular control over your budget with no category limit that I can, and I FINALLY am not surprised by some random bill anymore. It's like a security blanket for your money, and it's worth it's subscription price quadrupled. A+",5,17,24.17.2,2024-10-16 13:20:50,,,24.17.2,YNAB
febbaab5-03a6-4659-9c21-b9765b62d6b7,I really like YNAB. I've been using it for years. Highly recommend.,5,0,24.18.1,2024-10-16 07:25:00,,,24.18.1,YNAB
77aca321-3a9e-40b2-9c59-5bf4016b6aa7,it's definitely made me more thoughtful about my expenditures. i have a ways to go though,5,0,24.18.1,2024-10-16 06:31:50,,,24.18.1,YNAB
bc55961a-ebc8-4b60-95d4-a24984d936ae,"in conjunction with the full website, the ynab app has changed my life and helped me to stop just tracking expenses. instead I learned how to budget, live generously, and within my monthly margins.",5,0,24.17.2,2024-10-16 04:00:15,,,24.17.2,YNAB
20865c57-664b-42e9-81cc-9b9d6656058c,swiss banks not supported,1,0,24.17.2,2024-10-15 04:51:56,"Thanks for your review! We would love to offer Direct Import in more regions, but we're not there yet. The good news is that YNAB can still help you spend joyfully using other transaction entry methods, including File-Based Import! If you'd like to chat more about that, please get in touch with our team any time at help@ynab.com. - Caity @ YNAB",2024-10-15 11:03:04,24.17.2,YNAB
0d89d18e-d64b-4bea-9929-6d748f5322d6,"Notification frequency is way too high and repetitive. Developer response is deflective. I know how to ""deal with notifications"" without contacting your team.",3,2,24.17.2,2024-10-14 19:01:14,Thanks for letting us know you're not on board with the notifications! Feel free to send us a note at help@ynab.com so our support team can help you with managing those. Caitlin @YNAB,2024-05-06 13:52:57,24.17.2,YNAB
6c2d5df1-17e8-4e6a-80de-e52fe70d3d31,"The best app for getting your personal finances in order. The flexibility to move your money is not found in other budgeting apps, and makes the product much better. It's worth the money, it will save you far more.",5,0,24.3.3,2024-10-14 10:24:11,"Thank you so much for your review, Ian! YNAB is all about aligning your spending with your unique priorities, and we're delighted to hear that the flexibility to move money when needed has been helpful. - Caity @ YNAB",2024-10-15 10:33:54,24.3.3,YNAB
9ae087f3-f989-4529-b2e4-afc901a8c424,"make sure you don't forget to cancel the trial if you don't plan to keep it, because they absolutely do not send a reminder that it's running out and then will refuse to refund you when their predatory practices achieve their goal.",1,4,24.17.2,2024-10-13 11:37:55,"Totally hear you, Laura - I hate not getting an email too! If you start a trial directly through ynab.com (instead of the Play store) we WILL send you a reminder email, and we also don't auto-charge at the end of your trial (AND we'll refund your money anytime that you've decided YNAB isn't for you). Hope that helps!",2024-10-15 07:23:36,24.17.2,YNAB
c5b3d9cb-35f4-4e85-b476-25ca5106154d,"I'm still learning YNAB. If you are will to learn, make changes, and put forth the effort, them YNAB is for you. YNAB is not easy, but it does make you awere on were you are spending your money. You can't control what you don't measure. YNAB's philosophy, and software are a step forward to financial stability, and freedom.",4,0,24.17.2,2024-10-13 10:24:04,"We're glad you're here, Zohar! Reach out to us anytime at help@ynab.com or directly in the app if you have any questions or anything we can help with!",2024-10-15 07:16:22,24.17.2,YNAB
42b13cb2-8888-482a-b9b5-e0166d8a2e6f,Great app to manage your budget,5,0,24.17.2,2024-10-13 07:35:51,,,24.17.2,YNAB
5ab489f7-ac3a-442a-ad16-fd977e555f27,"YNAB is my favorite budgeting app for sure! This app makes it very easy for budget nerds like myself to manage finances. The customer service team is also very kind, innovative, friendly, and helpful! The team at YNAB is committed to providing valuable financial resources, advice, and support to all who want to manage their finances. I highly recommend giving YNAB a try if you haven't already!",5,6,24.17.2,2024-10-13 04:55:15,"Hi Aaron, thanks for complimenting both the app and the team here at YNAB! We love what we do. ~ Lauren @ YNAB",2024-10-15 02:51:27,24.17.2,YNAB
ec79b16c-8bc6-4077-b314-d9eaa7815a91,"Look no further. YNAB is the best. If it doesn't make sense at first, stick with it. Once you understand YNAB you'll understand good budgeting practices too.",5,0,24.17.2,2024-10-12 08:51:51,"Hey James, I love that YNAB's helped shape your money habits. Thanks for sharing, and reach out anytime! ~ Lauren @ YNAB",2024-10-14 21:07:33,24.17.2,YNAB
403bd76b-3343-4e95-9040-4e7410fc091f,The app won't open on my phone.,1,0,24.17.2,2024-10-12 06:12:49,"Hi Chase, we'd love to help troubleshoot! Give us a shout at help@ynab.com (or right in the app, from the question mark). ~ Lauren @ YNAB",2024-10-14 20:57:39,24.17.2,YNAB
b8b60c5b-6046-4976-9a34-89513d77a64f,"YNAB is a fantastic app! It's incredibly user-friendly, syncs seamlessly, and updates are always helpful. Their quick response times and informative charts make budgeting a breeze.",5,0,24.17.2,2024-10-12 06:04:24,"Hi Justin, so glad YNAB feels easy-breezy! And if you ever have ideas for how we can improve (or questions, of course), we'd love to hear from you. ~ Lauren @ YNAB",2024-10-14 21:02:18,24.17.2,YNAB
571d911c-9f8c-491f-8c67-2e93ff467054,$21 per month subscription fee?! For a budgeting app?! So much for budgeting for people on a Centrelink pension 😕,2,1,24.17.2,2024-10-11 02:03:57,"Hi Alex! The monthly subscription is a good choice for those who aren't ready to commit to a full year of YNAB, but the annual subscription works out to a much lower cost! We recommend setting up a target in YNAB to help prepare for the expense. We're happy to chat more about this. If you'd like to get in touch, we're at help@ynab.com -Blair@YNAB",2024-10-11 11:46:15,24.17.2,YNAB
e542bd57-3bec-4614-8dbb-31953a267b05,wonderful budgeting app. different system but it works. I don't want any other program,5,0,24.17.2,2024-10-09 07:10:28,,,24.17.2,YNAB
6c24df63-6355-4808-9d5b-de959b034d99,It can take some time to get used to but the training content YNAB has is great. When you really get going it makes a huge difference in your personal finances.,5,0,24.17.2,2024-10-08 14:30:30,,,24.17.2,YNAB
a45abe8d-75a4-4651-b6a7-f2f2ed26cd6d,Doesn't work as advertised. Takes your bank info but it only loaded 3 transactions I waited over a day.,1,0,24.17.2,2024-10-08 07:31:37,"Thanks for the review, Leah! It can take a bit of time for your bank to make transaction data available to our import provider, so transactions won't import immediately after they happen. You can also give us a shout at help@ynab.com if you'd like our support team to take a look at your bank connection!",2024-10-08 17:04:57,24.17.2,YNAB
31d89990-6725-4dd3-bc88-24b33db19ce5,"I will be a lifelong user. I've tried EVERYTHING before YNAB, and this is the best program/ app by far. I have ADHD and have never been able to stick with anything until using YNAB. I've now been using this for almost 2 years!!!! It is incredible for my family.",5,1,24.17.2,2024-10-07 01:27:53,,,24.17.2,YNAB
a19d59da-0707-4884-beef-cee3c45f5278,YNAB 4 was better until it was sabotaged so that the devs could make more money selling subs. It never needed the regular updates that don't actually provide useful functionality. That's just a PR thing to justify the yearly cost higher than the original purchase price of the previous version. The company's reply here is insulting to the intelligence of anyone who has used both versions.,2,8,24.16.1,2024-10-06 22:30:04,"Hi Zachary, I used YNAB 4 as well! We kept 4/Classic going long after switching to a web-based app in 2015, but would have to completely rebuild it to keep it working. With the new app, we're able to continually release updates and improvements. If you reach out to help@ynab.com, we'd love to share more! ~ Lauren @ YNAB",2024-10-06 22:19:12,24.16.1,YNAB
054f74be-aea6-4124-bf6d-03203d71d2bd,"Edited to add: Will not be using this app. It probably works fine if you're with a big bank or credit union. I am with a relatively large local credit union that exists throughout my state. It's supported but never updates despite being linked. One or two transactions come through a day despite there being over 10 posted Still learning: not hugely impressed. The money frequently doesn't add up. I know I'm properly assigning things but I've noticed it counts pending charges, authorizations, etc.",1,10,24.17.2,2024-10-05 17:54:08,"Hi Matthew, I'm glad you posted this review! Our Support team would love to help with troubleshooting your credit union connection *and* keeping the numbers accurate. If you're up for trying that, send us a message right in the app or via help@ynab.com. ~ Lauren @ YNAB",2024-10-06 21:36:33,24.17.2,YNAB
e170a485-541f-422c-989f-0f3518da48b5,"Years later tried to learn YNAB. It absolutely is the most infuriating program I've ever tried to wrap my mind around. I spent an entire day building all my categories perfectly. I have three checking accounts. One checking account specifically for car payments. Every time I would assign funds from that accounts to the car payment category, that category would still show that I needed to fund the entire category. But I'd see a yellow line and my total funds would drop. ZERO SENSE",1,14,24.17.2,2024-10-05 10:42:57,"HI Jason, Thanks for reaching out about this! It sounds like you may have been categorizing a transaction directly to this category which will not count towards the target. We'd love to chat more about that and help clarify anything that's causing you confusion! Drop us a line at help@ynab.com! ~Phil@YNAB",2024-10-07 10:47:50,24.17.2,YNAB
834ad170-4597-43a8-9d27-95523c636692,"I have always been a budgeter and have used so many different programs. I have been using YNAB for 4 years, and it is the best budgeting program I have used! We have been able to take our finances to the next level from where we were.",5,0,24.17.2,2024-10-05 07:14:45,,,24.17.2,YNAB
daf747b8-f70c-47d7-b127-3f8e68305ca5,So far so good.,5,0,24.17.2,2024-10-04 11:35:39,,,24.17.2,YNAB
5cd403aa-d97e-45f2-aa16-0c0f381090f0,"I am so happy to be using this App. I would recommend it to everyone who is struggling to keep up with expenses. Is not an app it is a system and ""philosophy"". I would strongly recommend to read/listen the book to understand the fundamentals and get the most of the system. I wish I could buy some merchandising from the brand ❣️ Happy Budgeting 🇦🇷🇦🇺",5,3,24.17.2,2024-10-04 01:09:37,,,24.17.2,YNAB
b1f6a0f4-e50d-4ed8-b8c6-35073ef6d87c,definitely worth every dollar,5,0,24.17.2,2024-10-03 14:17:57,,,24.17.2,YNAB
20bcb627-a091-480f-933b-f286f87248e9,"Good questions to understand your need and goals, it's a shame that it has only banks for Europe, US +& Canada, but none for Mexico",2,0,,2024-10-03 00:40:11,"Hi Samantha! I can understand that you'd be bummed that YNAB doesn't offer direct import for Mexican banks. I hope it's helpful to know that we offer some other transaction entry options, like File-Based Import, to help you keep your accounts updated. It's pretty easy to use! Reach out to help@ynab.com and we'll walk you through it. Blair@YNAB",2024-10-03 18:56:39,,YNAB
d390ec4d-1d20-4294-8147-8cfc12b12124,I am disappointed with the slow development cycle. The software is still the best in terms of stability for Zero Based Budgeters,4,0,24.17.2,2024-10-02 05:20:04,"Hi M V, I'm glad you prefer YNAB for zero-based budgeting, and would love to know if you have feedback about recent updates or want to see what's been released (for anyone reading, there's a quick list at www.ynab.com/whats-new). Please message us in the app or at help@ynab.com! ~ Lauren @ YNAB",2024-10-06 22:24:04,24.17.2,YNAB
376b8cf2-5ace-4d41-8da9-558d06bd6ecc,"YNAB literally saved my life. Before YNAB, I was budgeting every penny, saving all the receipts and manually entering the amounts into my budget. Now, I trust my budget and only check it on Saturdays. BTW, this is the first and only review I have given to an APP, and I think it would be the only one for a long time. YNAB deserves it.",5,0,24.16.1,2024-10-01 17:18:58,"Hi Yerinson, thanks for sharing your one-and-only review with us! I love that YNAB's helped with your peace of mind. ~ Lauren @ YNAB",2024-10-06 21:43:09,24.16.1,YNAB
64f4afcc-e0c9-493f-8cdb-a08b3ffc4e06,"Very creamy design. As soon as I can import via the mobile app, this will be 5 stars. (Updated to 5 stars. Good work, guys.)",5,0,24.16.1,2024-09-30 08:52:00,,,24.16.1,YNAB
226a4a2e-a175-4b35-85ca-fffed110d9f1,This app has no automation at all trash,1,0,24.16.1,2024-09-30 08:07:52,"HI Julius,

YNAB is more hands on than you may be used to- we value intentionality, so the app doesn't do everything automatically. There are options you can set up to make things pretty quick and easy while still retaining full control over your money! If you want to chat about how that works, send us a note to help@ynab.com! ~Phil@YNAB",2024-10-08 07:21:07,24.16.1,YNAB
d1be473e-3723-4e29-81f8-d3244eb8f3ce,I liked this oline job,5,0,,2024-09-29 01:48:49,,,,YNAB
f2949cde-b560-454a-9d8e-7f47b6c1302a,Great budgeting app.,5,0,24.16.1,2024-09-28 02:20:18,,,24.16.1,YNAB
b5941932-c2e3-494e-9f33-f16b20259e8d,"Love YNAB. But visually, web and iOS are well ahead.",4,0,24.16.1,2024-09-27 13:27:54,"Hi Fernando, thanks for being a YNABer. I passed along your feedback about the Android app, and hope you'll reach out from the app or to help@ynab.com any time you have questions or more to share! ~ Lauren @ YNAB",2024-09-29 21:54:07,24.16.1,YNAB
6d12e160-c65d-412f-85d0-32fd627e8448,YNAB has really revolutionised my money spending habits. Month one I didn't use my overdraft for the first time in 18 years. Month two I actually had some left over at the end of the month. I can rate it highly enough.,5,0,24.16.1,2024-09-26 22:40:22,"Thank you for your review, Daniel! Those are some huge wins and you should be very proud of yourself. We're so glad to have you YNABing with us! - Caity @ YNAB",2024-09-27 09:58:49,24.16.1,YNAB
3d1a2cbc-3eba-4b1c-952f-90260856c612,"Life changing. Went from having no idea where my money went to feeling completely in control of every dollar. Highest of recommendations possible. Great app, great YouTube vids, great support. A bit of learning curve that is totally worth it.",5,0,24.16.1,2024-09-26 20:14:51,,,24.16.1,YNAB
ab556269-e9cd-4c7b-abbf-1faa61b3b5c3,"I found this app not being useful to track my expenses. As much as the developers try to make it easy to use and user friendly, I found it the layout to confusing. I found other app more user friendly.",3,1,24.16.1,2024-09-24 09:45:57,"Hi Yossi, Lauren @ YNAB here! I appreciate you sharing your experience. YNAB does much more than track expenses as they happen, so it can certainly take time to explore and adjust. If you ever want to chat, we'd love to help at help@ynab.com!",2024-09-25 03:03:24,24.16.1,YNAB
a5962f25-ae95-412b-aaf9-cb535e56af3f,"I have never been able to budget well. Tried a million apps and my spreadsheets. It is complicated to set up and understand to begin with, but you persevere and you will thank yourself for it. They also have loads of videos and tools with bits to help you, you only learn by using it !",5,0,24.16.1,2024-09-24 06:33:05,,,24.16.1,YNAB
e33c1017-c5b3-46ad-995a-7025cfd508a3,Best app for budgeting! Budgeting used to be a B Word... now I've become addicted to watching my savings climb up while I have more money than ever to spend on exactly what I want! 😁,5,0,24.16.1,2024-09-22 07:13:25,,,24.16.1,YNAB
990a583c-b11b-4638-b54d-5a2677623b7f,"Absolutely not willing to spend 30400 rs per year for budgeting. I know it's harsh but you should think about the people trying to budget and use your app from developing, third world countries because this isn't sustainable for me and well, you're not actually thinking about expanding your market and having a monopoly worldwide",1,3,24.16.1,2024-09-21 08:46:33,"Thanks for the review, and for letting us know that the cost of a YNAB subscription is not realistic for where you live. We'd love nothing more than for the whole world to be able to use YNAB and learn how to love the way they spend, but unfortunately, it's just not feasible. Hope you find a tool that works for you!",2024-09-23 11:28:33,24.16.1,YNAB
e620b0fe-7891-4cf7-bc66-53147ffcd298,Good and interesting visit it,5,0,24.16.1,2024-09-21 05:57:33,,,24.16.1,YNAB
d1ffa78d-aed0-431b-b0df-27f751cc801f,Game Changer for a 3rd generation shopaholic!,5,0,24.15.0,2024-09-19 22:01:37,,,24.15.0,YNAB
599dccb5-d91a-4e06-9d08-d634949a1cba,not exaggerating when I say that I believe this app can save marriages.,5,0,24.16.1,2024-09-19 17:59:24,,,24.16.1,YNAB
5725b832-f468-4af3-a05b-475141924b85,"I did not get a free trial. Instead, I was prompted to click on a button to subscribe. I did not, as I am not inclined to subscribe to an app that I have as yet no experience with. I did not subscribe and uninstalled the app.",1,0,,2024-09-19 05:41:45,"HI Robert,

If you'd like, you can head to ynab.com to sign up for a free trial- no credit card required! Let us know if you have any questions - help@ynab.com! ~Phil@YNAB",2024-09-19 09:04:16,,YNAB
18fb1cfc-94cb-441d-92d3-b095e19bcb33,YNAB has seriously changed my life. A digital envelope system is the kind of budget I could understand.,5,0,24.16.1,2024-09-18 17:46:57,,,24.16.1,YNAB
7458244d-ed0f-44fc-837b-0f164f478d8f,Best budget software/app ever! I've been using for roughly 10 years!,5,0,24.16.1,2024-09-17 17:06:25,"Thanks for taking the time to leave us a review, Jamie! AND for being a long-time YNABer — we appreciate you!!!",2024-09-17 18:03:34,24.16.1,YNAB
3e350ff7-99f5-4001-8784-3253d09a856c,"Is a paid app and it makes it seem like there is a free verson. Then when your done waiting your time it shows you it's a sub with ""free trial"" Over it, and all the other apps that do this. Free trial and free verson are not synonyms, stop misleading people.",1,1,,2024-09-16 14:04:17,"Hi Kit! We work to be clear and we definitely don't want you paying for something you're not interested in. There is no free version of YNAB -instead of selling your data or serving ads, we earn money by selling a subscription to a top-notch app with stellar support. You can get that support at help@ynab .com if you have questions! ~Phil@YNAB",2024-09-23 13:29:47,,YNAB
ffa6e048-fe22-4258-b800-7aa728e98fd4,"Would be good if you could edit the credit card?? All my ""money"" got stuck in my credit card and I couldn't remove it or delete it. If it's going to be this difficult to use I'm not paying for it.",2,0,,2024-09-16 01:55:15,"Hi Veronica, oh no! You can definitely move your money around, it's one of the best things about YNAB. Can you send us a note at help@ynab.com so our support team can take a look and help you out?
Looking forward to hearing from you!",2024-09-16 17:44:28,,YNAB
313dc726-71fd-462a-b1c6-99130dc3e26b,"I just downloaded this app on my phone a couple of days ago, but I finally have time to input my information. This app shuts down every few seconds. I reopen, and then it closes again. It is getting pretty irritating. Thankfully, the first 34 days don't cost anything, but if this continues, I definitely will not keep the app.",2,7,24.15.0,2024-09-15 08:24:06,"Hi Sharie,

My, that doesn't sound like what we want to see! If you've already tried reinstalling the app and it's still not working for you, I'd love it if you would write in to help@ynab.com so we can help figure out what's going on here! ~Phil@YNAB",2024-09-19 06:48:12,24.15.0,YNAB
99553d58-4deb-4c4a-84be-009c481e6b3a,"Life changing, awesome app. Phenomenal support when you need it. Everyone needs this app.",5,0,24.15.0,2024-09-14 14:19:57,,,24.15.0,YNAB
41266f2b-a4c3-426f-95b0-c820f9923f90,"It's genuinely been life changing. We made more financial progress than ever. It's a little tricky to get started, but very intuitive after the initial learning curve.",5,0,24.15.0,2024-09-14 08:11:10,,,24.15.0,YNAB
eaff39cc-9110-419b-b1d2-f2da81f8663e,"Free to download, requires a subscription to use.",1,1,,2024-09-13 19:04:00,,,,YNAB
32870490-3ec4-4ce6-9cd2-b7361c0e6979,"only used ynab through the free trial, will not be continuing. it fails to track my transactions, so everything needs to be done manually (which is the main reason I wanted this app), but 150$ for the year?? way too pricey for something that could be done on an Excel sheet.",1,3,24.15.0,2024-09-13 18:53:37,"HI Craig,

Thanks for signing up for the free trial! It sounds like you ran into some trouble with Direct Import. We'd love to take a look at your connections and see if we can get your transactions importing for you! Send us a message to help@ynab.com and we'll get to work! ~Phil@YNAB",2024-09-16 06:30:19,24.15.0,YNAB
3ea0b495-1b0c-42d1-bd42-f9fcd6e4b8e8,"YNAB became corporatized and betrayed their original fan base. This used to be a solid product, with the best system on the market. If you're a new user, look elsewhere. Edit: Don't believe the reply from YNAB. They continue to lie. Please don't trust them with your sensitive financial information. 2024 Update: YNAB is still run by tone deaf fools. Stay far away.",1,10,24.15.0,2024-09-12 04:42:05,"Hi Danielle, I appreciate you sharing your concerns over our price increase. When we last increased our prices over 4 years ago, we shared we wouldn't be able to guarantee the legacy customer pricing forever, and I'm sorry to hear you feel betrayed by our communication around that. Reach out to help@ynab.com if we can help. -Ashley @ YNAB",2021-12-28 13:14:11,24.15.0,YNAB
9036acab-5029-40f6-97cc-749962315b45,Very useful and practical. We have been using it for years.,5,0,24.15.0,2024-09-11 10:38:00,,,24.15.0,YNAB
71e801e0-37d8-45b9-81e6-49ff16f8f889,"I feel like I can very effectively manage my budget now. it's just that simple. Don't know how I made it work before, but I never had confidence in the numbers. And it's easy to use.",5,0,24.15.0,2024-09-11 04:31:58,,,24.15.0,YNAB
6f621e5d-5eb8-4248-abb9-d546e637fb2c,Paying $18.99 per month for a budgeting app is out of my budget.,1,5,,2024-09-10 22:13:07,,,,YNAB
e5848369-e59d-4937-9d32-6cb7c9712404,"I desperately, really wanted to love this app. I've heard so many good things. But you need an accounting degree to figure it out. It's SO complicated. And it's impossible to figure out and fix mistakes. Edit 1/29 I still think the learning curve is too steep, and I swear things seen to change overnight, but I'm gonna keep trying and hopefully figure it out. Edit 9/10 - quit importing with my bank so it's essentially useless. The learning curve is still too much. I wouldn't recommend this app.",1,4,,2024-09-10 06:03:39,"Hi EmmaLee, oh no - so sorry to hear your experience hasn't been great. Have you written into our support team at help@ynab.com? We'd love to help.
Hoping to hear from you -",2024-09-10 19:44:14,,YNAB
c5bdd7f2-606d-4a18-9ac0-59671a1b14d2,"Greatest budgeting app I've ever used. had a Learning curve, but the more you use it the better it gets",5,0,24.15.0,2024-09-09 05:53:08,,,24.15.0,YNAB
033b1b64-c4ff-4dd5-884c-006c46481772,best,5,0,24.15.0,2024-09-08 21:02:52,,,24.15.0,YNAB
f6df2841-0124-4daa-8753-822f4898435e,"Took a while to understand the differences from traditional money apps, but I'm very satisfied.",5,0,24.15.0,2024-09-08 18:21:49,,,24.15.0,YNAB
657195b2-317f-4aaa-9879-57e5ad46a533,"YNAB has a learning curve, but really has the potential to be life-changing! I recommend it to my friends all the time.",5,0,24.15.0,2024-09-08 14:55:43,,,24.15.0,YNAB
a78230eb-0ce6-4174-a33d-35a119eb26b3,"Confusing, subscription is expensive for occasional use. The basic budget functions are okay, but trying to move beyond that into a 5 year plan is impossible. The app isn't at all intuitive for me, and I don't have the time or patience to devote days learning a new method. This is supposed to make life easier. Maybe I chose the wrong app.",3,24,24.15.0,2024-09-08 11:00:48,"Hi Tina, it's true YNAB is quite different from other ""budgeting apps""! We help people build consistent habits that align their money with their present and future goals. Our Support team is fantastic, so if you'd like to chat more, I hope you'll send us a message (help@ynab.com). ~ Lauren @ YNAB",2024-09-09 20:15:49,24.15.0,YNAB
6e685278-fb98-4152-9d45-b84bd20dda73,i think i get it?,5,0,24.15.0,2024-09-07 11:57:12,"Hi Kevin! Love to hear it - if you're feeling unsure at any point, feel free to send us a note at help@ynab.com, we'd love to hear from you!",2024-09-09 06:40:43,24.15.0,YNAB
8ffca235-3a79-4f8f-953d-a5879a6bb691,"Please make this work in landscape orientation, especially on tablets...",3,1,24.15.0,2024-09-07 08:44:19,Thanks for the feedback Louis! I've passed that along to our team.,2024-09-08 19:32:54,24.15.0,YNAB
041ab4ed-8ace-49b8-84ac-995e10f33d5b,"Not great, it is a faff to get set up and you need a rocket science degree to get it working. I'll stick with a spreadsheet.",1,1,24.15.0,2024-09-07 00:07:51,"Thanks for giving YNAB a try, Joshua! We have a library of help docs available at https://www.ynab.com/help-center, and a whole team of humans that you have access to at any point - if you give it another try, make sure you reach out to support at help@ynab.com!",2024-09-08 12:10:51,24.15.0,YNAB
aad254ca-e3fb-4047-a6c1-272218f7a882,"I've used YNAB well over a decade, but they have more recently just made using the product increasingly difficult. Exporting is a mess and bank transfers are delayed or not working so reconciliation is a pain. Most of the work still needs to happen on the web if you want proficiency, and that experience has really degraded. Tracking student loan payments became unusable with the new change, too. Chat help is impossible to use. Whoever vetted the UI/UX changes from the last few years, boo.",2,25,24.15.0,2024-09-06 10:31:57,"Hi Hanna, our team would be super interested in hearing more detailed feedback from you - can you send us an email at help@ynab.com? Looking forward to hearing from you!",2024-09-23 13:56:18,24.15.0,YNAB
aee6fcfb-ce82-4922-bf4a-4c6f6b90a0ab,I have been using YNAB since 2018 and this app has been a game changer for me. I was a long time Quicken user and was very comfortable with that. I loved the detailed reporting that was available with quicken but I have realized that the detail I thought I needed I really didn't. YNABs ability to budget proactive instead of reactive has been a game changer and learning to plan my true expenses. Can't recommend YNAB and this app enough.,5,0,24.15.0,2024-09-06 09:55:21,,,24.15.0,YNAB
9328b037-5b04-42f8-9775-955fb9c9f5dd,I've used this for years. and our finances are in better shape than they've ever been.,5,0,24.15.0,2024-09-05 03:52:50,,,24.15.0,YNAB
bc646a96-cf80-4e88-807c-608c4a8e51c8,Best budget ever,5,0,24.15.0,2024-09-05 01:13:32,,,24.15.0,YNAB
1997237a-51a9-45fb-b0ac-4f284535be80,"This app transformed my relationship with money. Great system for finances - enough structure to guide, and enough flexibility to customize to my needs. Lots of resources available online to set this up in the best way for me.",5,0,24.15.0,2024-09-04 20:37:28,,,24.15.0,YNAB
23dbcac4-4f6f-4eac-bf42-6fd963b26c5c,I absolutely love YNAB !!! I have a positive financial life thanks to YNAB. I can't imagine life without YNAB anymore. highly recommend it to anyone considering it 😁,5,0,24.15.0,2024-09-04 17:07:32,,,24.15.0,YNAB
3f801263-52e0-4909-bff2-4e21fc55ee65,"During your trial check if your bank is going to import pending transactions. Because if not, you'll have to input everything manually, given that you want to see relevant figures in your budget. This is roughly as tedious as just keeping a spreadsheet, which doesn't cost over 10$/month. My bank (CIBC) is such a pile of junk that it doesn't include pending transactions even in file export, like clearing them only twice a week wasn't enough. So file based import will not crack it for me either.",3,2,24.14.2,2024-09-03 17:10:15,"Hi Anton,
Thanks for your review! Direct Import works for thousands of banks, but there are snags sometimes! If you find yourself in this situation, in addition to manual entry, you can also check out File Based Import. If you're interested, send us a note to help @ynab.com! ~Phil@YNAB
​",2024-09-03 08:09:49,24.14.2,YNAB
025a2b09-db4b-46e9-95de-275d5da4af2e,"I love the app but I find the subscription very unlogical expensive , I would love to come back to it for less price than that.",5,0,23.23.0,2024-09-03 14:09:46,,,23.23.0,YNAB
afd08971-597c-4d83-ac8e-aeefcf3ad557,"Way too expensive for a ""budgeting app"". I'll help myself budget by not paying 15 dollars a month to use it...",1,0,,2024-09-03 10:31:32,,,,YNAB
71c0d272-2076-4eca-a643-7a6e4d0bbfb2,Are you guys crazy charging so much money for an app that is supposed to save money? You are thieves!,1,1,24.14.2,2024-09-03 03:24:17,"I hear you, Romana—we want your spending to go towards what you value, and understand if that's not YNAB! The average YNABer saves several times the cost in just 2 months. And YNAB is the product we sell, not ads or your data to third parties (www.ynab.com/privacy-policy). If you'd like to chat more, message help@ynab.com! ~ Lauren @ YNAB",2024-09-06 01:25:54,24.14.2,YNAB
b33d1502-bc0f-4917-9608-60789443cf71,"I love this app. After the last update, it takes forever to open it though. Every single time it says ""upgrading"". Please fix this bug.",5,0,24.14.2,2024-09-02 23:17:11,Oh no! Can you send us a note at help@ynab.com so we can dig into what's going on there? Looking forward to hearing from you!,2024-09-03 18:17:05,24.14.2,YNAB
b58ac072-a7b4-409f-87d3-2d3fad6b4099,"I started using YNAB about 6 months ago and I am a fan. I converted from Mint, and I am now mostly used to zero-based budgeting and how to make everything work for me! I appreciate the videos and podcasts and have had good response time on questions I have submitted to support. Updates are regular and always seem to be moving forward in functionality or user ease. But most importantly, I am finally consulting my budget before spending for the first time in years! YNAB fan!",5,6,24.14.2,2024-09-02 05:47:22,"Thanks for taking time to leave us a review, Andrea! We're SO happy to hear that YNAB is making a difference for you - we're glad you're here!!!",2024-09-03 09:43:52,24.14.2,YNAB
167e25df-6042-4b6a-a766-70c20e484f9d,"we've used YNAB for years -- the app as well as the desktop version. the system allows me to visualize all our financial inflows and outflows at a glance and then easily balance our budget. I love the community and the learning mindset among the YNAB staff and company. it truly seems like people who genuinely care about helping others find financial footing, which is really rare among other budget apps. I'm a loyal customer and have really benefited from using the YNAB system.",5,3,24.14.2,2024-09-01 20:40:29,,,24.14.2,YNAB
d496935a-9f21-4ec2-84cf-52676ce1cc15,Best budgeting app I've ever used!,5,0,24.14.2,2024-09-01 12:10:25,,,24.14.2,YNAB
6a511807-7510-41f0-b1b0-f5c981fea507,App to help you with budgeting but wants to charge you.,1,1,24.14.2,2024-09-01 09:27:00,"Hi Brian,

We do not sell your data to advertisers or anyone else. We're proud that YNAB is our product- not YNABers- so we charge YNABers for YNAB rather than charging advertisers for your data. We wouldn't sell out our friends, so we won't sell you out either. if you want to chat more, send us an email to help@ynab.com! ~Phil@YNAB",2024-09-03 08:47:38,24.14.2,YNAB
9a403389-dcb0-46c9-8965-24b35eb5faf7,"Best budget app, great company, worth every penny",5,0,24.14.2,2024-09-01 07:58:12,,,24.14.2,YNAB
c5fa3506-1793-4578-8800-09a48787973a,"before YNAB, I would overspend. Now if the money is not in the category, I don't spend it.",5,0,24.14.2,2024-09-01 06:47:30,,,24.14.2,YNAB
075e4df5-5c40-48b1-87e5-85eefee0129c,has been very helpful,5,0,24.14.2,2024-08-31 07:11:39,,,24.14.2,YNAB
3e9fee76-2a73-4f08-8fc4-734a3c8d024e,"Really eager to use this app after hearing glowing reviews from lots of people, but it won't let me get the free trial, saying I have ""already utilised a free trial"" and I 100% have not ever even downloaded this app before.",2,1,24.14.2,2024-08-30 19:23:54,"Hi Bec, we'd love to help you give YNAB a try! Would you write in to help@ynab.com and include the email address you wanted to use for the free trial? ~ Lauren @ YNAB",2024-09-02 21:39:57,24.14.2,YNAB
4b4ed154-acd3-4aea-8c94-aeae0a87251e,Great budget app we have been using for years. Easy to use and pretty intuitive. Customer support is very responsive if you have questions. Their YouTube channel has great videos about cool features.,5,1,24.14.2,2024-08-29 19:27:30,,,24.14.2,YNAB
3d73ec25-1bf3-4bc7-ad13-3ae957789785,"I've loved this app since nearly the beginning, back when it was a one-time purchase. It's seen me through some of the most difficult financial changes of my life, but it's also become a major yearly expense, so with this latest increase as it's time for this single mama to take what I've learned and move on.",5,0,6.25.4,2024-08-29 08:48:51,,,6.25.4,YNAB
05c788b2-dc31-4758-9be2-325d99e46ec0,Garbage! Keeps freezing when assigning any money to bills. I can't just start over to fix my issues. I hate this.,1,0,24.14.2,2024-08-29 05:51:08,"Hi Celmak,

Thanks for sharing! Freezing is definitely not expected. We'd love to take a closer look at what might be going on here. If you haven't already tried deleting the app and reinstalling, send us a message to help@ynab.com and we'll take a look! ~Phil@YNAB",2024-08-29 07:56:58,24.14.2,YNAB
dd1eb3ef-c32e-4fe1-807b-68966efdedcd,This app was a game changer in getting our budget fixed and finally having money to invest each month.,5,2,24.14.2,2024-08-29 04:16:27,,,24.14.2,YNAB
03da1086-5a33-44ac-88e5-a58438753efa,"YNAB's approach is VERY hands on, but in exchange you will feel like you finally understand exactly where your money is going and you can make huge progress on your long term goals. Worth every penny.",5,0,24.14.2,2024-08-28 05:22:49,,,24.14.2,YNAB
29845b76-c640-4033-a05f-0197994f0cb8,I have been using YNAB for 7+ years. It has helped me save for long term goals and increase my bank account balance. I can't imagine managing my money without it.,5,0,24.14.2,2024-08-26 03:38:15,,,24.14.2,YNAB
4bc17ffd-fb90-4827-9264-2b2659ce0a19,life changing app. whole heartedly endorse. 5 year user,5,0,24.14.2,2024-08-25 19:49:44,,,24.14.2,YNAB
973807bd-3237-4d0c-b177-07f17e37ae26,"As YNAB is not affordable for me, I moved to ""Beyond Budget"" app.",3,2,24.14.2,2024-08-25 05:49:34,,,24.14.2,YNAB
6c35c6f9-037e-4d2b-8d85-9c297b3dd87f,"THE best designed app I use overall! Not to mention how this method makes budgeting our money actually enjoyable 😀. Also, check out their YouTube channel...entertaining and informative!",5,0,24.14.2,2024-08-25 05:35:26,,,24.14.2,YNAB
5fef8e6f-2072-4943-bd29-45786dda27a1,This is my second time trying YNAB and I think I finally got it together. the app works pretty well I prefer working on the desktop though. the program is good for managing my money and budgeting seeing where all my dollars are going from my various checking accounts. I'm looking forward to seeing what a year's worth of data looks like.,5,60,24.14.2,2024-08-24 20:25:50,"Hey Eysana, love this! I have a similar story — it took a couple tries to really get YNAB and see how my many accounts could fit into a larger plan. Can't wait to hear what insights you learn over time! ~ Lauren @ YNAB",2024-08-25 20:28:56,24.14.2,YNAB
854c6476-e0c8-4631-a06a-2f672e105d9c,Can't send 2fa emails so unable to share between my partner and I. Bad user experience. Will try monarch,1,0,,2024-08-24 13:43:47,"Hi Dave, we're investigating a temporary email issue! If you haven't already, I hope you'll reach out to help@ynab.com or right in the app (question mark in the bottom right). Whatever tool you end up using, thanks for trying YNAB. ~ Lauren @ YNAB",2024-08-25 19:57:11,,YNAB
9159fc65-4721-4a21-9c04-cf633a2896ca,Paying 10000 Rs every year for a app which does not give full features like bank sync. Is not worth it . Instead I would suggest to try beyond budget which gives life time subscription for 1000rs. Overall the concept is good but everything this app provides is available in other alternative at much cheaper price.,2,2,23.8.4,2024-08-23 03:19:59,,,23.8.4,YNAB
e750589a-81db-44ea-bdee-b7b35e9d0a6a,This app has completely changed the way I handle my finances. It has honestly changed my life***. Edit: Lauren at Ynab unintentionally pointed out my spelling error haha.,5,0,24.14.2,2024-08-22 22:59:08,"Aha, love it! 🥰 And seriously, if you do want to share more of your story, we hope to hear from you! ~ Lauren @ YNAB",2024-08-28 10:59:44,24.14.2,YNAB
f8a85d43-8d60-43cb-b509-c222731ca12e,"Need an option to coordinate money transfers between accounts. I.E. paying down a credit card. Honestly, a credit card analysis would be sexy! ""Your start balance is $5000, you paid $1000 into your account, you spent $1200 on the account, and your interest rate is %. You won't get out of debt at this rate!",3,4,24.14.2,2024-08-22 20:32:30,"Hi Chris! Thanks for the review and sharing your ideas for a credit card analysis. I can see how that would be helpful, and I've submitted a feature request to our designers! If you'd like to talk more about debt pay down strategies using the YNAB Method, we'd love for you to get in touch at help@ynab.com! - Caity @ YNAB",2024-08-23 12:21:32,24.14.2,YNAB
06edaf32-2c82-4731-9705-d787fde21c9f,"The most amazing app for financial awareness. My husband and I can organize and stay true to our financial goals, it feels like we have no money until large unexpected or expected costs come up and we have the funds. It also feels great to have ""fun money"" saved up so that spur of the moment outings with friends can easily be enjoyed without wondering what other savings goal has to be sacrificed. Very easy to use once you've figured out your personal approach. Lots of resources. Love HIFH ❤️",5,0,24.14.2,2024-08-22 04:36:27,,,24.14.2,YNAB
eda1d7c0-4df2-4e09-bdbe-fe022924a96f,Not the most intuitive budget app.,2,0,24.14.2,2024-08-21 21:25:41,"Hi Anthony,

Thanks for sharing! If you're having trouble getting started, we'd love to help out! We have live workshops, a super helpful youtube channel and direct support at help@ynab.com! Reach out and we would love to get you going! ~Phil@YNAB",2024-08-22 09:37:13,24.14.2,YNAB
7a669efd-30f0-4e4d-a4a4-80a88e8f847e,"Extremely bad User experience. It is a paid app for I wonder what features. There's nothing Wow in the app. It doesn't even have an profile page to view your subscription for the app. I had downloaded it just to test, but now my payment has been deducted with no warning. I do not wish to use the app. It would be really helpful for people struggling with finances... to give a warning before deducting any amount. Please give refund.",1,13,24.13.1,2024-08-21 19:53:51,"HI there!

I'm sorry to see that charge took you by surprise! We'd love to look into this more closely for you. Please write in to help@ynab.com so we can pull up your account and subscription details!",2024-08-22 09:05:53,24.13.1,YNAB
2741d8f3-7d3c-46f0-96fb-3840c3f669d3,"I have loved using ynab for years now. Came back to rate again because I love that the spending breakdown report has been added!! The app keeps getting better, my rating was already 5 stars so I couldn't increase it more. My final wish is to be able to adjust mortgage interest in the app without having to go to the desktop version but regardless, really love the easy presentation and how well thought out it all is. Thanks to the makers",5,12,24.14.2,2024-08-21 07:35:07,"Thanks for your updated review, Toria. We're so glad that you're loving the spending breakdown! We were especially excited about that update so it means a lot that you're enjoying it. I've submitted your feedback about editing loan interest on mobile so the team will know it's something you'd like to see. Thanks again and happy YNABing! -Blair@YNAB",2024-08-21 13:11:40,24.14.2,YNAB
570c4e97-c449-450f-9e83-16c9962e8b6a,"The program is so flexible and easy to modify to suit your own way of doing things. If you get too off track, you can start a new budget with whatever your balances and get everything up to date.",5,0,24.13.1,2024-08-20 08:09:43,,,24.13.1,YNAB
df9f4612-66fa-4b38-b625-95403f0484f0,"Our favorite budgeting software. App is super user friendly, customer support is great and the budgeting philosophy has made all the difference for us!",5,0,24.13.1,2024-08-19 05:22:50,,,24.13.1,YNAB
2ee764e5-065a-4e7f-8533-e3b5befabc39,"YNAB has helped me out so much! I could never say it enough. I have gone from struggling to keep $100 to my name to having 6 months of money. I struggled for years to track my spending and to come up with a reasonable budget I could use. I floundered and made very little headway until a friend suggested I try YNAB. I was turned off by the subscription fee at first, but it is literally the best money I have ever spent. The app is terrific and so is the web interface. Seriously. Try it.",5,16,24.13.1,2024-08-18 21:26:51,,,24.13.1,YNAB
d211d38f-397a-40f5-8e3b-7233f75116a5,"Definitely not worth the money. No bank support for Finnish banks, and the app feels super cheap. Plus, I accidentally put 100x the amount of money I actually have on my account, and you cannot change it anywhere. Definitely don't recommend this. All of the other apps (which are much cheaper btw) do the job better.",2,1,,2024-08-18 17:05:04,"Hi Tuomas, thanks for giving YNAB a try - sorry to hear it wasn't a good fit! You can definitely change your bank balance anytime, but you're right that our direct import coverage doesn't include Finland. We hope you find the right app for you!",2024-08-19 15:50:36,,YNAB
6d52c461-ff6a-4bdc-9a6e-af5e31f15e13,"Made such a difference for planning and spending with my partner. We can see the budget lines filling up each pay and $ there if needed, or can be moved around.",5,0,24.13.1,2024-08-17 20:30:23,,,24.13.1,YNAB
b780e022-7ecd-4b85-8dcd-82092614160d,No free version,2,0,24.13.1,2024-08-17 01:00:29,"Hi Ghulam! After your 34-day free trial, YNAB's features work together to help you align your money with your goals. We also never sell your data. That said, our site has free resources you can use to learn YNAB's Method, and if you need more time I hope you'll reach out to help@ynab.com! ~ Lauren @ YNAB",2024-08-18 22:15:46,24.13.1,YNAB
78f1ab09-155d-45a5-aa7a-cc9959a81564,"This has been a life saver! YNAB has given us the ability to manage our budget in a simple, friendly, accessible, visually pleasing way! This is the ONLY budget app anyone needs to put their financial budget life in order!",5,0,24.13.1,2024-08-16 05:54:36,"Hi Johnny, I'm thrilled that YNAB's helped you manage your money with less stress and complexity! ~ Lauren @ YNAB",2024-08-18 21:22:05,24.13.1,YNAB
001cdf0c-7d24-45a6-81da-44ae202d05a6,"I've been using YNAB for over 10 years. Absolutely love it as a service, and the android app has always been excellent!",5,0,24.13.1,2024-08-15 07:19:27,,,24.13.1,YNAB
dc8b3396-5adf-4c29-b7ec-b909034c8bd0,Can't save money by spending more on a budgeting app,1,1,24.13.1,2024-08-15 06:34:39,,,24.13.1,YNAB
fd88064a-4034-4c97-a865-0284e8779a3a,can't imagine life before ynab,5,0,24.13.1,2024-08-14 05:07:47,,,24.13.1,YNAB
0b112c46-828f-4bd8-8ac5-7dca76c323f5,A clean and responsive solution to budgeting.,4,0,24.13.1,2024-08-13 20:41:24,,,24.13.1,YNAB
ab72c793-4b21-48b9-af56-f045c71757d3,can't live without it,5,0,24.13.1,2024-08-12 13:16:45,,,24.13.1,YNAB
b3b0645e-5c1b-443f-8469-089825df699f,wish it was less expensive,5,0,24.13.1,2024-08-12 11:21:57,,,24.13.1,YNAB
ccfe9a08-1314-40c4-a5c3-bea0fc7f39e8,"This is basically a command center for your money. If you live paycheck to paycheck, this will give you the insight to tactically manage your bills. If you are higher income, this will help you understand monthly expenses so you can save or invest every extra dollar as early as possible. It requires some discipline but if you stay on top of it it's much easier. Manage transactions every morning, reconcile 2-3 times a week. It's worth it! I have never had such a large emergency fund saved up.",5,25,24.13.1,2024-08-12 08:58:03,,,24.13.1,YNAB
4826eead-dcc6-4439-a41a-3bbc99fb3882,The cost of YNAB has doubled since I started using it. I'm switching to Actual Budget since it's completely free and has 95% of the features. It shouldn't cost more per month than video streaming services to host something that only uses 2mb of storage on a server (that was my json export file size).,1,15,24.13.1,2024-08-10 12:01:26,,,24.13.1,YNAB
6e4ac9be-0a76-4748-97c4-42e5b9514f82,We've been using this program for 8 years and it's a great tool for controlling finances. Worth every cent of the annual subscription.,5,0,24.13.1,2024-08-10 07:14:09,,,24.13.1,YNAB
a83a4c25-dd0e-4b56-8618-15386b1a1f07,"Best money ever spent! I used to budget by inputting expenses in a calendar. I would notoriously forget an expense that needed to be paid or things I need to do (i.e. oil change, medical bill, etc). This app has consistently helped me truly understand my money and given me more peace of mind that I can trust the numbers.",5,0,24.12.1,2024-08-09 10:48:13,"I loved reading this review update, Leslie! YNAB's done the same for me—fewer missed bills and ""emergency"" expenses, more clarity and peace of mind. Thanks for sharing. ~ Lauren @ YNAB",2024-08-11 21:48:26,24.12.1,YNAB
50541bb6-f201-4191-94c1-6dfe30e13c7d,"Great app, but really needs to have accessibility options for those with colour blindness. At the moment you can't differentiate between ""overspent"" and ""good"" budget categories if you have protonopia",4,0,24.13.1,2024-08-09 06:00:45,Hi Antony! Thanks for using YNAB and for sharing your experience as a person with protonopia. Based on what you're saying I can see how increased accessibility options would make a big difference for you and others. I've passed your feedback along to our Accessibility team—we really appreciate your thoughts. -Blair@YNAB,2024-08-10 12:20:04,24.13.1,YNAB
909ffd2b-db99-4435-b728-82c6e0a12992,"YNAB has changed my family's life, literally!!!!",5,0,24.13.1,2024-08-08 20:05:57,,,24.13.1,YNAB
466948ba-53d1-4d5b-a22a-7b7559b53dfe,"Best app for managing money, because of the framework super well integrated into the design. The only problem is that there are no many bank integrations for the global South such as LATAM",5,0,24.13.1,2024-08-08 16:09:49,"Thanks for the glowing review, Alex! We're glad that YNAB's your #1 app for managing money. You're right that for now, our direct import providers support North American and European banks. I've submitted your feedback to the team about adding LATAM banks. Thanks again and happy YNABing! -Blair@YNAB",2024-08-09 11:44:06,24.13.1,YNAB
f2fab60b-6fa6-4b99-a12c-9971f9691f0d,"Not super intuitive at first, but helpful to track spending. A suggestion that would massively help it's usefulness: I use two different budgets, one for our shared expenses, and one for my personal expenses. I would LOVE if I could have two different widgets that can display amounts from my two different budgets simultaneously, so I can track spending across both. Currently there is no way to do this; the widget(s) will ONLY let you display amounts/categories from 1 budget across all widgets.",4,5,24.12.1,2024-08-06 13:48:47,"Thanks for using YNAB and for taking time to leave us a review, B Lewis! I passed along your feature request regarding widgets with 2 budgets - our team loves hearing these, so keep em coming!",2024-08-07 18:13:52,24.12.1,YNAB
8fc1015d-ec73-4c1c-9db5-ca342575ecff,has helped us save a lot of money by seeing where it's going,5,0,24.12.1,2024-08-06 05:33:06,,,24.12.1,YNAB
a988990e-10b1-41c6-a58e-df0da1c632b4,"Literally the best budgeting app! Easy to use, and actually makes sense! Constantly being updated too. Tutorial videos are amazing. These guys are great.",5,1,24.12.1,2024-08-05 22:53:33,,,24.12.1,YNAB
6288ce5c-6e79-44d4-a7fd-a5c7da8f52d6,Avoid this app. Linking accounts won't work. Especially Canadian folks.,2,0,,2024-08-04 21:52:46,"Hi Saransh, it's true that Canadian bank connections can be tricky, but most of our users who use direct bank connections don't run into any issues. Have you reached out to our support team at help@ynab.com? If not, they can help!",2024-08-08 17:57:16,,YNAB
21e7c55e-4e1f-428a-9f53-798f8ee8874b,"I've been a user for several years now and I still get super confused with this app. If you over spend your budget, be prepared to have no clue how to fix it..",2,1,24.12.1,2024-08-04 20:58:06,"Hi Riley, we have a whole team of support folks who'd love to help you out. Send us a note at help@ynab.com! Looking forward to hearing from you!",2024-08-08 17:55:23,24.12.1,YNAB
3460a5b2-ed8e-4011-a900-a970a60b17d9,Love the app. I am a budget nerd and this app allows me to be more proactive vs. reactive to my finances.,5,0,24.12.1,2024-08-04 14:53:39,,,24.12.1,YNAB
08e1bc70-59f6-4129-b7a3-f6ffa00246f5,"Set up the app, linked my bank accounts, and was immediately inundated with a flood of payments to categorize. I was under the impression that it is 2024, I should be adjusting the categories that you already auto-assigned, is this a joke? Put it down for a while, came back and tried harder. This time the UI/UX was my enemy. Nothing is explained, labels are ambiguous. Do you have a credit card? Lmao no you don't, you will be so frustrated that you will delete the account and enter those manually",1,1,24.11.1,2024-08-04 13:17:03,"Hi Alexa, sounds like you could use some help from our support team! Send us a note at help@ynab.com and we can get you on the right track.",2024-08-08 14:54:46,24.11.1,YNAB
f0f725e3-d1fc-42fb-93d3-0c81511e9f9e,Superb app.,5,0,24.12.1,2024-08-01 13:14:02,,,24.12.1,YNAB
f0f21678-ad56-48a0-a3c8-c7a52394d808,"overall I really like the system and the app organization/design. watching the intro videos is a must. there are a few things that aren't intuitive that it took a little while to get used to especially with regard to credit card use but the faq, help sections, and user community are good resources when clarification is needed.",4,1,24.12.1,2024-08-01 10:17:35,"Thank you for sharing this review, Rachel! We're so happy to hear you're enjoying YNAB and that you've found the resources you need along the way. The learning curve can feel steep at times, but we're all in it together. 💪 Glad to have you YNABing with us! - Caity @ YNAB",2024-08-09 14:21:23,24.12.1,YNAB
10f0e404-a8af-4ca7-9c08-f3e93319beab,"I put off getting YNAB for a long time, thinking it would be a waste of money since I had a budgeting spreadsheet, but it has been so helpful and i definitely believe that we have saved more money than we have spent on the subscription. So helpful, especially for making financial decisions together with your spouse and keeping on a budget or planning ahead.",5,5,24.12.1,2024-08-01 06:26:08,,,24.12.1,YNAB
33cfe4a9-d283-4fd1-a8c2-1311f9c43a40,Only works if you're constantly categorizing every transaction. Resuming after a break doesn't work.,3,0,24.12.1,2024-08-01 05:07:17,"Hi Christopher! Thanks for sharing your review and experience. While YNAB does take a more proactive approach, there are lots of ways to get back on track if you've been away for a while! If you'd like to chat more about those, send our team a message at help@ynab.com and we'd love to work through it with you. - Caity @ YNAB",2024-08-09 14:15:46,24.12.1,YNAB
ed6ab98a-f4a2-4ad7-a7ed-36e7da4b6cd6,helps us spend within our means,5,0,24.12.1,2024-07-31 23:08:12,,,24.12.1,YNAB
dea85cc3-73eb-43bd-b423-1df65fbeede6,"adding additional three stars, right after I complained about lack of mobile spending reports, they added it. doubt I can take credit...but thanks!",5,0,24.12.1,2024-07-31 09:43:06,"Hi John! Thanks for your review. In the last week, we've made some big updates to reports. You can now view spending reports in the mobile app. If you'd like to check them out, we'd love to have you back any time for another free trial of YNAB. Reach out to help@ynab.com if you have any questions! -Blair@YNAB",2024-07-31 09:17:58,24.12.1,YNAB
f4805298-8d2b-4a1c-982c-6fc89066210f,Not your typical budgeting app. Expect to spend some time on it before you understand the process. It is one of the more expensive apps out there for budgeting. I have been on it for 6 months and will not be renewing.,3,0,24.12.1,2024-07-31 06:48:54,"Thanks for the review, Mackenze! You're right: there can be a lot to learn about YNAB at first. It's different from most other apps out there. If you'd like to chat more about the reasons you're not planning to renew, we'd love to hear your feedback and address any friction points. You can reach us at help@ynab.com -Blair@YNAB",2024-08-10 13:10:01,24.12.1,YNAB
3c0040f5-b0a0-45cc-aa00-9b7a6b55e287,The app uses a method that I really like and that can really make you save a lot of money. sad that it isn't translated to Spanish and that the linked account feature only works for the U.S. Credit card management is a bit finicky but it is the best personal finance app I've used. I've been using it for more than a year now so that should tell you something. A bit on the pricier side though since the annual subscription is over 100 dollars which isn't nothing in my country,4,3,24.12.1,2024-07-30 17:01:11,,,24.12.1,YNAB
b629f793-4e96-4e13-95fe-a72c91e51879,best budgeting app out there!,5,0,24.12.1,2024-07-30 15:22:00,,,24.12.1,YNAB
951f4dec-e108-40c5-b404-0bf0c8e6fcc2,"Finally! They fixed the app for credit card use. Can't select ""ready to assign"" category for adjustments, as it should be. It didn't actually move the $$. I Love YNAB. A lot. And now I love the app again. I only use credit cards for expenses and purchases because it's safer. Balanace gets paid every month, no problem. I really appreciate that YNAB worked out how to use a credit card. Just don't ever use, or try to use the ""ready to assign"" category. It will rip a hole in time and space.",4,31,24.12.1,2024-07-30 12:45:35,Hi Lori - so glad to hear those recent improvements made handling credit cards easier for you in the mobile app!!! We appreciate you hanging in there with us! -Caitlin @YNAB,2024-08-05 05:29:14,24.12.1,YNAB
6ee42658-7194-46b8-bae8-85ef479e6938,"Import from my bank asks to reconnect every time I open YNAB. Get a better connector (or APIs) with the money we spend on this app. The imports go to the wrong accounts. It may be a bank issue, but I am paying your company each year, and you have done nothing to fix it. Just point at the bank being the issue. The larger free sites have no issue bringing in my transactions, just you. There are no automagically imports for me unless I spend 5 minutes each time I open YNAB to reconnect.",1,6,24.12.1,2024-07-30 10:20:58,"Hi Joe — we totally hear you that those frequent reauthorizations are frustrating, and we'd love it if all the banks made an API available to our import providers. Have you written into our support team to see if there's anything they can do? Depending on the bank, we might be able to help! Send us a note at help@ynab.com!",2024-07-30 14:43:45,24.12.1,YNAB
936851dd-38f0-4faa-b9ac-1609e2d1bac7,changed my life,5,0,24.12.1,2024-07-29 06:41:15,,,24.12.1,YNAB
fd81f6b0-a988-4c37-b0f6-0412fd56276e,Issues connecting accounts and keeping them connected made this too much of a time suck.,2,0,24.12.1,2024-07-27 14:05:03,"Thanks for giving YNAB a try, Jared! Not all banks are created equal when it comes to connections, but for anyone else reading - you can always write into our support team at help@ynab.com for support from our team! There's often something we can do to improve the connection.",2024-07-29 11:44:07,24.12.1,YNAB
37b8cc5c-1012-4a53-a326-3a29193b6c40,Difficult to navigate. Would be nice if the help articles would explain some of the jargon that comes up so this app can be useable for those who just want to keep track of expenses,1,2,,2024-07-26 07:25:23,"Hey Julian, I hear you—we've been trying to cut back on the jargon-y language. Our Support team's pretty stellar, and we'd love to talk through any terms or processes! If you're up for it, send us a message at help@ynab.com. ~Lauren @ YNAB.",2024-07-31 05:47:20,,YNAB
0be07390-a5f9-41c3-bfdc-cb1c60d526ca,"Jesus, uninstalled immediately when the sign up came up. What a price for something to save money. I'd consider this expensive at half the prices, currently it's robbery.",1,1,,2024-07-25 21:55:30,,,,YNAB
e84275d6-1abd-4ddd-9b6a-35be140fa0de,The new Reflect Tab update is fantastic !,5,0,24.12.1,2024-07-24 14:33:44,,,24.12.1,YNAB
47c4320b-d59b-4edc-af39-e71dff878958,Been a user since 2019. The premise of budgeting by assigning dollars as they come in is so much more useful and actionable than waiting till the end of the month and 'seeing how you did'. User interface and experience has been great. 2024 update: Thank you so much for finally adding the speding breakdown report!!!! It looks awesome and even has the filter options. Well done! My only gripe at this point is cost. At $109 per year it's getting pricey. Over $120 where I would unsubscribe.,5,94,24.11.1,2024-07-22 16:17:08,"Hey Mark,

Thank you for being a longtime budgeter with us! I appreciate you updating your review, and I've let our designers know about that mobile outflow report you mentioned 🙂👍🏻
- Matt @ YNAB",2021-02-01 11:24:02,24.11.1,YNAB
a2c6515e-3694-4a41-ac1b-14ad4ca7e0e7,"Really like the new Reflect to show historical trends, but for some reason they took away the Select All/Select None options. If you have a lot of accounts and want to see specific things, it's going to take you a while to deselect everything. Simple problem and I hope they bring that back.",4,1,24.11.1,2024-07-20 19:18:57,,,24.11.1,YNAB
e5f0cc50-0b70-4e46-9b60-93aedece3c4b,Great!,5,0,24.11.1,2024-07-20 14:44:38,,,24.11.1,YNAB
08c78bcc-3e2c-43ac-99da-3bb89f6cc04b,"After canceling within 7 days. I was told I would receive a refund. Never received it. Thru emails I was told I had to log on to cancel, on there site Problem was I already canceled and couldn't log on. After that they quit responding to my emails Don't waste your money",1,4,,2024-07-20 11:09:10,"Hi Kevin, Thank you for sharing. In order to process refunds, we do need to verify account ownership before we are able to refer to important information like processing refunds. If you are unable to log in and verify your account, we do have other options. Send us a message to help@ynab.com so we can take another look at this! ~Phil@YNAB",2024-07-22 08:37:45,,YNAB
0ef8454f-8abd-4e84-8eb5-881b7e0aea11,Honestly been very helpful to budget. Only thing I wish it had was a quick summary of expected allocation every month before you do,4,0,24.11.1,2024-07-19 20:01:41,,,24.11.1,YNAB
095bc4ec-b400-4c71-a34b-fe1dcd6289a2,Doesn't support my financial institution,1,1,24.11.1,2024-07-19 16:30:13,"Hi Samaria,

We are able to support many, but not all financial institutions- I'd love a chance to see if we can get your connection fixed up. Write in to us at help@ynab.com to get started! ~Phil@YNAB",2024-07-22 08:24:00,24.11.1,YNAB
41f0d93c-dff5-41b9-9653-50ae37de7b1f,Great app to track finances,5,0,24.7.2,2024-07-19 14:50:05,,,24.7.2,YNAB
2505942c-374d-43a7-a80f-2b5cebceacbe,One of the only apps that has stuck with me for years.Would recommend it for anyone who could use a little sanity!,5,0,24.11.1,2024-07-17 18:28:09,,,24.11.1,YNAB
6b8efa8c-920d-4b66-843e-90b7b7c7180d,"Great app. However, I wish they worked more actively on linking more bank institutions. My banks are not on the list, although I kept requesting for them to be considered for more than 3 years now. Manual input of transactions can become really tiresome and does not justify yet another increase in subscription cost for me.",3,0,24.11.1,2024-07-17 18:12:00,,,24.11.1,YNAB
63878bcc-e7d6-4c74-80b5-13d7b32fd6d7,"Fantastic Personal budgeting website/app. If you need one, this is definitely the way to go. Not expensive either.",5,0,24.11.1,2024-07-17 11:30:41,,,24.11.1,YNAB
82073a89-0067-4d1c-a145-d8b7a9a26d40,Not only helped me budget better but also avoid going further in debt. Since signing up to YNAB in Spring 2023 I significantly reduced my consumer debt and gone on two family vacations that have been fully paid for without incurring any debt! It's been the only app/software that I found aligned with my financial goals and actually keeps me disciplined.,5,0,24.11.1,2024-07-17 05:43:15,,,24.11.1,YNAB
68054782-329c-4a86-bfc8-0981a0ff61bc,"this app helps you get absolute control of your dollars, the reports help you understand how you use your money and the integration with your accounts is helpful.",5,0,24.11.1,2024-07-17 04:49:08,,,24.11.1,YNAB
0ae39330-247b-41a2-96ce-913b3da698b8,Unfortunately couldn't get a good fee for it because both my mortgage company and fidelity can't be synced.,3,1,24.11.1,2024-07-16 19:12:47,"Hey Addison! Thanks for taking the time to leave a review. If you're up for it, we'd love to take a closer look at your Fidelity connection and see what we can do to troubleshoot! Just send us a message at help@ynab.com. - Caity @YNAB",2024-07-31 11:38:44,24.11.1,YNAB
08df5a34-3aaf-4dc6-a3ba-5cc8b337f08e,It's really great! I wish there was a lifetime purchase option. I'd pay 150 dollars for it.,5,1,24.11.1,2024-07-16 17:24:18,,,24.11.1,YNAB
a8c23be0-4b64-444f-a12d-1ed4e829e52d,Continues to bug out for updates and connection to bank accounts. Located in canada. Really expensive app absolutely not worth the money....support was poor.,1,1,24.10.2,2024-07-15 15:21:45,"HI Lindsey, I'm sorry to hear your experience with the support team wasn't up to your expectations. We work hard to provide the best support experience possible and would love another chance to resolve your issues and feedback on where we missed the mark. Send us a message to help@ynab.com to help us out! ~Phil@YNAB",2024-07-22 06:52:48,24.10.2,YNAB
3ac5b44d-69a5-4f3c-a18e-ef2593b9b441,"Mostly fine, but the reporting is garbage. Net worth and age of money are two very odd choices as the only reports. All I want when it comes reporting in the app is a breakdown of where my money is going. Bring the pie/donut chart to the app already.",4,1,24.11.1,2024-07-13 01:15:57,"It's coming! Keep your eyes peeled for app updates over the next couple of weeks, you should see a big glow up on your reporting tab soon. Thanks for using YNAB!",2024-07-14 11:43:21,24.11.1,YNAB
c81a295a-292e-4e39-85fa-335cb7d6c5e3,best budgeting app there is! 😄,5,0,24.11.1,2024-07-12 12:39:40,,,24.11.1,YNAB
cf0c4805-3b25-415f-bf4b-b4436e09cffc,"I love YNAB! Initially, it was a bit challenging to understand, and it took me a few scrap budgets and about a month to really get the hang of it. However, once I did, it quickly became my favorite budget app. YNAB's approach to budgeting and financial planning is intuitive and empowering. The app's features and user-friendly design have made managing my finances so much easier and more effective. Highly recommend it to anyone looking to take control of their budget!",5,11,24.11.1,2024-07-12 08:51:49,,,24.11.1,YNAB
0677cff5-de67-4c9e-98e1-d37cdf4a8679,"Waaaay too complex. The automated systems keep losing money and depicting account balances either thousands too high or thousands too low. I want to like this program, but so far I've run into more problems tracking my money than I have in three decades. Seriously, I did better using yellow legal pads as ledgers.",1,4,24.9.0,2024-07-12 03:43:41,"Thanks for giving YNAB a try, Eric! Have you checked out any of our live free workshops? https://www.ynab.com/free-workshops
You can also write into our support team either from the question mark in the bottom right corner of your app or by emailing help@ynab.com! We have a whole team of real life humans who would love to chat with you!",2024-07-14 11:25:54,24.9.0,YNAB
f48a578c-abec-4ba6-941f-3fad27d8ebb8,"Great app, they are always working on improving it, and excellent customer service. I had an issue with an account syncing but they got me fixed up. There are many knowledgeable people who explain how YNAB works on YouTube and there is also a Facebook group. This is the money/budget app I always wanted but didn't know existed. The app syncs with the website so I can access it anywhere and my husband can too. Has helped me change my mindset on budgeting, spending, and saving in many good ways.",5,16,24.11.1,2024-07-10 18:47:03,,,24.11.1,YNAB
ea4f44e4-35a1-4446-94d5-b044291f885c,"I've been using this app along with the desktop website almost daily for about 4 years now. I'm a big fan of YNAB as it's a great way to keep track of my budget. I just wish that they would include the desktop spending reports on the mobile app, which seems like a big oversight.",4,0,24.10.2,2024-07-10 06:25:22,,,24.10.2,YNAB
ea468faf-c5d2-42ab-8905-341b8aa85d34,This app was a game changer for my family's financial well-being! We were both able to download so we are both always able to see our budgeted categories in real time.,5,0,24.11.1,2024-07-10 05:18:29,,,24.11.1,YNAB
63adff65-8e6b-4e3c-901d-68fb8d5d3183,it's missing a lot but does some things very well. Price keeps going up yet my feature requests aren't getting done.,3,2,24.10.2,2024-07-09 17:02:15,,,24.10.2,YNAB
4a12c309-020e-4366-b523-0772b84d5c96,Very nice app. I like the desktop web app even more. YNAB is a great service that really helps me feel confident in my financial situation.,5,0,24.10.2,2024-07-09 16:53:47,,,24.10.2,YNAB
7438f571-1143-4832-a449-18fdba48b433,The app that makes me control my spending and getting my life on track. I highly recommend using the PC version to get a better picture of your finance and use the phone app to input purchases.,5,0,24.11.1,2024-07-09 10:23:34,,,24.11.1,YNAB
69aa4663-8068-4ea5-a88f-f8d46e323e65,"I've used YNAB since 2019 and it's very disappointing they're raising their prices again with, yet again, no major feature updates. It's pretty clear they have a target market who do not care about the price hike over the past couple of years. not worth the money anymore.",3,3,24.10.2,2024-07-09 05:42:41,,,24.10.2,YNAB
d308edc6-0de4-4f58-be20-5ff65ce29341,Never in my life has making a budget felt so good. I love this app with all my heart. It has completely opened my eyes to my spending habits. I now have clarity and a specific understanding of my money. Every dollar is assigned. I truly feel like I am in charge of my money now. I feel can actually save now for the things I always wanted.,5,0,24.10.2,2024-07-08 19:03:54,,,24.10.2,YNAB
2c5cca5d-99f3-491e-a7e7-b74d4e91484b,fantastic way to easily create a budget that the whole family can participate in. also an easy way to mentor kids and young adults on how to manage their own money. I love the family plan. it allows young adults the opportunity to use a first rate budgetting app for free (piggy backed onto the parents plan) while they start building their own savings plans.,5,0,24.10.2,2024-07-07 04:53:48,,,24.10.2,YNAB
2ab501ca-63c0-4389-aecb-a6e1a17788c6,"Everytime I click the Add Balance, my screen turns dark. Please fix the bug!",1,1,24.10.2,2024-07-06 17:11:12,"Hi Putra, we haven't heard any other reports of that - can you send us a note at help@ynab.com so we can do some more investigating?",2024-07-08 18:10:16,24.10.2,YNAB
c5eae1b9-1d9b-4863-948f-e5c97b172639,Been using YNAB for more than 10 years! Great app,5,0,24.10.2,2024-07-06 15:07:43,,,24.10.2,YNAB
0fba2381-b371-427b-a833-e42f8385c052,Great app,4,0,,2024-07-06 07:02:20,,,,YNAB
eb1b6cf2-e1b8-4975-9b74-953d3db4ee28,fabulous budgeting tool that thinks of everything. keeps things simple and gives every dollar a job. fabulous on line training videos for any points you don't quite understand.,5,0,24.10.2,2024-07-06 02:19:42,,,24.10.2,YNAB
82fb1e33-d930-488c-8bae-db10f1738ebc,Decent app and system. Can't countenance unexplained price increases so often.,2,1,,2024-07-05 19:02:35,,,,YNAB
c91b5bba-a786-46b3-a89b-c4bfe012d007,Brilliant app to monitor your cash flow.,5,0,24.10.2,2024-07-05 12:51:45,,,24.10.2,YNAB
60aee4ed-5e8c-49d7-b0ff-a1c99ea368a0,Priced out. Been using for years but the price increases are at the tipping point. Now at $109 to use this app is no longer reasonable.,2,2,24.10.2,2024-07-05 04:25:33,,,24.10.2,YNAB
c027e69e-a7e6-46fe-84ab-6e95a3450d9f,Keeps wiping out all the info I put in. Waste of time,1,0,24.10.2,2024-07-04 08:33:30,"Hey there, Thanks for sharing your experience- that behavior you're seeing is definitely unexpected! I would love a chance to take a closer look at get you up and running again! Send us a message to help@ynab.com and we'd be happy to work on this! ~Phil@YNAB",2024-07-08 06:12:00,24.10.2,YNAB
b2bf44ec-fc5c-406e-a88a-f128b5262246,This app is seriously a life saver! I've used it for two years now and it's made managing my family's finances so easy! It's crazy how budgeting has made it possible to set savings goals and keep track of expenses. I recommend this app to everyone!,5,0,24.10.2,2024-07-03 09:58:34,,,24.10.2,YNAB
fd9bdb31-4c14-430a-9a7d-2b3ce1af6518,"YNAB was made to help people get out of debt and control their finances. As a program, it works well. However, in the pursuit of profits, they have now priced out their target audience. A someone who has been with them for 8 years, I now may have to drop them because they keep raising the price far above inflation. YNAB if you are reading this, quit making your product more expensive. Please keep it affordable.",3,3,24.10.2,2024-07-01 10:10:43,,,24.10.2,YNAB
3ddebdbd-7c53-4b75-b725-9de3488dc903,"A long time users since YNAB4, another price increase and zero value added to justify. Time to cancel. It makes financial sense NOT to use this product.",1,4,24.10.2,2024-07-01 09:09:12,,,24.10.2,YNAB
70477458-2b92-4312-bb07-0673ca5e1548,"How has my ""lifetime"" discount of $45 a year turned into $110 a year? It'll be $120 a year from now. Keep your money in your budget and find a lower cost alternative.",1,3,24.10.2,2024-07-01 05:41:38,,,24.10.2,YNAB
f92f1f5d-6e89-4380-9aee-2737c87897b8,"After using this for a year I've recently unsubscribed from YNAB, not because it's not good but for the entirely opposite reason, IT REALLY WORKS! Using YNAB for the last year kept my finances in check whilst teaching me to allocate my money correctly over time. For me it worked like training wheels and now it has served it's purpose, I'm now able to manage my finances without support which is what you want from a service like this, use it, train yourself, move on. EXCELLENT APP! ⭐⭐⭐⭐⭐",5,20,24.10.2,2024-07-01 05:19:19,,,24.10.2,YNAB
eab39269-1ceb-4998-a1ac-e9f252a63e14,I've used YNAB for years now. It helped me get out of debt when I was single. Now it plays a critical role in my marriage as my wife and I make financial plans together. I can't possibly recommend it enough. It's changed the trajectory of my financial life.,5,0,24.10.2,2024-06-30 20:46:01,,,24.10.2,YNAB
b2974f8b-d012-4e50-b6f4-b9f15e02d79c,Just give me option to add expenses myself as guest,1,0,24.10.2,2024-06-30 07:40:01,"Thanks for the review and the feedback, Jonasz! It sounds like you want to enter transactions manually (which you can absolutely do), but without an account - that's not something we offer because of the sensitive nature of banking and transaction information. Thanks for giving us a try!",2024-07-01 10:34:30,24.10.2,YNAB
82abe76a-d534-465a-8332-1cbb6ccf16dd,"Misleading, free trial isn't a free app.",1,0,,2024-06-29 17:51:48,"Thanks for leaving a review - we do offer a FREE full-featured 34 day trial! After that, check out this page for pricing details -» https://www.ynab.com/pricing",2024-07-01 10:27:27,,YNAB
83978bc0-f1fc-4674-8d29-dd0e7f61fe18,Fantastic budget app! It has made my life so much easier!,5,0,24.10.2,2024-06-29 12:26:15,,,24.10.2,YNAB
b8ded1bd-af07-4f33-b169-f0ff60a5c162,Smart money starts here.,5,0,24.10.2,2024-06-29 05:42:59,,,24.10.2,YNAB
7796bdb9-b063-4214-a59c-97ead56de9e9,"Amazing tool, just wish I had more report options on mobile.",4,0,24.10.2,2024-06-28 01:22:47,,,24.10.2,YNAB
7ea1629e-8bab-46e8-bcc9-cc35c6da46db,"Can be frustrating to use, and not all banks I require are able to be added properly. Missed cancelling and being able to request a refund within a couple days of the auto-renewal and not able to get a refund. Very disappointed.",1,2,24.9.0,2024-06-26 17:02:47,"Hi Pam, Thanks for sharing your experience. All subscriptions run through the Play Store are subject to Google's refund policy. We'd love to work on those connections to see if we can get them working better for you! Send us a message to help@ynab.com! ~Phil@YNAB",2024-07-22 06:14:56,24.9.0,YNAB
149cc699-6a70-45b7-b3a1-4670b6dbafaf,Revolutionized our family budget planning and keeping track of everything. Also shout out to Hana and the twin nerds ;) in the Ynab YouTube and its community that gives me the feeling that I am not alone 😉♥️,5,0,,2024-06-26 16:13:57,,,,YNAB
57481158-984a-4b71-808f-2f3cb7f572de,I'm not sure about the benefits yet. I'm just moving money around and it looks like I have enough.,4,0,24.9.0,2024-06-26 15:21:11,"HI Kamali, It sounds like you're off to a great start! If you have any questions about what steps to take next, send us a message to help@yanb.com! ~Phil@YNAB",2024-06-25 11:50:40,24.9.0,YNAB
31b1eb8c-8513-4943-84e1-72716cb91767,Amazing budgeting app,5,0,24.9.0,2024-06-26 08:00:16,,,24.9.0,YNAB
1390b5fb-d833-46fb-a87d-cdd434110308,I've used YNAB for personal and business budgeting for years and it's far better than anything else I've used. The app is easy and fun to use.,5,0,24.10.2,2024-06-26 07:20:06,,,24.10.2,YNAB
d3fea4df-dce8-46f7-9ecc-9a2d88c38b0a,Best budgeting app for any budgeting style. It is so easy to see where all my funds are and to give them each a job. I transferred from Mint after using that app for years and now I wish I had transferred sooner!,5,0,24.10.2,2024-06-26 04:14:05,,,24.10.2,YNAB
658c4518-0a6f-42d3-ab04-84c96000ab99,"Very straightforward, does precisely what I want a budgeting app to do",5,0,24.9.0,2024-06-25 11:01:59,,,24.9.0,YNAB
94355291-2d47-4999-84de-8b92f4fc5191,"I love the concept of this app, but not the delivery. I spent about 48 hours trying to figure out why my bank balance did not match YNAB and could never find an answer. Also, it didn't feel super user friendly out the gate which I was warned about - but they also don't have a free version, you get a free trial and then a high monthly subscription. I was excited to try this out but I'm not willing to spend $15/month for ANYTHING that isn't running flawlessly and intuitively.",3,4,,2024-06-24 11:42:03,"HI Jacob,

Thanks for sharing your thoughts here! We'd be happy to help you get your bank balance where it should be and walk with you through any other set-up tasks! Just send us a message to help@ynab.com. ~Phil@YNAB",2024-06-25 05:40:55,,YNAB
a87308f7-8b71-48a8-a9f8-f1a31fce5a2c,"YNAB and its 4 rules have completely changed my relationship to money. When I started using it 3 years ago, we had multiple credit cards with balances we carried over each month. We will be completely free of all credit card debt soon! We have money in the bank for car maintenance, vet bills, Christmas and other gifts, vacations, etc. because we know our true expenses. It feels amazing to pay those things in cash. Thank you YNAB!",5,15,24.9.0,2024-06-22 16:59:12,,,24.9.0,YNAB
fa82f06a-9a0a-4bd2-b3fa-7728148e7f83,budgeting using the 4 rules that govern their budgeting philosophy changed my financial life so much for the better.,5,0,24.9.0,2024-06-21 17:12:27,,,24.9.0,YNAB
c5374bb2-70e3-4cc9-b169-2b0676169816,This app is way too difficult to use. Not user friendly at all. If you have to watch a 1 hour video (which doesn't work BTW) to understand it then it's not worth it. Very expensive as well.,2,1,24.9.0,2024-06-21 06:28:06,"Hi Rick, thanks for your review. If you are having trouble getting started, we'd be more than happy to help out! Send us an email to help@ynab.com and we can chat about getting you up and running! ~Phil@YNAB",2024-06-24 05:43:54,24.9.0,YNAB
27674d5b-eda9-4585-bbd8-bab4056999bb,"The only budget app that works for me. Using it for about a year there is definitely a learning curve but once you have a system in place, its 100% worth it.",5,0,24.9.0,2024-06-19 08:55:03,,,24.9.0,YNAB
253724d0-2ead-445c-863a-c43111a89f0f,"Very intuitive, almost gamefied.",5,0,24.9.0,2024-06-19 06:53:18,,,24.9.0,YNAB
bd28b82a-560c-428b-8ff8-c543dfbc251d,"Revolutionized how I handle my money, I can't recommend this app enough!! I tell everyone I know about it!",5,0,24.9.0,2024-06-18 20:16:09,,,24.9.0,YNAB
222666d1-39f9-4765-968b-e12a6fd99645,Great envelop system,5,0,24.9.0,2024-06-18 14:01:03,,,24.9.0,YNAB
25df7a89-1bb0-4c05-a609-01c2db5a09be,"This is a great app to determine your monthly budget. However, once you do that it doesn't offer much else. It doesn't track your expenditures and how much money you have. Also if you link a bank account it doesn't show pending charges against your balance so you really don't know truly how much money you have left. Again it's a great app to determine your budget but doesn't do much else and I don't think it's worth the high monthly fees. And, as others have mentioned not very intuitive.",2,3,24.9.0,2024-06-18 09:00:07,"Hi J, thanks for sharing your experience. You can track your expenditures, and the balance of your accounts when you add (or import) transactions to your accounts in YNAB. If you're running into trouble with that, send us a note to help@ynab.com! ~Phil@YNAB",2024-06-18 10:27:12,24.9.0,YNAB
7f8212f6-9c86-4f12-826a-804cdb1045d8,"wonderful service. takes a lot to set up, but absolutely life changing",5,0,24.9.0,2024-06-18 06:36:13,,,24.9.0,YNAB
ca690984-e9cf-42ca-b657-e6a4ae7968db,"wicked little budgeting app. ive used it for years with no pause since first getting it. so easy to use, and the methodology behind its use works really well. if you get it i recommend reading up their info on how to use it to best effect! It is based on a certain way of using it - scarcity based budgeting. although if you want to, you can use it any way you want.",5,10,24.9.0,2024-06-18 03:30:07,,,24.9.0,YNAB
d511408c-3619-4294-8647-dcd41c011dc1,"Love this app. Took a little while for me to figure out some things, and there is room for improvement on some things. Overall I still give it five stars.",5,0,24.9.0,2024-06-17 18:03:13,,,24.9.0,YNAB
7a1599b1-a6b7-4dc0-8ee8-e89eca3b4909,"YNAB is such a good budgeting tool. For a reasonable yearly subscription, I finally have a budget that I can stay on top of that makes sense, with all my bank accounts linked to automatically import transactions quickly and easily. The app is continuously improving - I chatted with a support agent about how I was struggling to track a specific part of my budget and a few months later the app got updated with the exact things I had asked for. I would highly recommend YNAB to help with finances.",5,10,24.9.0,2024-06-17 14:51:47,,,24.9.0,YNAB
d61d9eec-cfdb-4168-bc48-57129fb60ca2,The service is great on desktop but I wish the mobile app lets you see your income vs expenses. Feels like the mobile app could do more.,4,0,24.9.0,2024-06-17 11:23:18,,,24.9.0,YNAB
e9761096-2fed-42a0-9c87-303f8ac7c121,"information does not flow consistently from bank, making the app nearly unusable. Support has been reporting that they're ""working on it"" for over 6 months, but there have been no improvements. Definitely not the ""easy to use"" app that is advertised.",2,0,24.9.0,2024-06-17 09:08:17,"HI Heather, thanks for reaching out! Unfortunately, some banks can be tricky to connect with. We provide File-Based import as well as manual entry to help keep your accounts up to date regardless of how well your bank works with Direct Import. If you'd like to explore those options, send us a message to help@ynab.com. ~Phil@YNAB",2024-06-18 05:23:22,24.9.0,YNAB
9932ac19-25b0-40b2-9efc-b5b11f81c7c1,"my only complaint is that the mobile app won't show account balances. What I mean by this is a running balance of each account, including projected future balances. For example, when you view a checking account it will show all the past transactions, pending transactions, and scheduled transactions. It will NOT show what the balance changes to with each of these transactions. The web app does this, but it would be REALLY helpful on mobile.",4,9,24.9.0,2024-06-17 08:24:47,"Hi Shane,

Thanks for sharing! You should be able to see your Account Balances on the accounts tab in the app! If you're having any trouble with that, please write in to help@ynab.com, we'd love to take a closer look! ~Phil@YNAB",2024-06-17 08:17:14,24.9.0,YNAB
072952a3-9381-4768-b70b-89692e34d6cf,still missing essential reports from the webapp,1,0,24.9.0,2024-06-17 00:12:33,,,24.9.0,YNAB
177396b1-d379-4c39-9201-3961569795cf,changed my life. thank you ynab,5,0,24.9.0,2024-06-15 19:40:05,,,24.9.0,YNAB
cd03e64a-6f39-4a8e-ad8d-d784a960f224,"I have enjoyed YNAB for budgeting. But because I was trying to lessen my bills I loved the free version. I didn't need to have my bank linked. It saddens me to see everyone getting rid of free versions. When I could have afforded to, I would have paid on my own for the paid version so I could contribute to others being able to use the free version and get on top of their finances. But, I am now having to pay for the full version and no longer feel that they have our financia goals in mind.",3,5,24.9.0,2024-06-15 08:45:35,,,24.9.0,YNAB
82fdb7b1-ac24-4e9b-a0b8-6ddf0948f21b,"IMO if you're not using some sort of ""envelope system"" then you're not really budgeting. You're just playing catch-up each month. Been there, done that. It doesn't work! As Dave Ramsey would say, you're wondering where your money went instead of telling it where to go (ahead of time). And YNAB is easily the best envelope-style budgeting app there is. Period. Frankly it's not even close.",5,6,24.9.0,2024-06-14 09:10:55,,,24.9.0,YNAB
c55fb31a-6147-44de-9287-8f2496dcd183,"It's a good budget app. However, it lacks the ability to stay up to date with bank information. My bank transactions have been delayed for more than 2 weeks, and I am not gonna sit and write it in, just for them to filter through and be forced to categorize them again. It is also confusing, and I had to watch a YouTube tutorial on how to approach it. It's def a great starter app, but I won't be using it for long.",2,1,24.9.0,2024-06-14 08:21:53,"Hey there! We'd love to help you get your bank connections up and running! Meanwhile, if you manually enter your transactions, when they import they will automatically match- you won't have to do that work twice! Write in to help@ynab.com with details on the connections that aren't working and we'll take a look! ~Phil@YNAB",2024-06-17 05:34:50,24.9.0,YNAB
23fc8b7b-5429-4241-81cc-abae1e41d9d9,"I want to use it, but I'm so strapped for cash (because I need a budget) that I can't even afford the $15 per month they need so I can simply manage my finances without a spreadsheet. I don't even want it to be automatic I hate the whole account linking thing because it's always finicky and out of date.",3,0,24.9.0,2024-06-14 07:14:29,,,24.9.0,YNAB
5c476a5f-3c73-4aa7-8fc3-c43a2d3afc4f,Been using YNAB for 5 plus years. Love it!!@,5,0,24.9.0,2024-06-14 06:54:24,,,24.9.0,YNAB
e4e53cd4-8fa6-4074-a041-cd1c373b3db7,very good,5,0,,2024-06-14 01:47:58,,,,YNAB
9dccd409-9388-412a-a8d9-119db91673e2,"I love this app. It's given me control over my money, plan for both anticipated and unexpected costs, and helps me better understand and prioritise how I spend my money. It's a very hands-on approach - you need to put the effort in to create your budget and maintain it each day/week - but I have found that process to be both liberating and rewarding.",5,0,24.9.0,2024-06-13 23:36:06,,,24.9.0,YNAB
06758ae2-d414-4282-8685-b6d5abfab742,"YNAB has changed the way we use our money! Our family feels so much more comfortable with our financial position by seeing the full picture of our assets and debts. Thanks to YNAB, we have visibility of our where we are spending and where we have opportunities to save our money. Thanks, YNAB team!",5,0,24.9.0,2024-06-12 12:26:43,,,24.9.0,YNAB
7244a4db-73f8-41de-84f5-07689df15918,Love this app. My wife and I find it to be extremely useful.,5,0,24.9.0,2024-06-12 05:30:01,,,24.9.0,YNAB
7dd8eaa8-cb30-4926-9771-02a4a2e58bd1,"I've been using YNAB for over a year now and it's the best app I've been able to find so far. It does have a steep learning curve though, and there are still things that I have asked support about multiple times and don't understand why they don't work in a way that makes sense to me. Maybe it's mostly user error, but it sometimes seems to be more UX-oriented rather than UI-friendly. It would help if there was a more built-in tutorial/explanations of how each element/action works",4,7,24.8.0,2024-06-11 04:39:16,"Hi Cara, thank you for sharing here! If you have any lingering questions, we would be happy to have another chance to clarify, reach out to us at help@ynab.com! ~Phil@YNAB",2024-06-11 10:27:12,24.8.0,YNAB
013a4c51-71b3-453f-98f0-be3c72fbb7a8,"Terr8bly designed. I just want to budget my bills. It has an option to set aside monthly. I don't know what that means. I'm NOT setting aside, I'm paying bills. Why can't it just track that?",1,1,24.8.0,2024-06-10 19:32:45,Thanks for sharing your experience! It sounds like you're setting up targets. They can help you set aside money each month in order to pay your bills and help you set aside money for future expenses as well! We'd be happy to help you get things set up. Write us at help@ynab.com ~Phil@YNAB,2024-06-11 08:45:17,24.8.0,YNAB
a121bf55-7244-4550-9610-2f3b5e6e7b57,Changed my entire life. Been using about 9 years. Never in better financial condition.,5,0,,2024-06-08 10:47:20,,,,YNAB
04cc6915-c5ad-4513-b5c1-ee0ef02bf295,The best way to budget.,5,0,24.8.0,2024-06-08 08:51:14,,,24.8.0,YNAB
87f4896d-1024-4dff-a632-2252f1a341af,YNAB is a game changer!,5,0,24.8.0,2024-06-07 18:41:54,,,24.8.0,YNAB
8b238be4-9d81-427b-a0db-5addf7b1553e,"Using this app is so incredibly frustrating. I absolutely love the idea, but the functionality of the app is poor. Every step of the way something went wrong and I had to find a workaround. I finally gave up after I tried to assign money to a category only to have it debit the category instead. I fixed it and tried again three times, being very careful with how I was doing it, trying different ways... No luck. I'm done.",2,6,24.8.0,2024-06-07 16:39:52,"HI there!

Thanks for sharing your review! If you're running into trouble, we'd love to help out! Send us a message to help@ynab.com. It sounds like you may be running into a situation where you are editing the current amount assigned instead of adding to it- try hitting the + sign before entering the value! ~Phil@YNAB",2024-06-10 07:07:19,24.8.0,YNAB
8a2c3211-d06b-4810-be1c-66b7ea73a976,life-changing,5,0,24.8.0,2024-06-06 23:18:12,,,24.8.0,YNAB
8d8c7265-fb20-464b-b195-65b2dca3254b,"I grew up incredibly poor. I'm still not being paid a wage that keeps up w/ the cost of housing. However, ynab has allowed me to do things & buy things & really have to be accountable to myself for my spending in a way I never would have fathomed was possible. Am I still poor? Yes, but that's why I know the term ""late-stage capitalism"". I don't always feel as poor anymore & b/c of ynab I've seen my dollars do far more than I ever thought possible. Thanks ynab team! Love the helpful videos too!",5,0,24.8.0,2024-06-06 18:25:34,"Hi Sophia! Thanks for the review and for sharing your story.❤️ We're thrilled to hear that YNAB has helped you so much and has made such a positive difference in your life. Please get in touch with us if you ever need anything, okay? That's what we're here for! 😊 - Meghan (help@ynab.com)",2022-02-02 11:01:17,24.8.0,YNAB
5979125a-9a5d-4d15-8ac3-0bf714415957,"Today I really felt the mind shift that comes with YNAB - I hate buying things because I hate racking up debt, even as an active budgeter. I bought some shoes and just knew money was allocated for it. And I'm working towards being a month ahead on bills. It did take me a while to wrap my head around the mental model (esp with credit cards) but there are a lot of free resources and community that have helped, and YNAB has streamlined a lot of things. I was a decades long Excel devotee, no more!",5,3,24.8.0,2024-06-06 17:13:12,,,24.8.0,YNAB
b93fcfcd-ad0d-40c2-a409-50e1cd884819,I love YNAB!! ❤️ I have used it religiously for 3 years and still feel I have only scratched the surface of all it will do. It has definitely kept me on track with my spending plan and helps me stay focused on the financial goals I have set. Highly recommend!!!,5,0,24.8.0,2024-06-06 16:41:08,,,24.8.0,YNAB
dcc949bd-6cc3-4b8e-9334-966146afc503,super easy to use and has helped me build good habits and stay on track with NY financial goals,5,0,24.8.0,2024-06-06 07:10:08,,,24.8.0,YNAB
1474aa1d-09a1-4d3a-8b78-109d4f6a0ae4,"I have been with YNAB since 2014, and it is the best budget program ever... Thank you for keeping me on my goals to be debt free.",5,0,24.8.0,2024-06-06 03:02:39,,,24.8.0,YNAB
31ac8303-be1c-4c49-8a36-b77e3b800b9f,"Great budgeting method. The app is great as well. Missing some report functionality, but that's not a huge deal. Support is a hit or miss. They have a lot of support options, but they sometimes give bad info, which can be frustrating.",4,0,24.8.0,2024-06-05 17:45:03,"Hi Andrew, thanks for sharing your experience. We're always looking to provide the best support possible. Respond to the message that didn't quite hit the mark if you want to share how we could improve or reach out to help@ynab.com ~Phil @ YNAB",2024-06-06 09:13:27,24.8.0,YNAB
c7b7b07c-c324-4ba9-9644-25b18006a319,We've been using YNAB for the past 4 years. It's hands down the BEST budgeting tool I've ever used. It has helped us manage our budgets to the penny and has helped us get a handle on all our expenses. Budgeting and cash flow management is the base of proper financial health. YNAB is our base. Thank you YNAB team!,5,0,24.8.0,2024-06-05 06:15:28,,,24.8.0,YNAB
c212eac0-9fc8-4045-848c-e00dc591c22e,Set a fairly painstaking budget and the whole thing vanished the next time I logged in!,1,2,24.8.0,2024-06-05 03:46:45,"HI JB,

Thanks for sharing your review! Our software doesn't usually do that sort of magic act- write in to help@ynab.com - we'd love to help you get to the bottom of this! ~Phil @ YNAB",2024-06-05 10:21:21,24.8.0,YNAB
c40f79ff-e7cd-464d-8532-e6296b50f436,"great for quick budgeting, but man the reporting really needs work. The age of money is really disappointing when I want to know how much I spent on coffee the last 3 months.",4,1,24.8.0,2024-06-04 10:25:18,"Thanks for the review, Laura! Reports on mobile are something that's high on our team's radar — we know it's something that's important to lots of our users. In the meantime, if you do wanna check out your coffee spend the last 3 months, you can always see that on the web app!",2024-06-04 16:54:42,24.8.0,YNAB
aecfef54-c131-4a40-a0cb-dea91ba6f50a,love the ease and ability to not only keep track of transactions but to set goals and budget.,5,0,24.8.0,2024-06-03 05:59:31,,,24.8.0,YNAB
6ceddf7f-1f67-49b0-b30b-ba21f818175f,needs an option to not try to auto-assign categories,3,0,24.8.0,2024-06-01 11:43:42,"Hi David, thanks for giving YNAB a try! You can turn off auto-categorization if you log into the web app - check out https://support.ynab.com/en_us/categorizing-transactions-a-guide-HyRl60sks for more details, or drop us a note at help@ynab.com. Our support team would be more than happy to help!",2024-06-03 07:15:59,24.8.0,YNAB
8081e8d3-371f-48bf-827b-a4eab90da53b,"The more I used it the more confusing it got, but this might just be harder when trying to budget for 2 people on a single account. The UI doesn't really explain why the budget bars are divided and the credit card payments are very difficult to categorize on mobile. I can spend the same amount of time just using an excel sheet.",2,13,24.7.1,2024-06-01 10:51:43,"Thanks for giving YNAB a try, Nate! We have a robust library of support articles at https://www.ynab.com/help-center, and a team of real humans who live for answering questions like these. Send us a note at help@ynab.com, and we'd be happy to explain why those bars are divided, and help you with that credit card payment on mobile!",2024-06-03 07:05:19,24.7.1,YNAB
e1f2839e-a89c-4eb7-8818-5fe9164f0d12,"Can't delete or start a new budget, the money never match the money you have in your account",1,0,24.8.0,2024-06-01 06:59:10,"Hi Pizza Lord, thanks for giving YNAB a try! You can definitely delete and start as many new budgets as you'd like, and our support team would love to help you with some resources on keeping your account balance in YNAB matched up with your balance in real life. Send us a note at help@ynab.com!",2024-06-03 06:34:01,24.8.0,YNAB
4c339c89-0288-453d-93be-7c127e730b96,"In-depth budget management with sound financial management principals. Extensive training/instructional resources available to break down into simple concepts. Fast and friendly support. I cannot rate this highly enough. An absolute gem of an app, with even better functionality available through the website.",5,2,24.8.0,2024-06-01 00:23:28,,,24.8.0,YNAB
c49a0ddb-9044-4af2-8eb7-5682b75f7916,Used it for years. It is such a fantastic tool for managing our finances; and we never now argue about any spending because it's all predecided in the setup of our budget.,5,0,24.8.0,2024-05-31 13:12:48,,,24.8.0,YNAB
857869b9-3ed3-4971-8cb3-ab8f64395b5a,"I have been using this for years, a fantastic way to budget! Hubby and I have the app and it syncs to each other. So much ability to personalise your categories etc. Yes it's not free, but I couldn't live without it now. 👍🏻",5,0,24.8.0,2024-05-31 12:01:21,,,24.8.0,YNAB
ce48a3ba-c956-4ca5-aff9-393feb60f4cd,read the book,5,0,24.8.0,2024-05-31 11:28:18,,,24.8.0,YNAB
a0b796f6-f044-440b-9feb-59afd639c96f,Way to expensive,1,0,24.8.0,2024-05-30 17:40:12,,,24.8.0,YNAB
7b8a5b1c-bc8b-428b-9e83-2f13e457283b,very easy to use.,5,0,24.8.0,2024-05-30 12:45:50,,,24.8.0,YNAB
c60a0269-481d-42a8-a3cd-70cc433e3c38,"Best budgeting app out there! Plenty of support/training articles, love the UI and ability to set monthly budget amounts by category, as well as the ability to add notes to individual transactions so I can remember what they were for. My only suggestions for additions would be: - ability to attach receipt pics to transactions (overkill I know, but I'm an accountant sooo :'D) - ability to set custom periods (start of month on the 10th) - add tracking-only accounts for net worth calculations",5,4,24.7.2,2024-05-30 08:43:18,,,24.7.2,YNAB
10d3f13b-6ab0-44a3-85ad-aff26480de98,Would give 5 if it didn't cost so much and if there weren't issues with the automatic syncing with my bank.,4,0,24.8.0,2024-05-29 20:41:10,"HI Juan,

Thanks for sharing your thoughts! If you're having trouble with syncing your bank, I'd love it if you wrote in to help@ynab.com- we'd like to take a look! ~Phil@YNAB",2024-05-30 06:06:42,24.8.0,YNAB
721a6dc9-9c01-4c06-a348-0f8d52156404,"The app works well enough on my phone and can be install on my Android tablet. However, when started on the tablet, the app is limited to portrait orientation. This makes it useless when I am using the tablet in landscape orientation.",1,6,24.8.0,2024-05-29 08:03:54,Thanks for sharing your thoughts on using YNAB in landscape orientation. I hope that it continues to be a valuable tool in handling your money. 😊 \- Aubrey @ YNAB,2024-04-22 06:35:46,24.8.0,YNAB
f588be43-503e-4c7b-a2f4-8861ed0e5196,"got our finances in order, best budgeting application!",5,0,24.7.2,2024-05-29 03:55:37,,,24.7.2,YNAB
3d232337-8f78-420b-b718-8f84a49108a3,"Best Budget App Ever. It's a little tricky to wrap your mind around the whole concept, but once you do, it is life changing",5,1,24.7.2,2024-05-27 06:51:26,,,24.7.2,YNAB
627c70ab-ff0a-4f07-b85c-bce126dce9b6,Life-changingly wonderful. How did I live without YNAB?,5,0,24.7.2,2024-05-27 03:55:07,,,24.7.2,YNAB
17e99ae3-7813-4b32-9636-42ef09b9e0b4,"great app and great method, even without being able to connect to bank account",5,0,24.7.2,2024-05-26 23:30:36,,,24.7.2,YNAB
8d5761dc-5a74-4d5f-84f3-bcd8b3114626,Game changer,5,0,24.7.2,2024-05-25 01:38:33,,,24.7.2,YNAB
58fde438-4913-4346-8013-a7ad1f0a940e,It's a whole lifestyle. Totally worth the yearly price once you get into it.,5,0,24.7.2,2024-05-24 15:51:31,,,24.7.2,YNAB
0a61904d-0544-4df8-a920-55597e55b0c1,"I tried for a year. I understand the rigid philosophy but there were a couple areas where it just did not work for me. And I really dislike the credit card handling. I have switched to Monarch. It is much more flexible, and there is danger in that, but it works really well for me.",3,0,24.7.2,2024-05-24 09:29:43,"Hi Chris, if you'd like to chat more about how best to use credit cards in YNAB- or anything else about YNAB or the Method, let us know! Send us an email to help@ynab.com. Otherwise, the best of luck to you whether you use YNAB or not! ~Phil@YNAB",2024-05-28 06:19:46,24.7.2,YNAB
25773fe2-4849-438b-95a5-f7f9085f51f0,I really needed a budget.,5,0,24.7.2,2024-05-24 05:05:06,,,24.7.2,YNAB
b6befef5-fbb5-473b-a08c-563fb2537435,YNAB changed my relationship with money and my life and I could never express how grateful for it I am every day,5,0,24.7.2,2024-05-22 21:13:00,,,24.7.2,YNAB
93a9612b-2746-4901-861a-e737e1fcbfd2,great budgeting software,5,0,24.7.2,2024-05-22 16:36:43,,,24.7.2,YNAB
c12097f1-1ed7-49de-b5fc-21058445ab24,"I'm not a huge fan of the allocating system, especially with credit cards and tracking internal payments from one account to another. It does sync up nicely and allows me to see my spending better. I also don't like that it carries forward positive money in a category but not a negative.",3,4,24.7.2,2024-05-21 09:32:43,"Thanks for your feedback, Anthony! We're glad to hear that it's giving you more visibility into your spending — if you have any questions regarding credit cards or transfer transactions, reach out to our support team at help@ynab.com!",2024-05-22 05:06:51,24.7.2,YNAB
c2479450-1da9-4f6c-9d42-ed6d19add20d,Very useful tool for beginner budget-makers,5,0,24.7.2,2024-05-19 15:37:03,,,24.7.2,YNAB
7a0cf1fa-4778-4e0a-9341-c1bdcb285ff2,YNAB has changed our financial lives! my wife who never understood our finances is now in tune and helps me track and pay bills!,5,0,24.7.2,2024-05-19 08:18:16,,,24.7.2,YNAB
37905118-ed1d-41a0-bb41-3eb7a9c2d192,"It is by far the best budget app I've used. I've been using it for years now. Best feature is, most budget apps will simply go into the red for a line item. But still let you think you have enough in another budget. But you don't, since you're in the red. YNAB encourages you to move money to keep things out of the red. I was able to easily onboard my wife when we started sharing expenses. Price for a year is respectable. I don't see myself ever using anything else.",5,37,24.7.2,2024-05-17 05:11:15,,,24.7.2,YNAB
a464f30d-f2a4-4da6-b1fb-d178818656d7,"It may work to some and might not work to to the others. Not work for me, why? 1. Learning curve. A little complicated even though it's all about budget adjustment. 2. Stressed to see how much can you spend on what. Rather do something more practical: open different checking saving accounts and throw money in there. It's free and you will have certain interest over time. That's to my dumped dumped mind.",3,0,,2024-05-15 19:29:55,"Thanks for the review, Denzel! There's definitely a bit to learn at the beginning, but we have tons of resources available \- free live workshops, a whole library of help articles, and a killer YouTube channel full of hilarious, informative videos. And don't hesitate to reach out to support at help@ynab.com \- they'd be happy to help!",2024-05-16 17:48:16,,YNAB
cbd19c5e-8c42-41d5-b422-6e1a9ff81ca6,"I have not used it much but, I wish I could do percentage based rather than static. A hybrid would be nice. That way I know what percentage I'm spending my money.",3,0,24.7.2,2024-05-15 09:53:36,"Hi Brandon, thanks for giving YNAB a try \- that's great feedback, we appreciate you taking the time to leave it! I've passed it along to our team!",2024-05-19 08:59:52,24.7.2,YNAB
6d77be9f-d776-4471-8bdc-e4eb362cab20,"THIS APP IS 100% PAID. Its a subscription. They offer a one month free trial but after that, you have to pay for the service, there is NO FREE VERSION. Its 15$ a month at that. Edit: reply was just reiterating what i said. This app is not free by any means. Most apps that says ""in app purchases"" offer a free or lite version you may use PAST the free trial you offer. Sorry, but if i need an app to budget my money, i cant afford 15$ a month. Honestly, its false advertising in the play store.",1,5,,2024-05-14 09:15:36,"Hi Jay, thanks for sharing your review! We have both monthly and annual subscription options. Many YNABers report they save far more than the cost of the subscription with the understanding they gain from using YNAB! If you have any other questions, write to help@ynab.com ~Phil@YNAB",2024-05-14 09:10:06,,YNAB
db27537b-cb54-4231-86e1-17ab1af2d05e,Nothing budgets like YNAB,5,0,24.7.2,2024-05-14 08:08:04,,,24.7.2,YNAB
92159514-9d17-4b05-b13a-bad703ebc0e5,"Very well designed app to keep your budget on track, built by people that understand budgeting, not just software.",5,0,24.7.2,2024-05-13 14:13:05,,,24.7.2,YNAB
d531f9cd-38be-4e9a-b9af-aec12b5cc0b4,"Easy-to-use and simple interface, the trainings are super helpful. Love that I can share my budget with my husband and we can both be in the same page.",5,0,24.7.2,2024-05-13 11:34:21,,,24.7.2,YNAB
95d26b25-9ca1-496d-9919-9ec3e2a07c1e,"I can't speak for bank connections because I prefer to input everything by hand, but this app has been an invaluable tool for tracking my money. There are no more mysteries. Hope it will function as well when my fiance and I get married and combine finances.",5,0,24.7.2,2024-05-12 07:47:20,,,24.7.2,YNAB
c85db5fd-cef5-4e91-bb8f-b0858362cfee,Still No support for bunq. Manual add transaction is not a option to match of hessel and unnecessary,1,0,24.7.2,2024-05-11 14:07:45,"Thanks for the review. We don't offer support for Bunq currently but you can use YNAB without a bank connection, if you'd like! - Natalie @ YNAB",2023-05-10 18:57:40,24.7.2,YNAB
a0b01602-4a60-4e82-8710-c189be4e5d70,Transactions imports are constantly delayed and I have to keep reauthorizing the bank credentials. I wouldn't mind but I paid for the subscription to automatically import my transactions.,2,1,24.7.2,2024-05-11 07:14:11,"Hi Derek, Thanks for sharing your experience! If you'd like help troubleshooting your connections, please write in to help@ynab.com, we'd love to take a look! ~Phil@YNAB",2024-05-13 06:37:37,24.7.2,YNAB
780017b0-643a-49fa-957f-dd0ed9479c36,"I strongly endorse this app/service for everyone. During times of financial hardship, it aids me in saving for my bills and progressing financially. It significantly reduces my stress levels while also assisting me in achieving my savings goals. It works for all income levels. In my opinion, the subscription fee is worth it as it does all the above. It is an investment in yourself. I have tried other services and feel they can't do the same thing.",5,6,24.7.2,2024-05-10 16:34:05,,,24.7.2,YNAB
de8a4611-171a-43f8-843f-2f01976a9445,Best thing I have ever purchased,5,0,,2024-05-10 09:46:27,,,,YNAB
d0255e86-561b-415c-9bd8-d2aac1dc6213,Best financial tool for me. Easy to use and love the support.,5,0,24.6.0,2024-05-10 05:08:26,,,24.6.0,YNAB
7d611dae-a7f6-4704-85be-a2778064eb72,"ynab is the best budgeting app. Hands down. Worth every single penny. There is a learning curve since the ynab method is really about changing your habits, but it is worth it. DO IT.",5,0,,2024-05-09 20:03:45,,,,YNAB
12e11a8b-f0da-4610-96b9-653524773827,Changed my life,5,0,,2024-05-09 08:52:19,,,,YNAB
008f7f3d-7269-452c-96c4-90eefc786631,Huge fan for the last several years. Best balance of simplicity and flexibility I've ever found in a budgeting app.,5,0,24.6.0,2024-05-09 07:16:51,,,24.6.0,YNAB
a4a420df-da1f-421a-8b63-a811845d6710,"Brilliant app and the only one I've ever installed that I'm more than happy to pay for! Shocked to see negative reviews, I don't know how I managed without it, certainly wouldn't want to be without it now. Love ynab, it's a game changer",5,0,24.7.2,2024-05-09 05:10:12,,,24.7.2,YNAB
62babce0-f29c-407c-8fe5-d83458198b9e,"I have been with YNAB for 7 years now and they just seem like a money hungry entity these days. Functional product, but they have now overpriced themselves. We were promised 'Legacy' accounts at a cheaper price only to have that be a lie and they have more than doubled the price of the product. I'm concerned for what lies ahead as far as pricing goes. To be clear, the product does a good job of keeping track of your finances. However, the product isn't worth what they are charging anymore.",2,4,24.7.1,2024-05-08 17:44:22,,,24.7.1,YNAB
673bc903-34c3-48bd-b9f8-29e8a8419277,"Life-changing, stress-reducing app. I love being about to account for every dollar before I need it, and create a plan for any new things too. I'm also quite obsessed with watching the age of my money grow...and that is something I never thought I'd say! Financial health is a big part of overall well-being. Love YNAB!",5,1,24.7.1,2024-05-08 16:58:33,,,24.7.1,YNAB
65165c10-a045-4efa-9651-d269e2734ca0,Life Changing approach to budgeting and finances,5,0,24.7.1,2024-05-08 06:11:10,,,24.7.1,YNAB
1596ca7e-0500-488e-9bf1-308f4b403c3b,I needed a budget.,5,0,24.7.1,2024-05-08 02:54:45,,,24.7.1,YNAB
deb07efe-c544-435c-a201-a16fa3e22013,"It is a little intense. Persevere through it and a healthy future awaits. It is easier if you single doing one budget for yourself. You have to think a lot harder if it is a household budget you plan to share with a partner. It forces you to think where your money is going. As for the app. The team has worked really hard to make the app as easy as possible. The support staff is very helpful to walk you through your problems. A+ support, not just app but also web. We have had multiple sessions.",4,4,24.5.0,2024-05-07 11:20:21,"HI Shreyas,

Thanks for sharing your thoughts! We'd love to help out if you run into trouble using the app alone or with another member of your household! If you have any questions, share them with us at help@YNAB.com ~Phil@YNAB",2024-05-07 10:38:54,24.5.0,YNAB
21460e38-68b5-4e75-bf9e-0599aaf318f6,Costs 18.99/ month it's too much.,1,2,24.6.0,2024-05-07 10:04:58,"HI Kaiyla,
After you complete a 34 day free trial, we have monthly and annual subscription options to choose from that can help you save money. Check out our current pricing options at https://www.ynab.com/pricing. ~Phil@YNAB",2024-05-07 06:16:09,24.6.0,YNAB
768fd0d0-f518-45eb-8c47-2ccdc1344236,"My wife and I have been using this software for many years now and it has been great to help keep us on the same page. It's cross platform, syncs accounts, and is intuitive.",5,1,24.6.0,2024-05-07 07:33:03,,,24.6.0,YNAB
50106627-cd10-49cb-9c97-b744d46781e6,This is currently the best budgeting app on the market,5,0,24.6.0,2024-05-06 04:53:59,,,24.6.0,YNAB
71021aac-499d-4fc1-8f86-23478c0d35b1,Please add biweekly targets!,4,0,,2024-05-06 00:29:47,,,,YNAB
2e856914-97fd-4bde-8663-b7d86f986c7f,"This program changed my life. I now have financial peace, and I attribute it to YNAB.",5,0,24.6.0,2024-05-05 10:40:30,,,24.6.0,YNAB
29da2990-b3f1-4c28-92b4-c288cc21f859,awesome,5,0,24.6.0,2024-05-05 06:05:44,,,24.6.0,YNAB
e359448b-e7a7-4159-a5f4-2ecc92b46441,great method for budgeting. tried a lot and this is the best.,5,0,24.6.0,2024-05-04 15:00:17,,,24.6.0,YNAB
a163632b-541d-4700-ae4b-f6c7ccafbc4b,"It takes some getting used to, but I wouldn't use ANY other budgeting app. It's impossible to go over budget with the methodology. Everything syncs and rolls up clean (even if you don't understand why at first). Makes you think about money differently. I believe the methodology is rooted in double entry accounting, but it's woven into how the app calculates your transactions and presents the money you have left. Fantastic!",5,42,24.6.0,2024-05-04 13:18:27,"HI Ted,

I'm glad to hear that you've found YNAB to be so helpful! IF you \(or anyone else\) gets stuck with getting started or if you have any questions, please feel free to write to us at help@YNAB.com, we love the opportunity to help out! ~Phil@YNAB",2024-05-07 05:32:27,24.6.0,YNAB
5e3bc688-1878-4613-a1ad-2b0fed8cc542,Easy,5,0,24.6.0,2024-05-04 12:39:09,,,24.6.0,YNAB
6ab14492-f8a0-4bb7-8648-de583525f863,"1. Updates on app and web app are slow, I wouldn't mind if I wasn't paying a subscription. 2. Can not authorise any accounts with true layer. Doesn't work.",1,3,,2024-05-04 11:13:16,"Thanks for reaching out about this! If you're having trouble with getting your accounts linked, please write in to help@ynab.com, we'd love to work on those connections! ~Phil@YNAB",2024-05-07 05:29:58,,YNAB
72defd77-79f3-43fc-ac92-132adb8e171c,"This is the only budget app that actually works for us. It's a digital envelope system and it makes so much easier manage a budget between two people. This app allows us to assign every dollar a job, helps keep track of annual subscriptions so we are not taken by surprise, and safely use credit cards. Be sure to watch the setup video it is very very helpful. Budgeting requires constant attention to your money and every purchase. This app allows multiple people do just that. Worth every penny.",5,13,24.6.0,2024-05-04 08:11:38,,,24.6.0,YNAB
6573126b-3c8d-4a3a-b92a-889497209bd8,easy to form a habit of checking on your money with this app,5,0,24.6.0,2024-05-03 18:19:45,,,24.6.0,YNAB
529c76da-05f3-4902-ab63-27aa909bd3a2,Can't live without it!,5,0,24.6.0,2024-05-03 07:56:52,,,24.6.0,YNAB
7a5d20f7-d30f-45e4-b3bd-3ad69bf77290,game atale,5,0,24.6.0,2024-05-03 02:09:53,,,24.6.0,YNAB
3f8127fe-ca8f-4ea2-b5c1-e0a390bd44ff,"Best budget app! My wife and I are debt free and on track. It's a good feeling, especially worth this lousy economy!",5,0,24.6.0,2024-05-02 17:58:43,,,24.6.0,YNAB
02bd006b-cc9e-4438-b563-55f0af13e6e2,Used this 10 years ago and it helped me save a lot of money by adding clarity to my cash and my spending. Great user interface and app :),5,0,24.6.0,2024-05-02 06:37:48,,,24.6.0,YNAB
6e8b6acf-cc31-4caa-9fec-5fb7ae9e3e5e,"I must have tried this a couple years back, I don't remember. Filled out all this information and was told another account had a free trial before so I'd have to pay before I could see anything. I probably would have designed this different. I'd show everything the user could have access to but lock those features. I just can't justify signing up for a subscription without seeing what the app does. Uninstalled the app, I'll try something else.",2,3,,2024-05-02 06:20:40,We appreciate you taking the time to write a review! We offer a 34 day full\-featured free trial that we'd love to get sorted out for you so you can try it again. Send us a note at help@ynab.com and our support team would love to get you set up! Caitlin @YNAB,2024-05-06 07:59:28,,YNAB
780ce367-367a-4ab0-802b-f91a2a3a9b8d,Paid only,1,1,24.6.0,2024-05-02 01:46:05,"Hi Nour, thanks for checking out YNAB! We do offer a 34 day free trial, but after that it is indeed a paid app. You can see all the details at https://www.ynab.com/pricing. Caitlin @YNAB",2024-05-06 07:54:14,24.6.0,YNAB
e5a2507f-d4f6-4d7c-aae2-e7bd01e63468,Without this app I would be lost at sea. A North star in the darkest of waveless nights. As our categories turn green the wind fills our sails and we are on our way to land once again.,5,0,24.6.0,2024-05-01 21:08:02,"Couldn't have said it better ourselves, Daniel! :chefskiss:",2024-05-06 07:52:04,24.6.0,YNAB
f60f80c6-f12d-45c4-924d-56d703919d45,"Great app so far, just wish you had the option for Bi-weekly. Since I get paid every two weeks, that's how I get billed by a lot of companies.",5,0,24.6.0,2024-05-01 09:53:45,,,24.6.0,YNAB
6d69dbfd-7545-4a48-b286-2b7237cfda05,Must have app for anyone trying to maintain an envelope type budget method in a digital world,5,0,24.6.0,2024-05-01 06:40:05,,,24.6.0,YNAB
a57e8f00-1c28-4fd9-b1ae-7400bc8a10dc,still trying to figure it out but I'm sticking with it after over a month it's nice to be able to go in and get the categories set up. I need to go back and watch some of the live sessions. I don't think I'm using it to its fullest abilities yet.,5,1,24.6.0,2024-05-01 03:53:05,,,24.6.0,YNAB
537f1239-6a80-4b90-bdf7-632070737ee8,"Really neat how it lays out your money once you connect your bak accounts. However there is little if no tutorial & once you assign your money somewhere, good luck reassigning it to a category more accurate. Best advice I have is to delete all categories before assigning anything. Create folder names that work for you, then assign. It's a pain to figure out and it's very disappointing considering how much you pay for the app after the free trial - now mine is inaccurate for who knows how long.",3,3,24.6.0,2024-04-30 13:22:22,"Hi Logan

Thanks for sharing your experience! If you have any questions about moving money between categories or getting your categories set up in a way that makes the most sense to you, we'd love to help out! Send us an email to help@ynab.com ~Phil@YNAB",2024-05-09 06:03:21,24.6.0,YNAB
1717b13a-8bfa-48f0-ae68-c97afa782467,love this app. worth the money. awesome support from the team,5,0,24.6.0,2024-04-30 11:18:52,,,24.6.0,YNAB
19620aaa-066b-408b-a277-0fb65e3f11fe,Goated app idk why's there no review though.,5,0,24.6.0,2024-04-30 07:05:58,,,24.6.0,YNAB
7e086bf2-7611-4a72-bb8b-83da922aa72c,It's been quite a while since I use it. Why are there no more graphs on mobile? Like charts with spending categories.,4,0,24.6.0,2024-04-30 00:00:17,"Hey Adrian! Thanks for this review! You're right \- some banks aren't available through our import provider. If you'd like to talk through your transaction import/entry options, feel free to chat in or email us at help@ynab.com! \- Kat @ YNAB",2023-07-24 06:32:10,24.6.0,YNAB
8ac27459-32cd-4720-b31c-001e7faea536,I've been using YNAB since 2011. I have recommended it to dozens of people over the years. My wife and I couldn't imagine managing our finances without it.,5,0,24.6.0,2024-04-29 08:34:07,,,24.6.0,YNAB
9ed739a0-7ee2-48c6-8f86-63eb74e743c8,"Comming over from Everydollar, it takes some getting used to, but now that I understand how the app works and assigns money, it has been a great budgeting tool. I find the approach YNAB tasks to assigning money makes it much easier to truly understand when I've accounted for my necessities and can start putting money away for savings.",5,2,24.6.0,2024-04-29 06:06:35,,,24.6.0,YNAB
8c920203-aff1-401d-86c7-8d3d75273cab,"Change the way you are with your money (or lack of it) and take control to put your priorities first! That's what YNAB has done for us. It was a challenge to stop looking at bank balances and saying that's what I had to spend, but once I got it, wow! Very helpful staff, trainers, and videos... Facebook groups is also super responsive.",5,0,24.6.0,2024-04-28 09:42:32,,,24.6.0,YNAB
cb933c45-7442-4bea-8d75-02bb781f36c5,Life-changing. Watch the tutorials and just get it.,5,1,24.6.0,2024-04-27 20:14:37,,,24.6.0,YNAB
3abff55c-b0d1-4500-b2d4-d718fa8989a9,this app is amazing I have been using it for 6 months and it has saved me thousands. I hated it for the first week. but once I learned and understood how it worked. it was an absolute game changer. I can't recommend this app enough.,5,0,24.6.0,2024-04-27 15:53:00,"HI Thomas,

Thanks for sharing! Learning new software and a new way to manage money can definitely be tricky! If you or anyone else runs into trouble getting started \(or later on\) please reach out to help@ynab.com. We'd love to help clarify things and help you love the app! ~Phil@YNAB",2024-05-07 05:50:38,24.6.0,YNAB
937a06da-139b-488a-8ad5-21d70f54472f,"100% worthwhile. There is definitely a learning curve, but the YouTube videos, the YNAB support folks, and the fantastic reddit community make it doable. Once you have it, it's a game changer.",5,0,24.6.0,2024-04-27 12:00:44,,,24.6.0,YNAB
c3c6c5d3-88d4-4b9e-b5ed-a7eebeb97a86,Uses plaid. I cannot connect my bank as it doesnt support plaid.,1,1,24.6.0,2024-04-26 15:44:22,"HI there!

Thanks for reaching out about this! We work with a few import providers and we would love to work to get you connected! Send us a message to help@ynab.com to see if one of our other import providers support your bank! ~Phil@YNAB",2024-05-07 06:25:00,24.6.0,YNAB
1c026778-e7bb-4a54-a737-734850cbd024,It was boring,1,0,24.6.0,2024-04-26 12:55:59,"HI there! YNAB is meant to transform your relationship with money so you can love the way you spend! If you missed that mark for you, we'd love to hear what you were looking for in the app. Write to us at help@YNAB.com ~Phil@YNAB",2024-05-13 05:42:47,24.6.0,YNAB
96bcaa3b-ce2b-44ef-839f-31eb529bfc84,"Great concept, mediocre execution. The app and website honestly are way behind the times based on features, so you're not paying for anything special except permission to use the concept. 🤷🏼‍♀️ I like the concept but I won't be renewing unless they catch up with their app and website. At least make it easier to use and have all features transferred seamlessly. The app is more difficult to use than necessary.",3,15,24.6.0,2024-04-26 10:29:15,"HI Jessi,

Thanks for reaching out about this! If you have any questions about how to use the app or the web app, we'd be happy to help out! Send us a message to help@ynab.com. ~Phil@YNAB",2024-05-07 06:28:20,24.6.0,YNAB
2efcc363-e4fc-48a4-9c90-c8d7ab1c7842,Great app! I've been using YNAB for over a year now and it's awesome.,5,0,24.6.0,2024-04-26 05:35:58,,,24.6.0,YNAB
7177f035-262e-4425-9ab9-4cf0cf4640bb,this is so much more than a budgeting app. saved my life and my money during divorce. so incredibly useful and smart,5,0,24.5.0,2024-04-26 05:07:06,"HI Barbara,

We love hearing about the ways YNAB has changed the world, and your story is one great way! We're glad we could be with you during a difficult time. If you have any questions in the future, reach out to us at help@ynab.com! ~Phil@YNAB",2024-05-07 06:30:12,24.5.0,YNAB
477dc7e2-83f0-43d5-ab49-ae86120da4e2,"Been using for years, hard to replace",5,0,24.6.0,2024-04-26 01:39:54,,,24.6.0,YNAB
faf15661-6e67-4244-8b64-ffd462388c12,"YNAB is the Best app for managing your finances! I have been using YNAB for 2yrs and 8 months. I have fun giving every dollar a job, reconciling, planning for my expenses just by following the YNAB four rules.",5,0,24.6.0,2024-04-25 19:06:36,,,24.6.0,YNAB
0045028a-efc0-4a9d-ac95-d91366ceeccc,Great app!,5,0,24.6.0,2024-04-25 12:35:58,,,24.6.0,YNAB
1e9b7d51-9762-469c-934c-20b9ef16b946,"the app is fine though I definitely prefer the iOS apps to this android version I'm using. much more buggy and less snappy. also, it is really disappointing to not have an app optimized for the Pixel tablet screen.",3,4,24.6.0,2024-04-25 03:47:56,Thanks for sharing Joey! We'd love to chat with you about whatever bugs or slowdown you're experiencing in the Android app! Send us a message to help@ynab.com with more details and we'd love to dig into that with you! ~Phil@YNAB,2024-04-25 06:20:18,24.6.0,YNAB
472b86a1-3a60-46c8-bd90-67ba3e7ce38c,"If you are willing to put in the time to get all your stuff straight, this is a good tool. Spent several hours over multiple days fine tubing and tweaking my budget. Now will have to just wait and see how it plays out. Widget could be better. At the very least, you should fix the bug that doesn't let the Assignable income be listed on the widget.",4,0,24.6.0,2024-04-24 13:19:24,"Hi Andrew, thanks so much giving YNAB a try, and for taking time to leave a review! I've passed your feedback along to our designers about the widget, most of our improvements come from user suggestions, so we love to hear it! Caitlin at YNAB",2024-05-06 06:59:27,24.6.0,YNAB
38fec67e-4fc3-46c2-86e6-9541a25c8b94,"Just so people know, this is a paid app. You get a trial and then you pay. There is no real free option other than its free to download. I do not want another subscription to manage money to try to save money. Counterproductive when I can use Excel/Google sheets for free. Not as pretty, a little more time, but functional.",3,0,,2024-04-24 03:25:51,"Hi Ayame, thanks for the review! We do offer a 34\-day free trial so that you have an entire month to get the full YNAB experience before you decide to subscribe. All of our pricing is laid out at https://www.ynab.com/pricing. If you need a hand with your subscription at all, feel free to email us at help@ynab.com! Caitlin @YNAB",2024-04-20 09:55:59,,YNAB
8c12c25e-ea0a-4932-8466-21ecdaf1a7bd,"YNAB can completely change the way you think about your money, it helped me get out of debt, start a savings account, and ultimately buy a house. I've been using it for years and it more than pays for itself",5,1,24.6.0,2024-04-23 17:23:28,"Hi Jamie, I'm so glad to hear that YNAB has helped you pursue your goals like getting out of debt and buying a house! What awesome things to be able to accomplish, way to go!",2024-04-24 05:29:17,24.6.0,YNAB
18b34046-fdaa-408a-9d3c-62fae0a6f487,You have to pay for this app. I'm trying to budget not add another expense. Before signing up it should let me know instead of figuring out how to cancel my account. 🤦🏻‍♀️,1,1,24.6.0,2024-04-23 04:11:54,"Hi Marlen, thanks for giving YNAB a try. We do offer a 34 day free trial, but you're right, after that it is a paid app. If you have any trouble cancelling or if we can help with anything else, give us a shout at help@ynab.com! Caitlin at YNAB",2024-05-06 05:47:57,24.6.0,YNAB
b8a368e9-8a64-42cf-ab8c-6c36bb2d46f7,the best budget app. the only shame is that the platform is not in Spanish,5,0,24.6.0,2024-04-22 19:12:46,,,24.6.0,YNAB
7ea2548b-4837-4b6e-927a-eac7120e6dd1,"Can't sync all accounts, mortgage accounts are particularly odd. If I wanted to record my own transactions I wouldn't be looking at an app, where I can automate.",1,0,24.6.0,2024-04-22 12:59:26,"Hi Tim, thanks for sharing! Some account types aren't available because banks report information for them differently. For mortgage accounts, recording/importing a mortgage payment in your checking account will automatically adjust the balance on your loan account as well! If you have questions about that, write us at help@ynab.com. Phil@YNAB",2024-04-23 05:36:57,24.6.0,YNAB
c4e86cdf-f2fa-483d-a9fb-fb977de7ce07,"Just started. Not sure if we'll continue. The UI is terrible. Super noisy. Mobile is worse. There is no way to navigate directly from the budget view (Gas, Bills, etc...) to the transactions currently mapped to that budget category. This seems like a budgeting tool basic. Users should always be able to navigate up and down, that is, go from a higher level category and drill all the way down to he transaction. Adding users to my budget requires them to also pay for a YNAB subscription?",2,9,24.6.0,2024-04-21 20:25:04,"HI Jordan,
Thanks for your review! I wanted to let you know you can go directly from a category to the transactions that took place in that category by clicking/tapping on Activity. That can be found in slightly different places on web and the app, so if you are curious about more info, write to us at help@ynab.com. Phil from YNAB",2024-04-22 09:25:10,24.6.0,YNAB
00fc321a-67c8-4813-8c97-a32f73f832c8,Great app to visualize your budget. can get a little complicated at times. but worth it if your bank is on the list that will auto-import transactions.,4,1,24.6.0,2024-04-21 09:16:28,"HI Jake,

I'm glad to hear you've had a good experience with the app! If you have any questions about anything that is giving you trouble, feel free to reach out at help@ynab.com, we'd love to help out! Phil from YNAB",2024-04-22 05:34:51,24.6.0,YNAB
96270464-0dfb-4fe2-87d1-5561cfd7c05b,"horrible, worst experience Ive had in my life. way too overcomplicated..nothing like Mint at all",1,0,24.6.0,2024-04-20 10:49:00,"Hi Christopher, thanks for trying YNAB, and sorry to hear it wasn't a good fit. You're absolutely right, we're not at all like Mint \- we help you love the way you spend your money, instead of looking back at what happened. If you ever want to give it another shot, reach out to us at help@ynab.com for personalized help and resources! Caitlin @YNAB",2024-04-20 19:33:30,24.6.0,YNAB
f7c0b018-714b-4310-9d08-21bf1056fddc,"The best budgeting software EVER, and I've used them all!",5,0,24.6.0,2024-04-20 03:17:16,,,24.6.0,YNAB
34045fc3-c21f-49f5-95b8-062da7d7efdc,"I have used YNAB for years and I'm satisfied with the interface and reports. Thanks to YNAB I can monitor and plan my spending with flexibility. Although it a budgeting software I also use it to track my investments. It's not free, yet I find it worth the annual fee for the benefit I get.",5,0,24.6.0,2024-04-19 03:09:00,,,24.6.0,YNAB
b9c98992-91a3-4da0-9117-b7e92264bb00,amazing app for tracking your expenses.,5,0,24.6.0,2024-04-18 22:52:28,,,24.6.0,YNAB
ef422fba-86d7-4c9d-8d44-f1b7c2bb0935,Best budgeting app ever!,5,0,24.6.0,2024-04-18 20:18:03,,,24.6.0,YNAB
26e60d94-5ed1-4be9-b415-c634724efa4a,people living without YNAB are living wrong,5,0,24.6.0,2024-04-18 07:17:29,,,24.6.0,YNAB
0b180735-f4ef-4c1a-beaf-25d690501a32,Did not download,1,0,,2024-04-17 14:34:50,"We’re sorry you had trouble using our app! If you’d like, you’re welcome to send us more details about your experience to help@ynab.com. We’d be happy to see if there’s a solution for you. ~Angela @ YNAB",2024-04-18 04:11:44,,YNAB
20afe88d-84db-41a4-b3f6-be8f272e23fe,Best budgeting app I have ever used!,5,0,24.4.1,2024-04-17 12:11:39,,,24.4.1,YNAB
5e7ce756-42bd-4c02-b230-4d6486671d8c,"Love the idea and concept. Would give 5 stars, but the app is extremely difficult to use on a cell phone. Works so much better on a PC.",3,2,24.5.0,2024-04-16 17:23:07,"Hi there!
Thanks for letting us know you find it easier to use on the PC than on the phone. The phone and web versions automatically sync together so you can use whichever platform you like best! We'd also love to see if we can help make things smoother for you there! Send us an email at help@ynab.com! Thanks! Phil from YNAB",2024-04-18 06:38:39,24.5.0,YNAB
74020dca-c69b-4487-b040-de9f712527e6,This app really helped me get a grip on my finances and plan better. It could be a bit better on some small technical comforts but nevertheless it is great.,4,0,24.5.0,2024-04-16 16:19:44,"Hi Yahav,
Thanks for sharing your thoughts on the app! If you would like to share some more specific feedback about what technical comforts would be good for you, please send us an email at help@ynab.com! Thanks! Phil from YNAB",2024-04-17 06:28:31,24.5.0,YNAB
9336d4d8-6c49-4127-a795-c060e212ee16,"Have been using the app for about a week now, and so far, really not impressed with the overall design. The buttons and their functions are very unintuitive.",2,0,24.5.0,2024-04-16 15:01:57,"Hi Anton,
Thanks for sharing your experience with YNAB. I'm sorry to hear you're finding the design to be unintuitive. If you have a chance, send an email to us at help@ynab.com we'd love to walk with you through any confusion you may be experiencing! Phil from YNAB",2024-04-17 06:27:03,24.5.0,YNAB
a2c0ed3e-4b95-4e7c-965c-f93dc3e37bad,Love this app. Worth every penny.,5,0,24.6.0,2024-04-16 11:07:49,,,24.6.0,YNAB
0606600d-c0f8-4f0c-a8b9-3b1527726589,Doesn't even have a free tier,2,0,24.5.0,2024-04-15 11:54:19,,,24.5.0,YNAB
dc7b7dc0-2290-4b3f-8810-61917dbc0491,A budget app shouldn't cost so much,3,0,,2024-04-13 09:42:41,,,,YNAB
d0e97fcb-5d94-46c2-9302-8ed26de70f48,a dealbreaker for me is the use of plaid to link my accounts. it simply does not support my financial institutions.,3,1,24.5.0,2024-04-12 20:42:08,"Hi Tiffany, while I can't guarantee this will help, we do work with another import provider. If you reach out to help@ynab.com they can tell you if the other option might work better for you! Angela @ YNAB",2024-04-16 09:47:51,24.5.0,YNAB
ed3a2470-372e-4bbc-b4dc-60ab272f2e8f,I love this budgeting app! So much better than Mint as I can plan spending based on the four rules instead of seeing what happens after the fact!,5,0,24.5.0,2024-04-11 21:04:22,,,24.5.0,YNAB
d6b52e44-b207-445d-ae8f-bce41e6d4040,"It took me a couple months to really get into it, but using this app has significantly helped me gain control of where my money is going. I feel much more confident spending on things I care about and found it a lot easier to cut random spending once I was consciously tracking it. Well worth the annual subscription.",5,8,24.5.0,2024-04-11 07:44:25,,,24.5.0,YNAB
824c17bc-1285-4d73-b709-83d54eced11f,Price point is much better. Great app overall.,5,1,24.5.0,2024-04-11 06:52:11,"Hi Whit — Thanks for sharing your thoughts. We believe the new price better reflects the work that goes into the app, as well as the support and education we offer, but we understand if that doesn't fit your needs. Thanks for giving YNAB a try, and we wish you luck with whatever budgeting tool you use! ~ Kelly M @ YNAB",2022-01-04 23:08:06,24.5.0,YNAB
66bc417d-c5da-4d2b-9f1a-879c95f19626,completely changed the way I see money,5,0,24.5.0,2024-04-10 22:25:51,,,24.5.0,YNAB
6b5a34a1-cccd-40cb-8530-88ebd864b9bb,Super,3,0,6.19.7,2024-04-09 08:23:15,,,6.19.7,YNAB
4119f16a-4122-43f2-872f-07d8e32f8553,"I really wanted to like this because I heard such good things about it from family. However, I think it just didn't fit my account setup and preferred budgeting style. I like to pay things off per paycheck so I know how much I have to spend every week. However, the dates that YNAB lists purchases and clears them is confusing, and having middle-man accounts like PayPal when you also have PayPal Credit just makes it worse. Just the loan and credit payment system is hard to understand.",3,4,24.5.0,2024-04-08 23:49:38,"Hi Alyssa! Please thank your family for recommending us 😃 If you're interested in figuring out those workflows that tripped you up, our support team would be happy to help! They don't sound like anything that can't be resolved. - Angela @ YNAB",2024-04-18 06:39:54,24.5.0,YNAB
32b0849a-356e-4f4e-8e5c-793f64c9aa5e,"This is a great budget app, full stop. I like that it deals only with money you actually have, which is an issue I had with Everydollar. I have one big complaint though. I signed up for the yearly subscription, and I thought I'd already paid. Either way, the app auto-adds a budget item for the subscription but sets the due date for NEXT YEAR. I have to reshuffle my money to cover the subscription. I'd also like to see a one-time paid lifetime license rather than a perpetual yearly arrangement",4,12,24.5.0,2024-04-07 17:31:23,"Oh that's good feedback about the target! Since we want you to be ready for those non\-monthly expenses it feels a bit like we set you up for failure there. I'll pass that along to the team. Glad you're loving YNAB otherwise, though! \- Angela @ YNAB",2024-04-10 03:23:41,24.5.0,YNAB
1524be03-7a0f-4029-8b5e-94132ca0d854,a well formatted and easy to understand budgeting app,5,0,24.5.0,2024-04-07 14:47:50,,,24.5.0,YNAB
3851d63e-7742-4b40-9f6e-2ec408715f4d,best budget I've ever used!,5,0,24.5.0,2024-04-07 14:08:27,,,24.5.0,YNAB
c93c859d-a31f-4e54-a828-e6ec22c6be40,"Best finance app I've used. Helps me to keep track of my spending, budget, and all my money, instantly.",5,1,24.5.0,2024-04-06 13:44:40,,,24.5.0,YNAB
87bf0a03-2c0a-4b07-85c3-4fdb045d6cba,"outstanding app, the automatic transfers save so much time budgeting",5,0,24.5.0,2024-04-06 13:39:34,,,24.5.0,YNAB
2eadebd9-df5a-482a-ba6b-35407f1af082,"It has changed my life. Though the website is much more robust than the app, the app is very useful.",5,0,24.5.0,2024-04-06 08:51:42,,,24.5.0,YNAB
455759c7-89bb-4950-a12c-2dc3fa9b7738,"sometimes the 'move money' functionality confuses me and gets all weird, but otherwise, great app!",4,0,24.5.0,2024-04-06 06:28:28,"Hi Ian! If you ever want help when what you're seeing doesn't make sense, email us at help@ynab.com and we'll be happy to review it with you. \- Angela @ YNAB",2024-04-11 06:45:28,24.5.0,YNAB
5f43f42d-1bee-4c54-af05-4474e41c2532,"Practical and easy to adapt when starting, and excellent tool to track the budget for sound finances because the app make easy to set the budget and to take the money of each account and debt.",5,0,24.5.0,2024-04-05 17:51:03,,,24.5.0,YNAB
061acfbc-9f7c-404b-a8c7-b9cd7bc8d19a,"Been using for over a month. And I want to ask this app, ""where have you been all my life?"" I am nearly 50, and this is the first time I have had complete control over my finances. It takes a little practice but their support staff and training vids are excellent. No other app comes close!",5,0,24.5.0,2024-04-05 16:27:45,,,24.5.0,YNAB
641f88a3-747e-46cb-ae56-97b1cdca3cc5,"When did this become a paid thing? Is there no free option, looks like I won't be using this app again.",1,0,,2024-04-05 09:48:13,"HI Bridgette,

Thanks for your review! After your free trial ends, there is a subscription option to continue using YNAB. You can find details about our subscription options and cost at ynab.com/pricing. If you have any questions, feel free to write in to help@ynab.com! -Angela @YNAB",2024-04-22 04:52:05,,YNAB
3417feab-6d25-4927-882d-5058d9435028,this app was very life/budget changing. I recommend to everyone.,5,0,24.5.0,2024-04-05 05:43:48,,,24.5.0,YNAB
5d005da0-d6de-4926-9a1f-031e6838dcd6,"I have used YNAB for years, so easy to use and very reliable. Time saver!",5,0,24.5.0,2024-04-05 05:08:28,,,24.5.0,YNAB
2d2d8105-1002-4afb-a9a4-09902b01b0d8,"not as robust or as good as The web app. when paying off my credit card I have to go to the web app because I can't find the category and the phone app. otherwise this is fantastic. I've been able to accurately pay so many bills, and plan for surprises. I've only been using this since February (two whole months) and it's been a game changer. I came from mint and mint was really not good at helping me save money, just tracking money, so less of a budgeting tool and more of a tracking tool.",4,18,24.5.0,2024-04-04 08:22:28,,,24.5.0,YNAB
9d73004b-abf2-4c35-b372-4847abd04eaa,YNAB has helped me get my financial life back on track!,5,0,24.5.0,2024-04-04 04:11:52,,,24.5.0,YNAB
dfcc6446-a762-4c02-91f3-9d76396a9793,I think the program (and the people behind it) just works. I don't think it is the 4 rules. Or the cute videos. Both of those do help. Maybe YNAB is a honestly motivator - across multiple users and budgets - keeping us accountable.,5,0,24.4.1,2024-04-04 00:34:35,,,24.4.1,YNAB
685f7565-759c-4f0b-a269-c8bcaec2f16e,super good software. It makes budgeting about as painless as possible. the app and desktop version are both great.,5,0,24.5.0,2024-04-03 16:37:58,,,24.5.0,YNAB
238027ec-ba13-4a8d-bdb7-752e5a7728c1,"We've saved thousands of dollars per year with this app. Some tasks can be difficult to carry out on the mobile app but the desktop versions make up for that. This style of budgeting takes some time to get used to but once you do, money starts to appear out of the wood work.",5,0,23.22.2,2024-04-02 18:21:16,,,23.22.2,YNAB
b6ad5d19-bf26-41ae-a879-4d22f4e33050,No good if you're Australian. I feel if you can't link your bank in Australia. We shouldn't be paying $144 a year because the app does so much less than what it's supposed to do because you can't link your account,1,1,24.5.0,2024-04-02 17:40:30,,,24.5.0,YNAB
4c02da94-4d72-4570-9b2c-8e98da916cdf,Best budgeting app available!,5,0,24.4.1,2024-04-02 11:42:59,,,24.4.1,YNAB
0ebb1f57-6808-49f2-b7d7-e0cf4e670f0c,"I've used YNAB for many years. I've been patient waiting for the connection to UK banks, and it was worth the wait! This app is easy to use, makes budgeting a pleasure, and has ensured I never have an unexpected bill I can't cover. Highly recommended!",5,0,,2024-04-01 23:24:07,,,,YNAB
61a6cf17-cc83-4696-a17c-e94690522904,Like the app but it desperately needs a revamp of mobile reports.,2,1,24.4.1,2024-04-01 17:51:23,"Mobile report updates are one of our most-requested features so the team is aware of that feedback! ~ Angela @ YNAB
",2024-04-18 06:41:25,24.4.1,YNAB
d1fee6fa-352e-491b-98ca-73b6dd6185df,It works great.,5,0,24.4.1,2024-03-31 04:48:59,,,24.4.1,YNAB
6de44a19-d83b-4ff5-a91f-9d86ad6d5437,"This app is so awesome! I keep trying to quit, but I end up coming back. It definitely is responsible for a significant amount of my improved net worth since I first purchased it in 2018. With this in mind, the app since then that I can recall has NEVER changed the mobile graphs offered. It only has net worth and age of money... that's it. I would love to be able to get greater insights from my phone with the data.",4,8,24.4.1,2024-03-30 11:15:49,"Thanks for the review, Justin — we're just so glad you can't stay away :D You're not the only one looking for more mobile reports \(even though there's quite a bit more available on the web app\)! If you haven't already, submit a feature request at https://youneedabudget.typeform.com/to/Pt6cek which goes straight to our designers. \-Caitlin @YNAB",2024-04-15 17:01:03,24.4.1,YNAB
1e500e70-3de0-4512-83df-6a454f0a5d88,"Chase UK is one of the most popular current accounts now and made their API public 10 months ago. YNAB *still* doesn't support syncing this current account, even though other apps do. Just more evidence that they prioritise the US market over the rest of the world. Don't bother with this if you're European.",1,1,24.4.1,2024-03-30 08:02:32,"Hi Henry, thanks for checking out YNAB, and for letting us know that our selection of UK banks is lacking. We are a US company, but work with a 3rd party in the UK/EU for our direct import needs in an effort to provide as much coverage as we can. Hopefully Chase will be on their roadmap soon! \-Caitlin @YNAB",2024-04-15 16:29:19,24.4.1,YNAB
adeeb9e6-81c4-42f9-b4e7-d2384e4e3258,"YNAB assisted me in getting my finances in order, and changed my fiscal life from paycheck to paycheck to having a healthy emergency fund. It's not the solution for everyone, as I have found with my friends, but it is the solution for me and I suspect many others. As always, you get out what you put in, so make sure you read the rules and start applying them to see the changes you want and need.",5,1,24.4.1,2024-03-29 05:38:01,,,24.4.1,YNAB
35dc6a61-7188-4990-8f1c-cd06f9bb5654,It's no longer showing how much money I have left to assign even on the web version,1,1,24.4.1,2024-03-28 14:51:45,Hi there Jessica \- thanks for updating us on your experience with YNAB. We'd love to help you sort out what's going on with your Ready to Assign\- we definitely expect you to be able to see that information! Please reach out to us a help@ynab.com \-Phil @YNAB,2024-04-02 08:43:06,24.4.1,YNAB
dcecb08a-f258-49e0-bf52-60367a977d8e,Using browser entered transactions disappeared after a few seconds. My Internet connection is fast. I have no clue why this happens 😕 but it's still a very good app. Update: it appears only to happen when VPN is active.,4,0,24.4.1,2024-03-26 23:57:55,"Thanks for taking the time to leave us a review, Dimi! We're glad you sorted out the issue—if you run into any other problems, send us an email at help@ynab.com and our Support Team would be happy to look into it! Caitlin @YNAB",2024-04-02 08:12:41,24.4.1,YNAB
7c6d8d51-1a42-4819-a515-d2d38f1bb2e7,"Customer service gets 5 stars but the app is terrible. It's clunky and overwhelming. Definitely not for beginners. With the amount of time I had to spend watching ALL their tutorials, then entering things on my laptop, then categorizing and approving transactions on the app, I could have looked into just getting an accountant.",2,5,24.4.1,2024-03-26 17:19:31,,,24.4.1,YNAB
c554d946-0991-4cc1-9b68-50b23c7bcf3c,Greatest,5,0,,2024-03-26 13:07:57,,,,YNAB
55cb8a78-606b-4775-92bd-37854365500f,"I have been using this app since 2020. I love this budgeting app. It's so customizable to fit each individuals budgeting perspectives. I have created several different styles to try and I have really honed into a method that works for me. I love that I can share my membership with my family, we can have our own private budgets and shared budgets. I truly know where every dollar is going and it's financially empowering. It's exactly what I was looking for to ditch the spreadsheet budget.",5,0,24.4.1,2024-03-25 11:26:04,,,24.4.1,YNAB
106756f5-36b4-4a76-9910-c5592d07eda7,"Easy to use, like that you budget the funds and you get them rather than try to guess what will be coming in. I've used this for several years, definitely helps keep everything organized and on track.",5,0,24.4.1,2024-03-25 07:33:02,,,24.4.1,YNAB
c30fc9a0-d016-4a4a-9d61-a20b4333493a,"This is one of the coolest and most helpful apps I've ever downloaded ! I need some tough love to stick to a budget, and having the auto feature make the smarter choice is damn fantastic. Wonderful humans, thank you for building this. People download it, you won't regret it, I'm not a bot btw lol and I wasn't paid to write this review. It's just amazing. I normally don't write reviews but when it's gold it's to be shared! 😃👍",5,0,24.4.1,2024-03-24 21:47:43,"Awww shucks, David! We're honored that you took the time to leave us a review, and we're SO glad to hear that YNAB has made a difference for you! \-Caitlin @YNAB",2024-04-10 19:36:43,24.4.1,YNAB
287b8328-5ea6-4547-851d-da7dfa9ecaf5,"Great concept, and their YouTube channel has a lot of how-to videos, but as many others have mentioned, YNAB is having a lot of issues keeping bank accounts in sync. I canceled my subscription during the 34 day free trial but may return in the future if they get their issues ironed out.",2,0,,2024-03-24 11:55:09,"Hi Chris! While bank connection issues aren't always able to be resolved, I want to make sure you checked in with our support team to see if there's anything we can do with the ones you encountered. You can email us at help@ynab.com! \- Angela @ YNAB",2024-03-27 06:07:30,,YNAB
477537d8-80ed-4a6b-92c4-026d219fded8,"Although I do most of my ynab-ing via the web version, this app is perfect for entering transactions as they happen (100% manual user!), checking categories, and keeping my top priorities front and center of my mind and my phone via the widget.",5,0,24.4.1,2024-03-24 07:22:40,,,24.4.1,YNAB
7fd67115-9e62-4c1b-8f20-db549f1ba3e6,"I love this app! it has been extremely helpful to my budget!! it takes a min to learn, but once you do, it's literally a life saver!",5,0,24.4.1,2024-03-24 06:33:53,,,24.4.1,YNAB
8cd835f9-0590-4c27-8828-93b9dc35365c,$200 per year continuous. That's a joke right?,1,0,24.4.1,2024-03-23 09:56:24,"Hi Sean \- the annual price is $98.99 USD \+ tax, or you can choose to pay $14.99 USD \+ tax monthly for the first few months while you make sure you're sticking with us for a full year 😃 \- Angela @ YNAB",2024-03-27 06:12:54,24.4.1,YNAB
7a4b5092-2e5d-46f4-b740-6521b8c68ea7,I have tried and failed to maintain budgets on other apps but YNAB just works for me. It has been a game-changer.,5,0,24.4.1,2024-03-23 09:03:29,,,24.4.1,YNAB
804baccf-d2ea-4517-817d-ab2d0edbef32,"YNAB is excellent! It has completely changed the way I think about my finances. I have a healthier and better understanding of how I am spending my money and how I truly want to spend it. Getting out of ""credit card float""and being a month ahead in expenses is a game changer!",5,0,24.4.1,2024-03-22 22:11:25,,,24.4.1,YNAB
c174e977-f645-45f8-89fc-d3ada36be797,"I need a budget very badly, but not for $15 bucks a month.",1,0,,2024-03-22 17:31:56,Hi Heather! Sorry to hear you won't be sticking with the app. You can follow the YNAB Habits \(https://www.ynab.com/the\-four\-rules\) even if you're not using the software—that's where the magic lies! \- Angela @ YNAB,2024-03-27 06:09:09,,YNAB
4377d9ef-c6b0-44d3-a49b-066eca899af1,this app has given me so much clarity when it comes to what I want my money to do for me and has kept me out of debt.,5,0,24.4.1,2024-03-21 14:52:41,,,24.4.1,YNAB
5e337a90-2d4d-42d8-aaef-91f9131cd123,"The beginning of this year I wanted to find a robust budgeting app to help me save money. I tried over a dozen apps to find one that fit my criteria: customizable categories, links to bank account, good saving plan, not glitchy or frustrating to use, and free or inexpensive. I signed up for the free trial for YNAB and realized this fit every criteria but the last one. Finally I paid the $100 and two months later it's still worth it. It gamifies responsible spending habits.",5,1,24.4.1,2024-03-21 04:53:36,Awesome! I love that you have found YNAB to be so helpful and worth it. Thanks for leaving a review! \- Natalie @ YNAB,2024-03-20 14:47:45,24.4.1,YNAB
368198a1-ebd0-4567-996a-9f1067c07401,Not free,2,0,24.4.1,2024-03-20 14:55:25,"You're right, L J M! You can try YNAB for free for 34 days, but after that, you have two subscription options: $98.99 USD annually or $14.99 USD monthly, plus tax.",2024-03-26 08:21:51,24.4.1,YNAB
3bfe4dda-1fb1-4267-a8f3-c3067d34737a,First a huge question list to say u need to pay 400 bucks to use it. Tipical,1,0,24.4.1,2024-03-19 20:13:55,Thanks for leaving a review. We offer a free month trial of YNAB and after that you can subscribe annually for $98.99 USD or monthly for $14.99 USD. \- Natalie @ YNAB,2024-03-20 14:49:04,24.4.1,YNAB
30a7add5-d98f-4f70-a78b-bee9f4927997,Great app for tracking your money,5,0,24.3.3,2024-03-19 17:18:13,"Thanks for the 5\-star review, Ken! I'm glad that YNAB has been a great fit for you. \- Aubrey @ YNAB",2024-03-20 12:34:35,24.3.3,YNAB
515a821a-3d78-42b7-885f-f3155c0360e6,life changing!,5,0,24.3.3,2024-03-19 14:04:53,Thanks for your review! \- Natalie @ YNAB,2024-03-20 14:47:42,24.3.3,YNAB
aa3ae768-9cde-4c6a-b6e0-406299b737ac,"YNAB is the single most important app I've ever used. I went from $2300 in cc debt to $10k in the bank over a year just by being more aware of my money. You can change your life with this tool and their mindset stuff is so valuable. It's not just a ""budget"" but once you give every dollar a job and follow their 4 rules it really starts to change things! Credit cards are hard to understand with YNAB at first, so use their customer support!",5,9,24.3.3,2024-03-18 12:13:06,"Thanks for your review, Nic! The YNAB Method is a game changer and our support team is always happy to help. So happy to have you YNABing with us! \- Natalie @ YNAB",2024-03-20 14:48:57,24.3.3,YNAB
267ba654-fa2f-404e-ab90-36ec35fd97ed,"Love this app! It takes one from using money after the fact to having it ready and waiting for you to use it. There is an uncomfortable learning curve during the first month, but watching the videos, reading articles, and chatting with the YNAB team really help. We were able to buy a new boat, pay off our truck plus put money in the savings during our first year of using YNAB.",5,1,,2024-03-18 09:42:28,"You did so much in just a year, way to go! We are always here to answer any questions you have about YNAB and I'm glad we could help you too. Thanks for your review! \- Natalie @ YNAB",2024-03-20 14:48:54,,YNAB
a054606a-b316-413a-a7a6-a71ecb5e2709,"YNAB recently dropped support for Fidelity Investments where I do ALL my banking, and there's nearly constant problems with keeping some cards connected. Yes, Fidelity changed their API, but ALL my other services I subscribe to made changes to support the Fidelity change (Empower, Personal Capital for example). So most of my time is now spent manually entering all my Fidelity transactions. :/ And that extra work still cost $100/yr for YNAB, which is a premium price for the service it provides.",1,0,,2024-03-17 11:42:47,"Thanks for sharing this feedback, Andrew. Integrating with a new provider is an extensive process, so it’s not a decision we make lightly. We’re keeping a close eye on this to help inform our decision. We're also working closely with our current import providers as the change that Fidelity put in place affects all of their customers. \- Jill@YNAB",2024-03-19 06:21:47,,YNAB
44eaf31a-174e-4164-9c1b-7908eebfcd0a,Paid subscription is required. No free features.,1,0,,2024-03-16 16:59:54,"Hi Petra, thanks for taking the time to share this feedback with us. As budgeters ourselves, we don't take pricing decisions lightly. Having a paid product allows us to continuously improve the app and provide top\-notch support for our users. We also never sell our customers' data, which is not always the case with free apps. \- Jill@YNAB",2024-03-19 06:03:14,,YNAB
b3e3a0f3-ba12-4106-b5f3-7ec35da9af3d,They say you can unsubscribe from the Play store but it doesn't show as an option. Scam,1,0,,2024-03-16 16:00:56,"Hi there! If you're subscribed through the Google Play Store, you can cancel at any time from your mobile device. Open the Play Store app and tap the Google ID image in the upper right corner. From there, select ""Payments and Subscriptions"" and then ""Subscriptions."" Reach out to us at help@ynab.com if you run into any trouble! \- Jill@YNAB",2024-03-19 06:01:59,,YNAB
91c9c061-9159-443e-ac77-f559bd150399,"once you understand, it is great",5,0,24.3.3,2024-03-16 11:33:36,"Thanks for this great review, James! We're glad to hear that you've enjoyed using YNAB so far. \- Jill@YNAB",2024-03-19 05:50:34,24.3.3,YNAB
4d38431d-0b94-4de1-9344-f534f982059e,"Like many others, I started this a while ago and gave up. This time, though, I've invested the time to learn the budgeting philosophy instead of just the app. Once it clicked, I was hooked. If you're getting confused or frustrated with the app, start with watching some YouTube videos. It's worth it. I had to be willing to give up my tightly held (but not working) personal financel plan to accept something different. I'm excited to be acting proactively for the first time in far too long.",5,1,24.3.3,2024-03-16 08:57:33,"Thanks for this great feedback, Seth. You're spot on! It can take a little time to learn the ins and outs of YNAB since it is different than traditional budgeting programs, which of course, is what makes it so great. YNAB is less of a budget and more of a proactive and flexible spending plan to help you love the way you spend! \- Jill@YNAB",2024-03-19 05:44:28,24.3.3,YNAB
ed4155ab-c298-4d44-a15a-a4813eaa4e10,"I love this app, it made me organize after I went from a monthly to a by-weekly pay, and now I am able to plan my spending 2 months in advance!",5,0,23.23.0,2024-03-16 08:24:03,"Hi Suzi, congratulations on being two months ahead, that's such a huge win! 🙌 We're thrilled that YNAB helped you make that transition and get ahead financially. Thank you for sharing your story with us! \- Jill@YNAB",2024-03-19 05:40:18,23.23.0,YNAB
cf5f246d-200b-4b38-8c81-ae7b467ef00e,"You thought other apps did budgets and this was just another one, OHH No, this is a You Need A Vacation, You Need to get ahead, You Need to age your money financial supercharger app! Budgeting is just the process, it's the principals behind YNAB that makes it unlike any other app you've ever tried. Forget mint or anything else, they were coaches pitch. This is the big leagues!",5,1,24.3.3,2024-03-16 07:42:57,"We couldn't have said this any better ourselves, William! 🤩 We're so glad we could play a part in getting you to the financial big leagues. 🙌 Thank you so much for sharing your feedback with us and others. \- Jill@YNAB",2024-03-19 05:38:33,24.3.3,YNAB
55a76e69-c439-4586-b922-fcdf48f0772c,"There are some things you can't seem to do in the app (like linking card payments) that you can do on the web, but the app is well built and very usable",4,0,24.3.3,2024-03-16 07:32:13,"Hi Dylan, thanks so much for taking the time to leave us a review! While there are a couple features that are only in the web app, you should be able to link card payments in the mobile app. Reach out to us at help@ynab.com so we can assist! \- Jill@YNAB",2024-03-19 05:31:48,24.3.3,YNAB
a5797e69-543c-46e1-8190-2f4a8c7020c2,it significantly improved my finances!,5,0,24.3.3,2024-03-15 14:23:48,"We love to hear it, Winnie! Thanks for leaving a review. \- Natalie @ YNAB",2024-03-18 08:57:50,24.3.3,YNAB
8cb78c94-bf33-4d79-aff8-fb3e85de9bf1,"This app is useless as it seems everyday my ""imports are delayed"". I wait, check known issues and it never fixes so I have to relink all my accounts and then it just screws up my budget. It seems like it could be great. But for the subscription price point? On a budgeting app? Not worth it...",1,0,24.3.3,2024-03-14 20:38:47,"Hi Ryan! If you haven't already, I recommend contacting our Support team at help@ynab.com for troubleshooting help on your direct import connections. \- Aubrey @ YNAB",2024-03-20 11:39:37,24.3.3,YNAB
68603641-b9fc-448e-82ad-02433a3dcdd1,for the first time in 26 years my wife and I are on the same page with finances. we recommend this app to all our friends and family.,5,0,24.3.3,2024-03-13 06:34:03,"Wow Robert, thanks for this review! I love how increased clarity around money can make financial conversations with a partner more rewarding. We appreciate you sharing from your experience! \- Aubrey @ YNAB",2024-03-20 07:50:47,24.3.3,YNAB
496736b4-ad77-4b88-afad-c289a0270e78,"Been using YNAB for years now, love it. Easy to navigate interface and their four rules are easy to implement. Not much beats knowing that your financially stable, and YNAB is a great tool for verifying that",5,0,24.3.3,2024-03-13 05:03:22,"Thanks for your review, Wade! I'm glad that YNAB has been such a great fit for you, and that clarity around your finances has been reassuring. 😊 \- Aubrey @ YNAB",2024-03-20 10:21:32,24.3.3,YNAB
aea0c29d-eba8-488b-99c9-ad752ba486f7,"It was tough to get used to at first, but after sticking with it for a month I can see it's a valuable budgeting tool. It forces me to stay on top of family expenses and make decisions about where to spend money.",5,1,24.3.3,2024-03-12 22:38:31,Thanks for this review! I'm glad YNAB has helped you with decision\-making and keeping track of expenses for your family. \- Aubrey @ YNAB,2024-03-20 10:22:24,24.3.3,YNAB
c59869ae-e426-4349-8039-06551e966143,"The philosophy takes a bit of getting used to, but once you do the app works smooth as buttah. As a professional accountant, I don't want to spend more time on my personal budget than I have to. The auto-categorization and link to my accounts make the process of reviewing and monitoring my finances fast.",5,0,24.3.3,2024-03-11 11:21:04,"Thanks for the review, Seth! I'm glad that YNAB has been a great fit for you. \- Aubrey @ YNAB",2024-03-20 12:03:43,24.3.3,YNAB
291ad16a-6c5e-400f-9615-ee6b24ede662,- need biweekly - bit expensive - needs receipt storage,3,0,24.3.3,2024-03-10 09:51:41,Hi there! Thanks for your review \- we appreciate you sharing your thoughts. You can also submit feature requests here: https://youneedabudget.typeform.com/to/Pt6cek?typeform. \- Aubrey @ YNAB,2024-03-20 07:52:30,24.3.3,YNAB
24f135e1-991b-4a25-a68a-33e2a17175eb,Now for the first time ever I feel like I actually do have a budget.,5,0,24.3.3,2024-03-10 09:05:08,"This is awesome, Thomas! Thanks for sharing how well YNAB has worked for you. 😊 \- Aubrey @ YNAB",2024-03-20 09:23:39,24.3.3,YNAB
8d094b5d-dc82-47f5-8e20-62ad43aa3b0b,You need to be using this app to budget your money. this is hands-down The best budgeting app on the market.,5,0,24.3.3,2024-03-10 06:26:50,Hi Gregory! We appreciate you sharing from your experience with YNAB \- thanks for the review. 😊 \- Aubrey @ YNAB,2024-03-20 13:06:56,24.3.3,YNAB
8aba7fe7-0d9d-4885-9175-b5f846078ba3,it is pricey but I appreciate the privacy features. minus 2 stars because it annoyed me to leave a review,3,1,24.3.3,2024-03-09 13:21:42,,,24.3.3,YNAB
669f7875-b331-4fa4-99f6-b6bf9b11e0b6,Love it! Definitely recommend.,5,0,24.3.3,2024-03-09 11:22:53,"Thanks for recommending YNAB, Graham! \- Aubrey @ YNAB",2024-03-20 12:31:45,24.3.3,YNAB
771df7d9-7dac-458b-adfb-ff8ce3e04cb5,A fantastic budgeting tool?,5,0,24.3.3,2024-03-09 10:10:05,Hi Wes & Christy! I'm so glad that YNAB has been a great fit for you. 😊 \- Aubrey @ YNAB,2024-03-19 07:34:59,24.3.3,YNAB
a23c8a41-a1f0-445f-91fd-0ee0535854d2,Having used this for a while now I can safely say - it's worthless! Allocating money from one category to another is so broken it ruins the entire app.,1,1,24.3.3,2024-03-08 05:16:32,Hi Henry! We recently made some changes to the way you move money in the app. Give it a try and email help@ynab.com if you still have concerns! ~Angela @ YNAB,2024-04-22 06:30:04,24.3.3,YNAB
ddaabf52-a7b6-4ba0-8291-51d4d1a00167,Bad experience,1,0,24.3.3,2024-03-05 23:28:26,I appreciate you leaving a review. I'm sorry to hear you had a bad experience. You can email us at help@ynab.com if there is anything we can help with! \- Natalie @ YNAB,2024-03-07 08:06:14,24.3.3,YNAB
39efc0a3-7845-4cd0-9c00-83931026a55b,ok🤫👉🤌👨‍🔧👩🏿‍🔧🤷‍♀️,4,0,,2024-03-05 17:35:20,Thanks for your review! \- Natalie @ YNAB,2024-03-07 08:06:24,,YNAB
ff60c84e-b2d4-47fd-86e1-cddaad267178,easy and accurate,5,0,24.3.3,2024-03-05 13:39:53,"Thanks for your review, Dale! \- Natalie @ YNAB",2024-03-06 08:17:14,24.3.3,YNAB
40a7d512-ce6b-4f64-b69e-23132865314d,nice app really big help,5,0,,2024-03-05 09:42:30,"So glad to hear it, Juliet! Thanks for leaving a review. \- Natalie @ YNAB",2024-03-05 11:24:34,,YNAB
c47d7331-4706-4346-be64-fd8b465ebffc,"I'm finding myself having to reauthorize my bank weekly, interrupting the auto import function. This is the primary reason I have a subscription.",1,0,24.3.3,2024-03-04 14:03:08,"Hi Matt! Thanks for taking the time to leave us a review. If you haven't already, reach out to us at help@ynab.com so we can take a look at that connection fro you. \- Jill@YNAB",2024-01-25 05:03:01,24.3.3,YNAB
cf75b06c-aa56-4846-b7ba-f8b82f06eee8,"if it wasn't for the fact that I've been having issues with automatic import for 6 years now, I would give 5 stars very easily. even if I'm having issues with import, I keep on using it because my budget is in there and very useful to me.",3,0,24.3.3,2024-03-04 06:35:29,Thanks for your review. Bank connections can definitely be tricky but I'm glad you have found YNAB to be useful beyond the connections! \- Natalie @ YNAB,2024-03-04 12:58:51,24.3.3,YNAB
9660c2ea-23d6-4b92-b04e-14012e85f238,Solid budgeting app,5,0,24.2.0,2024-03-03 08:58:05,"Thanks for your 5 star review, Rick! \- Natalie @ YNAB",2024-03-04 11:55:13,24.2.0,YNAB
d7082b16-d1d0-4445-b1f3-7bfbb1347838,"Love that you can allocate money you actually have in your accounts instead of a projected amount of income! A couple things for me are that I would love the ability to add Australian/New Zealand banks accounts as I find it quite taxing to manually input numbers (which is still a handy feature for now), and secondly, a fortnightly (biweekly) option as it is a common thing in AU!",4,4,24.3.3,2024-03-03 07:17:36,Thank you for leaving a review! It's great to hear you are enjoying YNAB. We'd love to support Australian/New Zealand banks. Maybe one day! \- Natalie @ YNAB,2024-03-04 11:53:37,24.3.3,YNAB
bfec5539-eb3e-46cb-9d41-ba15f0951035,"I absolutely LOVE this app. The app and principles are easy to use and follow. They've helped me reduce debt, ensure my cash flow is appropriate, and have helped me save for emergencies.",5,0,24.3.3,2024-03-03 05:59:28,Whoo! I love that YNAB has helped you so much. Thanks for leaving a review! \- Natalie @ YNAB,2024-03-04 11:48:41,24.3.3,YNAB
224d44f5-e80f-415b-acce-b33797b2ff12,I'd give it a 0 if I could. The entire point of this app is to help you budget and it only works with 1 of my financial institutions - which isn't a checking account so I can't see my paychecks or actually budget anything. One of these accounts is a top 3 financial institution in the USA. Also - no setting for bi-weekly payments or budgeting? What a joke. I can't even set it for weekly with a recurring investment unless it's recurring every month or year after that week. So ridiculous.,1,20,24.3.3,2024-03-03 01:56:32,"Thanks for leaving a review, Nick. Bank connections can be tricky and we are always happy to troubleshoot them. You can email us at help@ynab.com and we can take a look! \- Natalie @ YNAB",2024-03-04 11:50:01,24.3.3,YNAB
f289dd1a-3a3a-4824-aaf4-372628519c1e,Wow.. Doesnt support coinbase or fidelity. How can people say this is better than mint?,1,0,,2024-03-01 16:43:35,Thanks for your review. Bank connections can be tricky and we are always working with our import partner to improve connections. I wish you all the best as you find the right solution for you! \- Natalie @ YNAB,2024-03-04 11:35:02,,YNAB
1e82102d-b8d8-4e40-8651-e911a8e28819,By far the best financial app that there is. It actually got me on track to save money and afford stuff that I never used to be able to,5,0,24.2.0,2024-03-01 03:06:30,Love it! We are all about helping people love the way they spend their money and I am so happy to hear that YNAB has helped you stay on track while also buying thing you never though you could. Thanks for your review! \- Natalie @ YNAB,2024-03-01 10:29:07,24.2.0,YNAB
5d0145f3-3c78-4515-b58b-f016f6ffd888,"So buggy that I constantly have to use my pc to make things work. Especially when it comes to reassigning money, this app just won't work.",1,1,24.2.0,2024-02-29 02:05:03,"Hi 👋 - we made a few changes to the way you assign money in the app, so hopefully you're finding it working better. If you have run into any other bugginess in the app, reach out to help@ynab.com with details and we'll be happy to work through it with you! ~Angela @ YNAB",2024-04-22 06:31:17,24.2.0,YNAB
ad4c137a-e199-45e8-a89d-4616875b8bf4,"I love this app! I have used ynab consistently for 7 years now and I am so thankful for it. Money used to stress me out so much and we still dont have much of it, but at least i know where we are each day and by the grace of God and careful budgeting we manage to get by and have money for all we need and more.",5,0,24.2.0,2024-02-28 12:56:23,Thanks for leaving a review! I love that YNAB has helped reduce money stress for you. Thank you for being a long\-time YNABer! \- Natalie @ YNAB,2024-02-29 07:12:33,24.2.0,YNAB
3f9ad746-1c38-4404-a966-bcf0fa1b401e,"Very solid, works well, and has been very helpful and makes me much more conscious about my spending habits. Unfortunately, there's no way to get a total of your monthly expenses that you put in and compare it to you salary - so I have to make the budget in a spreadsheet and then put that into the app. If there was something to help with that, I'd give 5 stars.",4,2,24.2.0,2024-02-28 12:03:53,"Thanks for the review! There is a way we can help you view your monthly total expenses, so please reach out to us at help@ynab.com for steps! - Renae @ YNAB",2024-02-29 11:22:18,24.2.0,YNAB
2597fe11-c78b-4d9d-8faf-27652bb0321b,"Overall it's an OK app but considering the daily inputs I need to make you don't get much information. It seems more of a tracking app, rather than budget. I need to be able to see immediately what I need to match my expenses. I also want to track changes month to month. Also I've never managed to get the credit card feature working at all. It just doesn't sync. Overall I've looked elsewhere. There are free apps that do it better.",3,7,24.2.0,2024-02-28 02:38:42,I appreciate you leaving a review! It's helpful to know that you'd like to see more info in YNAB. We are always happy to answer any questions you have about credit cards. You can email us at help@ynab.com! \- Natalie @ YNAB,2024-02-28 11:24:13,24.2.0,YNAB
ec0a7756-7999-4535-9405-3f024765ec7b,"I love this app. it has taken some time to learn all of it's powerful features (4 months), but I feel like I am a true YNAB'r now! saving money and having a budget never felt so good.",5,0,24.2.0,2024-02-26 19:05:04,,,24.2.0,YNAB
c4a8568c-ad65-49ca-85a6-d499cb6a88a5,it's not free like the today show reported.,1,1,24.2.0,2024-02-26 06:26:50,Thanks for your review. We offer a free month trial then you'll need to subscribe annually or monthly to continue using YNAB. I wish you all the best as you find the right solution for you! \- Natalie @ YNAB,2024-02-28 11:05:07,24.2.0,YNAB
2d6c72d6-6226-42fb-ad34-0ef1b7bc69ac,I've been using ynab for over a year and I love it!,5,0,24.2.0,2024-02-26 00:48:23,Awesome! So glad to have you YNABing with us! \- Natalie @ YNAB,2024-02-28 11:00:34,24.2.0,YNAB
365c2b39-402c-4a26-813d-b3b56fe89acd,William Kabamba is ZZZ 💤 😳 😍 ❤️ ♥️ 💙 💤,5,0,23.23.0,2024-02-25 16:54:18,"Thanks so much for the five star review, Uncle Ben! ⭐⭐⭐⭐⭐ for you, too! - Renae @ YNAB",2024-02-29 11:22:40,23.23.0,YNAB
4973e17c-e1b2-4d2d-a6a3-a4c0e7ab55cb,YNAB has changed the way I manage money and the Android app gets better with every release.,5,0,24.2.0,2024-02-25 09:33:27,Whoo! So happy to hear it. Thanks for your review! \- Natalie @ YNAB,2024-02-27 12:44:08,24.2.0,YNAB
4b672aee-9c47-465e-9267-3419f881e98f,"What used to be a very easy interaction when making purchases now takes extra time to navigate in the moment. This makes it less likely to use the app. Is it dark UX to make people sign up their bank accounts and credit cards directly? I typically have nothing but praise for YNAB, but I can only assume this update is part of a larger data grab. I'm now actively watching to see if this service is going down hill too.",2,0,24.2.0,2024-02-25 08:52:08,Hi Elizabeth! I think you may have been experiencing an issue with a change we rolled out in February. We've since changed the behavior back so it should be easier to add purchases in the app! ~ Angela @ YNAB,2024-04-18 07:55:56,24.2.0,YNAB
4f3c3a2a-ef73-4ec5-b815-b21a61882050,"I just noticed this app has been charging me 16.04 for the last few years. I'm very confused as to whats been happening, because I do not remember signing up for or assigning any form of payment or withdrawal. Can someone shed some light on this? Have I been charged for a service or is my digital money floating in the abyss somewhere?",3,1,24.2.0,2024-02-25 03:43:16,Thanks for leaving a review! You can email us at help@ynab.com and we can help get this straightened out! \- Natalie @ YNAB,2024-02-27 12:31:52,24.2.0,YNAB
fe7519c8-e696-4e4c-b846-4d852673190a,great app. it's missing the ability to see expenses reports.,4,0,24.2.0,2024-02-25 02:08:38,I appreciate you leaving a review! So glad you are enjoying YNAB. \- Natalie @ YNAB,2024-02-27 12:32:17,24.2.0,YNAB
c34f661e-dd15-44bd-b241-3a1b18c40930,I've been a YNAB user for years. I am particularly happy with recent versions of the app which have made it easier to coordinate with a partner. I love the widget feature that lets me select certain categories to monitor continuously - great for sticking to a dining out budget!,5,1,24.2.0,2024-02-24 10:37:48,"Love it, Maggie! Those widgets are so handy. Thanks for YNABing with us! \- Natalie @ YNAB",2024-02-27 12:03:32,24.2.0,YNAB
db125509-47a4-490f-a1be-553f0df6f224,"Useful widgets for some key budget categories, but adding/editing transactions is annoying and keeps getting worse. The available reports are of no value. I avoid using the app unless it is completely necessary.",2,1,24.2.0,2024-02-23 14:50:01,Hi Marcus—we made a change since you posted this review that should make adding and editing transactions easier. Take a look and let us know if it's working better for you now! ~Angela @ YNAB,2024-04-18 07:56:55,24.2.0,YNAB
62e13ef1-bdda-47b3-ac37-5e2b1331b9a1,I really don't follow the business model of spelling money every month when you're trying to save money.,1,0,24.2.0,2024-02-23 09:21:10,Thanks for leaving a review. I can understand if YNAB might not be what you are looking for. \- Natalie @ YNAB,2024-02-27 11:47:55,24.2.0,YNAB
38831a5a-70d7-4d44-84e4-4817acfe4bd3,Ok,3,0,,2024-02-20 20:40:02,Thanks for leaving a review! \- Natalie @ YNAB,2024-02-22 11:02:00,,YNAB
7c2e221b-e55b-480e-906b-7b7b6f8fc522,So easy to use and helps me check all my expenses. I have been able to identify subscriptions I no longer need and catch fraud because I'm reviewing everything - saves me more than it costs!,5,0,24.1.2,2024-02-20 17:08:45,"Thanks for leaving a review, Emily! I love that YNAB has helped you so much. 🎉 \- Natalie @ YNAB",2024-02-22 11:03:26,24.1.2,YNAB
54166255-7595-41b8-b9cd-4d625d6f2238,This might be great for people who have a steady job and are overspending. I'm the opposite of that and so the whole method just doesn't make sense.,1,0,24.1.2,2024-02-20 15:07:58,"Thanks for your feedback, Mark. We believe the YNAB Method can apply to any financial situation but I understand if you felt like it didn't work for you. I wish you all the best as you find the right solution for you! \- Natalie @ YNAB",2024-02-22 11:01:47,24.1.2,YNAB
2324a713-de5e-43f6-b38b-50c0b4fc3f02,"I'm not a fan of the category menu popup redesign. I used to immediately scroll when I press on a category for a transaction. Now I have to either swipe up again/get slowed down to view the full list, or type the category in the search. It used to be a smoother faster experience.",3,0,24.1.2,2024-02-20 15:00:44,Good news Prince Kabab! We rolled back those changes so the category popup should work as it did before :) ~Angela @ YNAB,2024-04-18 07:57:45,24.1.2,YNAB
39803777-9613-46c5-9dba-20332299e367,Super helpful in keeping my budget together! ❤️ it,5,0,24.1.2,2024-02-20 06:46:49,Thanks for the review! \- Natalie @ YNAB,2024-02-21 14:45:05,24.1.2,YNAB
5335dea7-eb6a-4826-bfcb-a9ee93113c0a,"Great budget app. I was forced to move from Mint, but now I'm GLAD I did! YNAB is way better at making me watch where my money goes and not overspend. I also love the goal feature for savings. The UI could be a little cleaner, but it's not bad",4,0,24.1.2,2024-02-20 06:03:33,"Thanks for the review, Casey! I love that the target feature for savings is something you are enjoying. 🙌🏻 \- Natalie @ YNAB",2024-02-21 14:43:26,24.1.2,YNAB
e0230831-5878-48d6-9813-27388360a4e6,"The app is generally quite good. However, the reporting is very limited in the app compared to the desktop website and the UI for selecting expense categories takes more time to use and is a much worse experience than previously.",3,0,24.1.2,2024-02-19 21:40:55,"Hi Mark—We were trying out a change to selecting categories that many people, including yourself, found less than helpful. We put things back the way they were so entering transactions should be quick and easy again! ~Angela @ YNAB",2024-04-18 07:58:57,24.1.2,YNAB
5448cce9-27f7-419e-8619-8a873f9b3012,Changed my budgeting life!,5,0,24.1.2,2024-02-19 18:10:37,So happy to hear it! Thanks for leaving a review. \- Natalie @ YNAB,2024-02-21 14:38:52,24.1.2,YNAB
11cf79b2-b5c2-4bd8-a103-a832a4b80e77,"My last review was in 2017. Very disappointing to see the lack of reporting remains an issue years later. There is a huge gap with their web version and I'm surprised how slowly this app improves. No spending reports? Nonetheless, YNAB can positively change your lifestyle. It's an approachable tool to track where every dollar you earn goes so you can spend and save effectively. Follow their advice and you will be liberated financially, meaning more money to spend on the things you value most.",3,9,24.1.2,2024-02-19 09:11:20,Thanks for your review! I'm glad you are enjoying YNAB and I'll definitely let our team know that you'd like to see better mobile reports. \- Natalie @ YNAB,2024-02-21 11:49:36,24.1.2,YNAB
846abcc0-32a9-4d7e-af17-2e89f182f809,Will never use another budgeting app again. envelope budgeting is the way.,5,0,24.1.2,2024-02-19 08:23:13,It is the way!! So glad to have you YNABing with us. \- Natalie @ YNAB,2024-02-21 11:43:54,24.1.2,YNAB
e0868400-b87a-4199-a940-9925ff465e9e,Superb software that's helped me save and manage my money for years now.,5,0,24.1.2,2024-02-19 00:35:01,Thanks for the review! I love that you have been a YNABer for so long. 🙌🏻 \- Natalie @ YNAB,2024-02-21 11:37:46,24.1.2,YNAB
205a25bb-2431-46ab-b691-413c2ce3085c,"Not a viable budget app. I know we're supposed to be watching your videos to figure out your perfect system you've created but it's just too hard to get a view into our budget that doesn't give us a splitting headache. Not to mention constant inaccuracies and having to reconcile all the time. Wishing other people better luck--bye, folks!",1,20,24.1.2,2024-02-18 16:48:54,"I appreciate your feedback, John. I wish you all the best as you find the right solution for you! \- Natalie @ YNAB",2024-02-21 11:36:46,24.1.2,YNAB
abfcbb1a-e128-4f87-bb08-89d4dc250b80,Fantastic app. It's worth the subscription fee. We've been able to really understand where the family money is going and budget for things important months ahead.,5,0,24.1.2,2024-02-18 10:37:16,Thanks for your review! It's great to hear that YNAB has helped you so much. 🎉 \- Natalie @ YNAB,2024-02-21 11:35:55,24.1.2,YNAB
0f4c53ef-a2d1-4a6d-abf6-d64d69b1d9c3,"Android Love needed, I cannot sort Scheduled transactions, and given that I have transactions out to Dec 2025, I have to scroll through the list to get to current schedule transactions. Please give us a period in the calculator. Please give us an option to hid accounts, like we have with category. Mint had great phone reports, replicate those feature here. I'm Canada this app is expensive and these basic updates would make the app have better value for money.",3,0,24.1.2,2024-02-18 09:23:51,Thanks for this feedback! I will definitely pass it along to our team. \- Natalie @ YNAB,2024-02-21 11:31:03,24.1.2,YNAB
83530ae3-f29e-467c-baec-6bb0caf4c425,YNAB tool is excellent for keeping track of spending.,5,0,24.1.2,2024-02-17 23:46:56,Love it. Thanks for leaving a review and for YNABing with us! \- Natalie @ YNAB,2024-02-21 11:30:13,24.1.2,YNAB
f27154c0-04ee-418f-b0c7-48b6878158ea,Big upgrade to my money tracking. Easily worth the annual fee for the peace of mind.,5,0,24.1.2,2024-02-17 13:01:42,"Thanks for the review, Joy! I love that YNAB has given you peace of mind. Such a great feeling especially when it comes to your finances! \- Natalie @ YNAB",2024-02-21 11:14:38,24.1.2,YNAB
7319a987-23a3-4b71-bfc1-9262d19d331b,"Switch from one time purchase to monthly subscription, bring back ynab classic",1,0,24.1.2,2024-02-17 09:53:28,Thanks for your feedback here! I'll let our team know that you'd love to see YNAB Classic make a come back. \- Natalie @ YNAB,2024-02-21 11:15:07,24.1.2,YNAB
e16a9717-02d1-457c-9b8b-53157f69f2ab,It is very helpful for getting a picture of what your true expenses are and staying on top of your budgets. I believe that I don't go over my budget nearly as much as I used to before using this app.,5,0,24.1.2,2024-02-17 07:06:13,I love that YNAB has helped you stay on top of your finances. That is the best feeling. Thanks for your review! \- Natalie @ YNAB,2024-02-21 11:25:46,24.1.2,YNAB
a18726c8-4329-40a3-a7d0-6a83ec4efdde,"It's the best budgeting app available, imo, and well worth the cost. I like how it imports transactions from my bank and calculates what I need for a category based on the date it's due. I can easily tell if I'm staying on track in my finances. I",5,1,24.1.2,2024-02-17 05:48:18,Thanks for leaving a review! It's great to hear that YNAB has helped make managing your finances so easy. 🙌🏻 \- Natalie @ YNAB,2024-02-21 11:24:31,24.1.2,YNAB
c80e8847-659a-4740-8be8-9a38bc9c1906,read the book... make the budget... record the spending,5,0,24.1.2,2024-02-16 09:44:51,The recipe for success! Thanks for your review. 🎉 \- Natalie @ YNAB,2024-02-21 11:21:40,24.1.2,YNAB
f3fd93e3-b205-4d61-a349-02dab58e6a93,Subscription required,3,0,24.1.2,2024-02-16 05:38:38,"Thanks for the review. It's true. We offer a free month trial and to continue using YNAB, you'll need to subscribe weekly or annually. \- Natalie @ YNAB",2024-02-16 10:29:49,24.1.2,YNAB
6557ddca-988c-431d-ae0d-032334a728db,"Good app that is very helpful, I just really wish it had a bi-weekly payment option in the budget.",4,0,24.1.2,2024-02-16 05:14:03,Thanks for leaving a review! I appreciate your feedback and will pass that along to our team. \- Natalie @ YNAB,2024-02-16 10:29:08,24.1.2,YNAB
3c5fa7f2-08fc-4c2e-85fe-e6f027a3f18c,Minus one star because it's expensive. Every other experience is fantastic,4,0,24.1.2,2024-02-15 17:35:43,I appreciate you leaving a review. So happy to hear you are enjoying YNAB! \- Natalie @ YNAB,2024-02-16 10:23:41,24.1.2,YNAB
609e062f-3e1e-4257-ae94-0a127c7502ba,Very helpful and easy to use. Worth the money.,5,0,24.1.2,2024-02-15 16:07:15,Awesome! Thanks for taking the time to leave a review. \- Natalie @ YNAB,2024-02-16 10:15:06,24.1.2,YNAB
2b0719b6-7d10-452e-a9aa-e68b815c9242,I love this program and this app. it's helped us so much in an area (budgeting and family finances) where I didn't even think we were really struggling.,5,0,24.1.2,2024-02-15 14:11:39,Thank you so much for your review! It's so great to hear that YNAB has helped you so much. 🎉 \- Natalie @ YNAB,2024-02-16 10:14:51,24.1.2,YNAB
0f20da99-6623-46f5-8a6c-e4d4892df06d,"It took some time to setup and understand, but it was well worth it (also the $100/y) for the immediate insight into the health of my finances.",5,0,24.1.2,2024-02-15 11:42:12,"Thanks for the review, Jordan! It's so cool how quickly YNAB can you clarity around your finances. 💎 \- Natalie @ YNAB",2024-02-16 10:09:44,24.1.2,YNAB
e5307e58-70b4-487c-a50b-f478ce0bee39,"While the app itself is different from the desktop web browser experience, the ynab system has been amazing for me over the past 2 months. If you don't know how to use the ynab system get the ynab book or audio book from your library/app. Mint is going away and I'm so glad. The only thing I wish this app had was more Android homescreen widgets like account balances that mint had. Using Empower app too for investments.",5,1,24.1.2,2024-02-15 10:49:00,"Thanks for leaving a review, Eric! The YNAB Method is such a game changer. So glad you found us! \- Natalie @ YNAB",2024-02-16 10:08:50,24.1.2,YNAB
3b4f6423-80c5-4ab3-90ce-a92045cf2f30,"5y user, my only request is to have a running balance column option, similar to the web interface.",5,0,24.1.2,2024-02-15 09:07:59,Thanks for your review! It's always great to hear from our longtime YNABers. I'll let our team know that you'd like to see a running balance in the mobile app. \- Natalie @ YNAB,2024-02-15 11:28:56,24.1.2,YNAB
9cdaff54-f2ef-4ca3-baf9-6dd7abc0656e,"(1) YNAB explicitly bans Firefox Relay addresses even for paying customers. If you are privacy-conscious, think twice. UPDATE: their reason is ""many other companies"" do it. No, they don't. My banks accept it perfectly fine. (2) The pricing is ridiculous for places where most of the automation bells and whistles don't work. I have been a customer since YNAB3 and I seriously have to start looking around for alternatives.",2,2,24.1.2,2024-02-14 01:38:59,I appreciate your feedback here. I will definitely pass it along to our team. \- Natalie @ YNAB,2024-02-08 13:44:49,24.1.2,YNAB
9f020c82-5d5e-41e6-82cb-eb2bc475cf01,Excellent so far. It's been a great help keeping our family budget healthy. Great support and very easy to use. Totally recommend it 👍,5,0,24.1.2,2024-02-13 17:49:20,Thanks for leaving a review! I'm so glad YNAB has helped your family budget. We are so happy to have you YNABing with us! \- Natalie @ YNAB,2024-02-14 07:20:54,24.1.2,YNAB
04e300aa-e1ae-4595-8c8d-061c74454a1d,No money loaning option,1,0,24.1.2,2024-02-13 16:52:49,"Thanks for leaving a review, John! \- Natalie @ YNAB",2024-02-14 07:20:26,24.1.2,YNAB
8466bb97-86d0-434e-ad87-41c880fa1d9e,Needs Fidelity support,4,0,24.1.2,2024-02-12 23:09:41,"Thanks for your review, Christian. Hopefully we can get Fidelity connections soon! \- Natalie @ YNAB",2024-02-13 08:04:48,24.1.2,YNAB
d85a5e88-4a05-42fd-b7ba-7f3dbb322e3e,I love Ynab!,5,0,24.1.2,2024-02-12 10:09:46,"And we love you, Patty! Thanks for YNABing with us. 🎉 \- Natalie @ YNAB",2024-02-13 07:57:50,24.1.2,YNAB
d9299d22-7300-48b4-9f54-559257328ed9,a Godsend,5,0,24.1.2,2024-02-12 04:16:10,"Thanks for the 5 star review, Louis! \- Natalie @ YNAB",2024-02-12 12:17:43,24.1.2,YNAB
cfd0511b-1e99-4dfd-a39f-05ec039bd3b5,not free at all,1,0,,2024-02-11 23:51:43,Thanks for leaving a review. We offer a free month trial and after that you'll need to subscribe monthly or annually to continue using YNAB. \- Natalie @ YNAB,2024-02-12 12:26:19,,YNAB
ceea3664-ea8e-4893-9d05-626a60886b90,great for keeping me on track and helping me save.,5,0,24.1.2,2024-02-11 12:33:32,"So glad to hear it, Lynn! Being able to save and stay on track is a big deal. Way to go! \- Natalie @ YNAB",2024-02-12 12:20:24,24.1.2,YNAB
4fadf15d-cdba-4a69-a4db-c510ff16fc6e,"It's a fantastic app, however, you cannot attach a PNC account to it. If you don't have a PNC account, you will love it. Now in search of an app that will connect with PNC.",3,0,24.1.2,2024-02-11 10:09:12,"Thanks for your review, here. I'm sorry to hear the PNC connection didn't work for you. I wish you all the best as you find the right solution for you! \- Natalie @ YNAB",2024-02-12 12:05:07,24.1.2,YNAB
92cba4a1-8f75-470a-9947-75859bcacb48,love this great system for budgeting,5,0,24.1.2,2024-02-10 23:11:28,Thanks for the 5 star review! 🌟 \- Natalie @ YNAB,2024-02-12 11:59:51,24.1.2,YNAB
204d0cfc-c035-4e64-baee-3ec30a1f0322,"Easy to use, helps me understand where and how to manage my budget.",5,0,24.1.2,2024-02-10 12:55:47,"Thanks for leaving a review, Charles! I'm so glad YNAB has helped you manage your finances. Thanks for YNABing with us! \- Natalie @ YNAB",2024-02-12 11:54:36,24.1.2,YNAB
b10a0985-91a1-470a-9279-2ff03cbe6489,I've been using this App for years. It's the best decision I ever made.,5,0,24.1.2,2024-02-10 11:01:10,"So happy to hear it, Wendy! Thanks for YNABing with us! \- Natalie @ YNAB",2024-02-12 11:46:50,24.1.2,YNAB
a668af80-d12d-45a2-ac5c-7566f745f7f6,"Hot mess. Refused to sync several bank accounts, pretty lame balance and net worth visualizations, so overwhelmingly focused on forcing you to set aside $20 a month for your avocado toast that it's super annoying. If you just want a place to synthesize a full financial picture like Mint used to (mostly), then this isn't it. They'd have to pay me $20 a month to put up with it.",2,6,24.1.2,2024-02-10 09:28:01,I appreciate your feedback here. We are definitely different from Mint. I wish you all the best as you find the right solution for you! \- Natalie @ YNAB,2024-02-12 11:46:25,24.1.2,YNAB
a39bac9b-5496-484c-94a3-61aef1466d00,I was anxious to get started but it didn't go any farther after partially setting it up then they requested money right away. Uninstalled. Moving on.,1,1,24.1.2,2024-02-10 00:48:28,Thanks for leaving a review. I'm sorry to hear you didn't have a good experience. I wish you all the best as you find the right money management solution for you! \- Natalie @ YNAB,2024-02-12 11:39:20,24.1.2,YNAB
de9377df-5ff8-46e5-ac05-a7236e28ebca,"Awful. Absolutely not user friendly, unable to budget realistically, such as adding minimum credit card payments (I'm not adding a separate category to calculate taxes and fees or whatever, ridiculous). Doesn't let you mark bills as already paid or account for any incoming money. Wasn't able to add more accounts or make edits. Horrible user experience, far more complicated than it needs to be. Pissed I wasted a few hours on it.",1,11,24.1.2,2024-02-09 20:20:00,I'm sorry to hear you didn't have a good experience trying out YNAB. We are happy to answer any questions you have if you want to give YNAB another try. You can email us at help@ynab.com \- Natalie @ YNAB,2024-02-12 11:28:44,24.1.2,YNAB
289845d1-babf-453f-b7b0-252c134d2901,"I really like the new ""snooze budget"" feature. Overall, this is a great app",5,0,24.1.2,2024-02-09 15:39:23,Agreed! The snooze feature is so great. Thanks for YNABing with us! \- Natalie @ YNAB,2024-02-12 11:27:09,24.1.2,YNAB
30482194-9bf6-4166-8db5-ff5182bdbb22,Stop,5,0,24.1.2,2024-02-09 15:22:48,"Thanks for the 5 star review, Kim! \- Natalie @ YNAB",2024-02-12 11:25:49,24.1.2,YNAB
67474921-b836-4fd1-a282-3bafb919eee5,"YNAB has its own philosophy towards approaching your finances but once you get that, it is truly life changing. It's envelope budgeting but more. The automatic import is among my top features. I've tried almost every major budgeting app available and this is by far the best and I've used it for years. The system makes it easy to pay with credit cards without accruing debt (earning you easy credit card rewards). Go into it with an open mind and give the free trial a try.",5,41,24.1.2,2024-02-09 11:04:30,Thank you so much for leaving a review! I love that YNAB and the YNAB Method have helped you so much. 🙌🏻 \- Natalie @ YNAB,2024-02-12 11:20:14,24.1.2,YNAB
fa24b1ae-5b89-4084-8ea8-6e893fc90652,this app has really helped me stay on top of our finances and build good spending habits!,5,0,24.1.2,2024-02-09 09:05:22,"Amazing, Kyle! It's so great that YNAB could help you with your spending habits. So glad to have you YNABing with us! \- Natalie @ YNAB",2024-02-12 11:25:24,24.1.2,YNAB
76e1203e-92f2-46a9-ab89-f12690c7b9a7,"It's... ok. I think this app really shines with people who have to budget for their paycheck, but it lacks tons of functionality including how much you're spending on certain categories over more than a month, and other things like overall spending, savings. it focuses so much on the budget part and does it decently well that it's missing things like tracking your liabilities and assets.",3,25,24.1.2,2024-02-09 06:52:49,Thanks for your review and feedback! I'll definitely pass it along to our team. \- Natalie @ YNAB,2024-02-12 11:19:20,24.1.2,YNAB
19e63f2e-45ac-401e-9908-6f1b0d0882fe,great app but it takes learning,5,0,24.1.2,2024-02-09 04:11:18,"Thanks for leaving a review, Adam! So glad to hear you are enjoying YNAB. \- Natalie @ YNAB",2024-02-09 08:51:26,24.1.2,YNAB
c2896b12-f1a6-4164-864a-43ad37f89ff6,love it,5,0,24.1.2,2024-02-08 17:07:33,Thanks for the 5 start review! \- Natalie @ YNAB,2024-02-09 08:44:42,24.1.2,YNAB
9e882b44-1b29-4360-b0a2-4696649f9063,great for budgeting,5,0,24.1.2,2024-02-08 06:52:30,"Thanks for the great review, Thomas! \- Natalie @ YNAB",2024-02-08 13:56:35,24.1.2,YNAB
ca32c95d-e56a-40f0-8854-2c6ffc17b895,Great system for budgeting and priced well. Saves time previously spent trying to setup complex spreadsheets!,5,0,24.1.2,2024-02-07 23:38:21,"So glad to hear it, David! Thanks for leaving a review. \- Natalie @ YNAB",2024-02-08 13:55:40,24.1.2,YNAB
4ce9f1b4-f3f9-4256-9b5b-b766bfe23463,Best app ever made,5,0,24.1.2,2024-02-07 21:03:48,🏆 Thanks for the 5 star review! \- Natalie @ YNAB,2024-02-08 13:45:29,24.1.2,YNAB
e83f9836-6c90-43a2-9046-a812e6daacaa,"I recently tried the trial version of YNAB (You Need A Budget) and, unfortunately, my experience took an unexpected turn. Despite canceling the trial before the payment charge date, my account was still charged. Please proceed my refund Asap",1,0,23.23.0,2024-02-07 20:38:30,"Thanks for your feedback here. If you haven't already, you can reach out to Google through the Play Store for a refund or you can email us at help@ynab.com for more info on that. \- Natalie @ YNAB",2024-02-08 13:43:49,23.23.0,YNAB
326bb172-3fce-406d-9a7d-62e76fda73d2,I'm still learning after 7 months and YNAB has changed my relationship with money dramatically. Highly recommend this for getting and keeping your future on track and for helping you to achieve your financial goals!,5,0,24.1.2,2024-02-07 15:15:17,Love this! It's awesome that YNAB has changed your relationship with money so dramatically. Thanks for leaving a review! \- Natalie @ YNAB,2024-02-08 13:39:44,24.1.2,YNAB
033e3d80-64a1-47f2-a142-53d776da609b,Really helps me know where I'm at financially and watch my finances improve.,5,0,24.1.2,2024-02-07 06:54:38,Thanks for leaving a review! I love that YNAB has helped you so much. \- Natalie @ YNAB,2024-02-08 13:23:39,24.1.2,YNAB
69532f7c-19ac-433c-b307-443fa5574a7d,Doesn't make sense. Not yser friendly budgeting.,1,0,,2024-02-06 15:07:46,"Thanks for leaving a review. I'm sorry to hear you didn't find YNAB to be user friendly! If you ever want to give YNAB another try, we are always happy to answer any questions you have. \- Natalie @ YNAB",2024-02-07 10:14:42,,YNAB
4acdc81a-1ab1-4ef4-b995-e5cfec981b02,"Using the app for 4 months already. What i didnt like in the mobile app: - no ""."" when entering a summ. This is very frustrating, cuz it would save me time in case i made a mistake. And you anyway have that spot free when entering a transaction (bottom left) so why not use it like every calculator has it?! - absolutely NO report stats. For 15$ a month you could make the most basic report screen as it is on the web version. - you cant see all the transactions in a specific category in the app.",3,0,24.1.2,2024-02-06 10:24:00,"Hi Alice! Thanks for sharing your thoughts. We appreciate you letting us know that the ""."" and mobile reports are important to you. \- Aubrey @ YNAB",2024-02-06 13:51:39,24.1.2,YNAB
5eee921c-9166-4a2c-9574-3b2c81715d94,"As I'm using the app, it pops up a box, interrupting my flow and asking me what I think about the app. Due to the annoying popup, I think it's one star.",1,0,23.23.0,2024-02-06 08:50:15,"Hi David! That does sound frustrating. If a pop up is frequently interrupting you in YNAB, I'd recommend reaching out to our Support Team at help@ynab.com so we can help you out with that! \- Aubrey @ YNAB",2024-02-06 13:58:36,23.23.0,YNAB
f69987ed-0017-4414-95fe-1fc14bc951b4,"Compared to the same app on iPhones, this app lacks functionality like YNAB Together. Also, by signing up with Google Pay, it looks like I'm unable to join someone else's Together budget. Ultimately, these bugs and UI issues that are specific to Android are very frustrating and make me unwilling to continue with a paid subscription.",1,0,23.23.0,2024-02-05 18:54:43,Thanks for your feedback here! I will definitely pass it along to our team. \- Natalie @ YNAB,2024-02-06 11:29:32,23.23.0,YNAB
0098baa3-174b-4ec1-b91a-f23b663e0986,YNAB is the best thing that ever happened to my money.,5,0,23.23.0,2024-02-04 19:50:30,"Diane, thanks for your awesome review! I'm so glad YNAB has been a game\-changer for you. 😊 \- Aubrey @ YNAB",2024-02-06 11:13:02,23.23.0,YNAB
dcfa9647-c469-4556-b12a-7e337618d7fa,amazing! digital Dave Ramsey. budget every dollar every month.,5,0,23.23.0,2024-02-04 12:25:29,Thanks for the 5 star review! 🌟 \- Natalie @ YNAB,2024-02-06 10:04:56,23.23.0,YNAB
b8e5b50f-e57e-48b0-b676-120adb8d43c7,"Takes a bit of getting used to after Mint, and a different approach to budgeting but it's a better app and excellent features and support articles",5,0,23.23.0,2024-02-03 10:51:26,Thank you so much for your review! We are definitely different from Mint but in the best way. So glad you found us and to have you YNABing with us! \- Natalie @ YNAB,2024-02-06 09:28:46,23.23.0,YNAB
d5495f9b-eb9e-41b4-88b8-2941d1074276,super helpful! worth the monthly fee. this happ has helped me understand my spending habits so much more than I thought and allow me to structure my money to reach peace of mind. thank you YNAB!,5,0,23.23.0,2024-02-02 16:57:10,You are so welcome! Having peace of mind around your finances is huge and I'm so glad YNAB could help with that. Thanks for leaving a review! \- Natalie @ YNAB,2024-02-06 08:54:08,23.23.0,YNAB
e049040e-d262-4cf5-b59c-b5dba09ed78b,"best budgeting tool ever, more effective & holds you accountable compared to a spreadsheet. I wish they made an app to track calories this easily!",5,0,23.23.0,2024-02-02 13:34:17,"Thanks for leaving a review! So glad YNAB has helped you. We have heard of people using YNAB to track calories, so cool! \- Natalie @ YNAB",2024-02-06 08:52:44,23.23.0,YNAB
341fa440-890f-4199-9aaa-92291b18c0cf,"This is a life-changing service for me and I have both the mobile and desktop versions loaded. There are some features not available on the mobile app (yet) but overall the functionality, support, and available classes are amazing. I also loved the 34 day free trial (no cc needed). This allowed me to really try the app for more than just one month of bills and income. I can't recommend YNAB enough.",5,10,23.23.0,2024-02-01 12:15:10,Thank you so much for your review! It's so great to hear that YNAB has helped you so much. 🎉 \- Natalie @ YNAB,2024-02-06 08:29:11,23.23.0,YNAB
acc53df2-b3b4-4b0b-a11b-9df095fa4a2c,i love this app but it's too expensive for me live in Indonesia,3,0,,2024-02-01 10:18:23,Thanks for leaving a review! I understand if the price might be too much. I hope you'll continue to use the YNAB Method! \- Natalie @ YNAB,2024-02-06 08:15:09,,YNAB
f1e88fa9-7771-403d-a429-dd9b8b2c8e87,YNAB has completely changed my relationship with money. I have been using it for several years now and it's the only app that I will consistently and happily pay good money for because of how much it has helped me build awareness of my spending habits and focus on goals that have given me so much more financial freedom. I also rarely write reviews...but this one is worth it!,5,0,23.23.0,2024-02-01 08:54:54,Thank you so much for leaving a review and sharing your experience! I love that YNAB has helped you so much. Financial freedom is a big deal! 🎉 \- Natalie @ YNAB,2024-02-01 12:22:34,23.23.0,YNAB
ca5d9d17-e9d5-4ba4-a560-696dac3a35b5,"Not easy to use, can't make sense of it.",1,0,23.23.0,2024-02-01 06:15:26,"Thanks for your review, Tilly. I'm sorry you didn't find YNAB easy to use. If you want to give us another try, you can email us at help@ynab.com and we are happy to answer any questions you have! \- Natalie @ YNAB",2024-02-01 12:20:12,23.23.0,YNAB
e7263fb0-bb9b-4f48-ab06-17aa96fa9848,In the past I've always done my budget for the month on a computer. But the app has reached the point where I can actually do my budget on my phone if need be. Well done on the continued usability improvements!,5,0,23.23.0,2024-02-01 04:48:23,Thanks Graham! It's pretty to cool to see how far the mobile app has come and that you can do so much on it. Thanks for YNABing with us! \- Natalie @ YNAB,2024-02-01 12:19:38,23.23.0,YNAB
c2438fc7-47ef-459f-b312-239d21e3e121,"Best budgeting app I've ever used. YNAB has changed my attitude and approach to budgeting and given me financial freedom, even on my low income.",5,0,23.23.0,2024-01-31 21:29:49,"Financial freedom is the best feeling!! I'm so glad YNAB could help you with that, Judi. Thank you so much for leaving your review. \- Natalie @ YNAB",2024-02-01 08:19:17,23.23.0,YNAB
ea0da54d-7710-4ba5-8480-71327949da13,I have been managing my families 2 accounts and my 2 accounts. 4 accounts perfectly managed,5,0,23.23.0,2024-01-31 12:51:35,Way to go!! I love that YNAB can help make the easy for you. Thanks for YNABing with us! \- Natalie @ YNAB,2024-02-01 07:59:25,23.23.0,YNAB
66a06827-af27-4a89-9fd4-045310362eff,"I used to use mint, this is in an entire league!",5,0,23.23.0,2024-01-31 11:08:51,"Thanks for leaving a review, Nicholas. So glad you found YNAB! \- Natalie @ YNAB",2024-01-31 13:03:33,23.23.0,YNAB
6b1a21cc-3ea1-4adc-a22c-c6a7f7efd71d,"Amazing app! Great user interface and lots of helpful resources to help you get started using it. I've tried SO MANY budgeting apps since Mint shut down, but this is the first one that handles budgeting in an intuitive and flexible way - So I can use the app to budget how I ACTUALLY budget, not just as a fancy spending tracker. Seriously, being able to sort my money into digital ""envelopes"" has been such a gamechanger, and I'm already saving money 3 weeks into the trial. Good job guys!",5,8,23.23.0,2024-01-31 07:13:30,"Thanks for your review, Daniel! I love that YNAB has been helping you in just a few weeks. Giving every dollar a job is the best money habit and is definitely a gamechanger. So happy to have you YNABing with us! \- Natalie @ YNAB",2024-01-31 12:53:43,23.23.0,YNAB
2a5b43be-7147-4aac-87c1-b897b2429cc8,"I set up an account today and first thing I noticed is they use PLAID only which has recently declined in account support so 7 of my accounts (some listed as supported) will not connect. Deleted my account 10 minutes after subscribing to the yearly plan. Hopefully they do better but for now, I'm off to find a better app.",1,0,23.23.0,2024-01-31 05:36:02,"Thanks for the review, John. We work with multiple import partners and we'd love to see if we can get those bank connections working. You can email us at help@ynab.com. We'd love for you to give us another try! \- Natalie @ YNAB",2024-02-01 08:00:45,23.23.0,YNAB
99b86210-c8c3-4a23-9357-96167de628f2,I've used a lot of budget apps but this one makes it easier to plan and function! Worth the money!,5,0,23.23.0,2024-01-31 05:15:30,"Thanks for leaving a review, Jocelyn! I'm so glad YNAB has made it easier to plan out your money. 🙌🏻 \- Natalie @ YNAB",2024-01-31 11:21:40,23.23.0,YNAB
48323468-f549-4f7d-92c3-231e02991acd,👍,5,0,23.23.0,2024-01-31 02:46:21,"👍 right back at ya, Jim! \- Natalie @ YNAB",2024-01-31 11:12:40,23.23.0,YNAB
f0acb9c0-7e3d-46b2-b969-571220532856,Great for organizing all of your staff injuries,5,0,23.23.0,2024-01-31 02:28:03,"Thanks for the 5 star review, Judith! \- Natalie @ YNAB",2024-01-31 11:12:10,23.23.0,YNAB
58053ea9-2ed4-4d36-a48f-6620b915bbeb,"I'm sorry, but I'm trying to redo my budget as I can not afford anything at all, and my spending spree every fortnight is completely random and chaotic. I am not paying $140 every year for a basic app like this when I can barely afford to keep my prepaid mobile payments consistent.",1,0,,2024-01-30 06:16:56,Totally understandable! I hope you'll use the YNAB Method as you work on your budget. https://www.ynab.com/the\-four\-rules \- Natalie @ YNAB,2024-01-30 11:20:46,,YNAB
2e51480f-6203-4933-b452-373de5467b1d,"Mint shutting down was a blessing in disguise, this is a way better budgeting and planning tool.",5,0,23.23.0,2024-01-30 05:12:26,"Yes it was! So glad you are YNABing now. Thanks for the review, Jim! \- Natalie @ YNAB",2024-01-30 11:17:16,23.23.0,YNAB
7378a91e-4519-4172-beb6-0ef46e24065e,"Terrible, needlessly over complicated to the point where it is nearly unusable without hours and hours of learning. It is not intuitive at all.",2,1,23.23.0,2024-01-30 05:10:10,"Hi Ryan! Thanks for giving YNAB a try. I understand that it wasn't what you were looking for, and hope you find another tool that is a fit for your process with money. 😊 \- Aubrey @ YNAB",2024-01-30 06:02:57,23.23.0,YNAB
eeec4667-0ee3-4a28-bf6a-3acd21559b26,the most helpful app! helps me give jobs to the money I already have instead of guessing how much will come in this month. so worth it!,5,0,23.23.0,2024-01-29 17:01:52,"Love this, Danielle! Being in charge of where your money goes instead of guessing makes all the difference. 🙌🏻 \- Natalie @ YNAB",2024-01-30 11:15:08,23.23.0,YNAB
1f534bc2-44a5-4bb8-a81b-7393b15a31e9,"Honestly love the mentality change this app has helped me get as far as how I visualize my money, but damn this app needs an undo feature.... for when you can't quite match up pending and cleared transactions and somehow end up deleting your entire available balance and then having to do a complete fresh start instead of just undoing 1 or 2 things....",4,2,23.23.0,2024-01-27 14:29:40,I appreciate your feedback here! It's great that the YNAB Method has helped you so much. I can definitely see how an undo button in the mobile app would be helpful. I'll let our team know! \- Natalie @ YNAB,2024-01-29 07:35:04,23.23.0,YNAB
ae499fbd-7e92-4b9a-98f5-a48af39cdf6e,"YNAB makes budgetting, record keeping, and reconciliation a cinch. I wish this App existed in my early adulthood. It is worth the price.",5,0,23.23.0,2024-01-27 12:02:26,"Thanks for your review, Mark! I'm so glad YNAB has the right fit for you. \- Aubrey @ YNAB",2024-01-28 10:50:42,23.23.0,YNAB
e0a718c3-19b1-49da-8dfd-18224858a917,"There is a learning curve, but it is AWESOME! Their YouTube videos help, and asking questions on one of their Facebook groups helps. Highly recommend. I have even offered to pay for it for my nieces, I think it is so helpful!",5,0,23.23.0,2024-01-25 16:19:44,"Thanks for your review, Marcy! I love that you have found YNAB to be so awesome and that you have offered to pay for it for your nieces. We are so happy to have you YNABing with us! \- Natalie @ YNAB",2024-01-26 05:24:59,23.23.0,YNAB
8eaf7687-dfd9-4d56-8845-db8a0092885b,"Desperately needs a ""I'm an idiot, don't throw me in the deep"" setting. It does all kinds of stuff without asking and makes it near impossible to get out of it. Cash on hand? How do you even add that? Why is it randomly adding old transactions and asking me to assign it over my current balance? That doesn't make sense at all.",4,0,23.23.0,2024-01-25 10:20:01,Hi there! I recommend reaching out to our support team at help@ynab.com for assistance with this setup question. We'd love to help get you up and running in YNAB! \- Aubrey @ YNAB,2024-01-25 13:36:42,23.23.0,YNAB
5d3efe9a-9cab-4b34-ab55-36b3f2223883,"Great experience. Seems to be quite nice to give nice visual planning before the month. But also some one budget for all your money even if you have them (like me) in various areas. It's sometimes too easy to spend cash on something then regret it later, or tap and forget and realise some budgets got affected. However the 5 star is for me personally, not able to connect my bank accounts make it a cumbersome task to manually upload everything. Sadly I'm in Africa so app not set for there(yet?)",4,1,23.23.0,2024-01-25 08:31:21,"Hi Alex! Thanks for taking the time to share this feedback with us. We're glad to hear you've enjoyed using YNAB, and found it to be effective! We're hoping to continue growing the list of countries in which direct import is available. Meanwhile, if you haven't already tried file based import, it's a great way to keep your accounts up to date.",2024-01-25 13:21:34,23.23.0,YNAB
f6452158-110e-456c-817a-be44621a17c4,this app helps me to better manage my money,5,0,23.23.0,2024-01-25 01:56:20,Hi there! We're so glad to hear that YNAB has helped you manage your finances more efficiently. 🎉 Thanks for sharing this feedback with us! \- Jill@YNAB,2024-01-25 07:38:10,23.23.0,YNAB
0319b7a9-bf3b-4343-ae67-59d2228b44ac,"App does work well. Unfortunately, the issue is the auto connection with your bank. Once this is fixed, the app will gain a better review. Until then, it is not worth the monthly fee.",2,0,23.23.0,2024-01-24 21:49:20,"Hi Kyle! Thanks for taking the time to share this feedback with us. If you haven't already, reach out to us at help@ynab.com so we can take a look at that connection for you. \- Jill@YNAB",2024-01-25 07:16:08,23.23.0,YNAB
049f5597-a4b6-449f-b3c1-92c72a9b9768,"Meh. I could keep track of spending myself using a notebook. Is nothing more than a glorified to-do list, IMO. A subscription for this is outrageous. Just don't overspend, save some money, and pay your stuff. If you're gonna go out. be mindful of what you can and cannot pay.",2,0,,2024-01-24 18:01:26,"Hi there, thanks for taking the time to leave us a review. It sounds like YNAB isn't what you're looking for at the moment, but thanks for giving us a try! \- Jill@YNAB",2024-01-25 07:00:44,,YNAB
fc876510-5a88-4575-87f0-652b9cec5266,"I'm only rating the app itself as 3 star for functionality. YNAB as a budgeting solution gets 5 stars all the way! That said, the new update on the app keeps making my keypad minimize when im in the middle of entering a dollar amount and it is driving me NUTS! Please please fix it! All in all I LOVE YNAB and cannot image how I handled finances beforehand.",3,2,23.23.0,2024-01-24 10:38:58,Hi Madison! Thanks for taking the time to leave us a review. Our developers are aware of this and already working on a fix! Reach out to us at help@ynab.com for some additional information and workarounds. \- Jill@YNAB,2024-01-25 05:06:40,23.23.0,YNAB
485913e1-737f-4052-bc64-c19d60e9e484,this has been life-changing for me. I have never been able to set up and maintain a budget before but I am now getting a clear picture of where my money needs to go and gaining more control over those decisions. It's like a mindfulness practice for your money!,5,0,23.23.0,2024-01-23 03:22:29,"Thanks for leaving your review, Virginia! You are so right, YNAB is definitely a mindfulness practice for your money. I love that YNAB has helped you so much! \- Natalie @ YNAB",2024-01-23 11:27:00,23.23.0,YNAB
2bfc12bd-7062-4917-ae6b-d128a6b276cb,"If you want to focus on budgeting and want transactions to automatically import, YNAB is the app for you. I have tried probably every budgeting app available and YNAB was the only one that let me fully manage and see my budget while syncing with every other institution. Sometimes transaction importing has issues, but YNAB is still the best.",5,0,23.23.0,2024-01-22 15:22:43,"Thanks for your review, Grace! I'm so glad you have had a great experience with YNAB. 🎉 \- Natalie @ YNAB",2024-01-23 11:20:32,23.23.0,YNAB
f742f63d-0630-47fd-98aa-0e06375252e9,"I have been using YNAB since 2015, and I have never considered switching to another budgeting system. It has allowed my husband and I to be totally on the same page about our financial goals, without feeling like we're being managed or judged by the other for our spending decisions. YNAB has been key to our financial success and minimizing money-related conflict in our relationship. If you're thinking about trying it, go for it! It's the best!",5,0,23.23.0,2024-01-22 14:01:20,Thank you so much for leaving a review! It's so great that YNAB has helped you so much. I hope you have a 10 year YNAB\-iversary party next year! \- Natalie @ YNAB,2024-01-23 11:19:29,23.23.0,YNAB
c4c2ea8b-96d9-433a-bc3b-9fcda6934e86,"the app is solid, but it's the mindset it creates that is life changing. highly recommend.",5,0,23.23.0,2024-01-22 06:18:20,"Thanks for your review, Peter! I love that YNAB's method has been life\-changing for you. 😊 \- Aubrey @ YNAB",2024-01-22 15:46:45,23.23.0,YNAB
7c2a812c-cd20-42e5-972d-59ad75bb360d,"This is a great app for saving money! It has helped me get my finances in order. I'm a very visual person, though. I even paid for the subscription yearly to save more money. It's been a great investment! One thing. Please add some sort of notepad (note section) or checklist for bills I need to cancel so I don't forget anymore If that feature gets added automatically, 5 stars, no question!",4,20,23.23.0,2024-01-21 17:38:43,Hi Skye! Thanks for your review and the request for a note section or bills checklist. I encourage you to share this idea directly with our designers: https://youneedabudget.typeform.com/to/Pt6cek?typeform\-source=support.ynab.com. \- Aubrey @ YNAB,2024-01-22 13:44:46,23.23.0,YNAB
f999ce2c-ed01-4bc3-8df6-acd91d3515f4,"I have been a customer with YNAB for over 10 years, but recently became very complicated and hard to audit and know where your money come from. Sometimes I get messages I have not assigned enough to credit cards. Make no sense as the same of ally accounts is positive but somehow the budget category is negative. Looking for other options, such a shame after so long.",2,3,23.23.0,2024-01-21 13:09:13,"Hi there! Thanks for taking the time to share this feedback with us. If you haven't already, please reach out to us at help@ynab.com. We'd love to help you make sense of what you're seeing and get to things sorted out! \- Jill@YNAB",2024-01-22 12:54:19,23.23.0,YNAB
5b0d10d4-cc2d-4658-90cb-8800b37d1b76,Excellent budgeting tool!!,5,0,23.23.0,2024-01-20 23:45:10,"Thanks for this review, Terri! We're glad to hear that YNAB is working well for you. 🎉 \- Jill@YNAB",2024-01-22 12:30:35,23.23.0,YNAB
17047ad0-e115-45fa-8b0e-72d5b3033840,Good,5,0,23.23.0,2024-01-20 15:10:22,"Thanks for leaving us a review, John! We're glad you're enjoying YNAB. 🎉 \- Jill@YNAB",2024-01-22 12:28:33,23.23.0,YNAB
89036106-903c-4a2f-ad4b-3691bb9431dd,this app has really helped me prioritize what my money is being spent and where I want it to go. also their customer service is superb,5,0,23.23.0,2024-01-20 07:19:00,Hi Bill! I'm so glad that you've found YNAB to be a great fit for you. Thanks for sharing about your experience with our support team as well! \- Aubrey @ YNAB,2024-01-22 11:42:02,23.23.0,YNAB
279d48dc-cec0-4dca-9373-a1791f4b265e,simply a delightful and robust tool,5,0,23.23.0,2024-01-19 21:22:00,"Thanks for the review, Nathan! I'm so glad YNAB has been a great fit for you. 😊 \- Aubrey @ YNAB",2024-01-22 11:33:18,23.23.0,YNAB
cf9e1526-c853-4c31-99b9-1adbff7ac886,I love YNAB. It has been incredibly helpful in helping us take control of our finances and be intentional with our money.,5,0,23.23.0,2024-01-19 04:35:26,"Hi Mathias, thanks for taking the time to leave us a review! We're so glad to hear that YNAB has helped you become more intentional with your spending decisions. That's such a big win! 🎉 \- Jill@YNAB",2024-01-20 07:34:22,23.23.0,YNAB
4e6ad1f9-7c09-493f-a2f4-cc444adba3cc,"don't bother if you deal with CIBC, transactions don't come through unless you remove the account and re-add. not something I feel like doing every day",1,0,23.23.0,2024-01-18 16:44:27,"Hi Matt, thanks for taking the time to leave us a review. If you haven't already, please reach out to us at help@ynab.com. We're often able to troubleshoot direct import connections and get them running more smoothly. \- Jill@YNAB",2024-01-20 07:28:55,23.23.0,YNAB
ff686c45-2c41-4e4e-98ce-94f55b6c6406,I love this app. It has really helped me get on top of my spending and maintain my budget. There is a bit of a learning curve for using it at first. But the how to videos are awesome. Highly recommend.,5,0,23.23.0,2024-01-18 12:26:37,"Thanks for this great review, Dorianne! We're thrilled to hear that YNAB has had an impact on your financial life and helped you get ahead. 🎉 \- Jill@YNAB",2024-01-20 07:17:12,23.23.0,YNAB
ef337506-c6c1-4420-a86e-f816dd8a459e,"It helps. We have a better understanding of our budget, and it is fun to use the app.",5,0,23.23.0,2024-01-17 11:52:42,"Hi Robbie, thanks for your review! We're so glad to hear that YNAB has been both impactful and enjoyable to use. 🎉 \- Jill@YNAB",2024-01-18 05:24:05,23.23.0,YNAB
7ce04ab8-b0b6-4441-90bb-834fa36765ab,"Good budgeting app, but very lacking reports given the cost despite numerous requests coming from the community.",3,0,23.23.0,2024-01-16 18:27:13,"Hi Chris! Thanks for your review, and for sharing your feedback on mobile reports. \- Aubrey @ YNAB",2024-01-18 05:23:36,23.23.0,YNAB
5f88fe3b-220f-4f06-8b8e-1bfc2d2aeae5,Tried it out coming from Mint and just didn't hit right. App was fine and everything seemed to work during the trial. But ultimately just missing to much for me.,3,0,,2024-01-15 15:14:56,"Thanks for taking the time to leave us a review, Jeff. It sounds like YNAB isn't what you're looking for right now. We hope you find a Mint alternative that works well for you, and please reach out if you'd ever like to give YNAB another try! \- Jill@YNAB",2024-01-15 13:22:35,,YNAB
f27028ba-adc1-41ab-b001-57ed9092284b,Doesn't work with Ukrainian banks (,2,0,,2024-01-15 10:29:08,"Hi there! Thanks for taking the time to leave us a review. While we do have other ways of keeping your accounts up\-to\-date, our direct import provider, TrueLayer, is always working to expand the connections available in Europe. \- Jill@YNAB",2024-01-17 05:59:47,,YNAB
f4521e8f-b512-489b-9e0c-c96643320ec9,Asvsa,5,0,23.23.0,2024-01-15 01:03:33,"Hi there! We're glad to hear you're enjoying YNAB, and finding it useful. Thanks for taking the time to leave us a review! \- Jill@YNAB",2024-01-17 05:46:45,23.23.0,YNAB
d5d75b2f-849b-447c-a9c3-f5351046f988,"I gave this a chance but it's terrible. Why is it prompting me assign my salary to a category? This makes no sense. The salary should be in my available money to be assigned. And no, I didn't over spend because I still had unassigned cash in my account prior to my paycheck depositing. And even after the deposit, the total didn't increase. This app literally stressed me out. After several deep breaths, I had to uninstall it and look elsewhere.",1,1,23.23.0,2024-01-14 18:36:28,"Hi Ken! Thanks for letting us know that YNAB isn't what you're looking for right now. If you decide to give it a try in the future, I would recommend checking out some of our free resources to gain familiarity with how the app works. \- Aubrey @ YNAB",2024-01-16 09:22:45,23.23.0,YNAB
dbb6c0ee-227d-48cc-8ce0-72a08ae0d779,it's great!,5,0,23.23.0,2024-01-14 04:32:30,Hi David! I'm so glad that YNAB has been a great fit for you. 😊 \- Aubrey @ YNAB,2024-01-16 08:29:31,23.23.0,YNAB
65917bed-2da8-4a76-83b6-53275bb23b9b,Fantastic tool to reduce financial stress! And kinda fun if you're nerdy about money. This is an absolute must for anyone looking to get and stay on top of their financial lives!,5,0,23.23.0,2024-01-12 18:11:15,"Thanks for your review, Justin. We're thrilled to hear that YNAB has made a difference in your financial life, and reduced stress\-\-that's such a big win! 🙌 \- Jill@YNAB",2024-01-15 13:05:16,23.23.0,YNAB
b2e3e1dc-5e32-4222-97df-de0efdba753f,"Excellent App...once you understand it. It is much easier to understand when you look at it as a fancy Excel spreadsheet. Educate yourself with the tutorials! I have one development suggestion. My wife and I share a credit card and pay that from two different accounts, hers and mine. YNAB does not have an easy process for keeping track of each person's CC transactions & payments in the same budget. Support was not able to offer any viable solutions to this. Best app out there, though.",5,5,23.23.0,2024-01-12 11:04:15,"Hi Dean! Thanks for this great review. We're glad you've enjoyed using YNAB! If you're up for it, we'd love for you to share your feature request directly with our Product Team, here: https://youneedabudget.typeform.com/to/Pt6cek. \- Jill@YNAB",2024-01-15 11:15:35,23.23.0,YNAB
21a82cfe-2f61-4bfc-b280-6261bcb491e5,I've had YNAB for a few months now but only really started tracking my spending in January 2024 and it's been a game changer.,5,0,23.23.0,2024-01-12 08:19:43,Hi Chantel! Thanks for this awesome review. We're glad to hear that YNAB has been a game\-changer for you! Giving every dollar a job really does provide a whole new level of financial control. 🙌 \- Jill@YNAB,2024-01-15 10:58:30,23.23.0,YNAB
6afa3f10-ba72-4032-9358-06c6566e59fc,Takes a little while to get into the groove of how YNAB works. But once you do you change your mindset about how you spend. I saved the cost of multiple months of the service during the free trial month alone.,5,0,23.23.0,2024-01-12 06:52:18,"Hi Aaron! What a great review, thanks for sharing it with us. 🤩 We're glad to hear that YNAB has helped you change your money mindset, and helped you save along the way! \- Jill@YNAB",2024-01-15 10:57:06,23.23.0,YNAB
d84b2c4d-2c23-4f29-86f1-da5b0014e2f8,Help me stay on point in life,5,0,23.23.0,2024-01-11 19:38:19,"Thanks for this awesome review, Valerie! It sounds like YNAB has helped you gain full control of your finances. We're glad to hear it! 🎉 \- Jill@YNAB",2024-01-15 09:44:52,23.23.0,YNAB
fd8e68c7-10d7-4b5f-a236-3436f8da0cbc,"Far from perfect. Disappointed. Signed up yesterday. So far it fails to link to my bank. So disappointed. Edit: I wrote to YNAB's Customer Support and got a response within hours. The solution they provided worked initially! But then stopped syncing any more with my linked bank accounts. Without the sync, the app loses its charm. Ynab, I hope you take note you're losing customers this way.",1,2,,2024-01-11 16:56:25,Hi there! Thanks for taking the time to share this feedback with us. We'd love for you to reach back out to us. We're normally able to work through a few different troubleshooting options when it comes to direct import connections! \- Jill@YNAB,2024-01-15 09:42:54,,YNAB
2e510b84-c5a2-48e1-8145-fe8fbf8be9c0,Not very user friendly and the auto assign feature is infuriating and almost always wrong.,1,0,,2024-01-11 07:14:38,I appreciate your feedback here. We are happy to answer any questions about the auto\-assign feature or anything else. You can email us at help@ynab.com! \- Natalie @ YNAB,2024-01-11 10:33:27,,YNAB
fdb06772-ff59-43c9-a5ac-59abd5644a9e,"it takes work & consistency, but you will get in return the work you put in",5,0,23.23.0,2024-01-11 05:10:30,Thanks for leaving your review! I totally agree that managing your finances does take some work and consistency but it's definitely worth it. 💪🏻 \- Natalie @ YNAB,2024-01-11 10:32:03,23.23.0,YNAB
2538a184-8071-4906-beff-9fb487678b6d,You need a budget.,5,0,23.23.0,2024-01-10 08:30:18,"Thanks for your review, Jeremy! It sounds like YNAB's method has been a great fit for you. 😊 \- Aubrey @ YNAB",2024-01-10 09:48:07,23.23.0,YNAB
5b685a75-a228-4211-b4cf-cf1bfa42eae1,"I thought this app was pretty useful, but it was too big of a life change for my s/o, and we weren't able to effectively use it because of that. As someone that ""Needs A Budget"" the subscription costs are also a little much...",3,0,23.23.0,2024-01-10 04:09:22,"Hi Bret, thanks for taking the time to share your feedback with us! Having a paid product allows us to continuously improve the app and provide top\-notch support for our users. Many users find they're able to save more than the annual subscription cost within a couple months of using YNAB. Reach out if you'd ever like to give YNAB another try!",2024-01-10 09:57:44,23.23.0,YNAB
6f454d15-5253-48eb-8180-8b2b429d1a28,Amazing! 10/10,5,0,23.23.0,2024-01-09 22:05:42,Hi Matthew! We're glad to hear you're loving YNAB. 🎉 Thanks for taking the time to leave us a great review! \- Jill@YNAB,2024-01-10 07:55:24,23.23.0,YNAB
bd6ee2e3-ddc4-420e-a252-e8cd444908fa,Please add a high contrast option for people who are colorblind! The 'funded' green color and 'underfunded' yellow color look virtually identical to me and I'm sure a lot of other people have that issue too!!,3,1,23.23.0,2024-01-09 17:45:32,Thank you for your review and feedback here! I'll pass this along to our team. \- Natalie @ YNAB,2024-01-09 13:07:51,23.23.0,YNAB
eca73629-451b-4d17-ad5d-8eb5e9319df6,I saved money to take trips and buy what I needed instead of worrying.,5,0,23.20.3,2024-01-08 11:51:50,Hi there! Thanks for sharing this awesome review with us. Replacing worry with financial peace and travel\-\-it doesn't get much better than that. 😎 We're thrilled we could play a part in that success! \- Jill@YNAB,2024-01-09 09:54:32,23.20.3,YNAB
93e22904-e304-4fcb-9e74-6ce78e4fbcae,Feature request: Please add the expense piechart and filtering in the mobile app. The feature exists in Web but not mobile. It will be more convinient to keep on your cellphone.,5,0,23.23.0,2024-01-08 08:18:11,Thanks for the feature request! I'll definitely let our team know that you'd like to see the piechart and filtering in the mobile app. It's always helpful to know what our users like to see in the app! \- Natalie @ YNAB,2024-01-08 07:54:42,23.23.0,YNAB
40c3a5ee-2adb-4229-a1ac-672ee2cc3764,The most lag I've ever experienced out of an app. Took forever to connect with my bank and when it finally did it took all my transactions from last month too and tried to put them into this one. Maybe I just don't know how to operate it but I know I did not like using it and definitely did not like the wait time to get everything set up just for it to be a complicated mess.,1,2,,2024-01-07 09:46:48,Hi Derek! I'm sorry to hear that your setup in YNAB wasn't as smooth as you were expecting. I recommend reaching out to our Support Team \(help@ynab.com\) if you're still interested in seeing how YNAB can work for you. \- Aubrey @ YNAB,2024-01-09 04:44:49,,YNAB
7c24263b-aea3-4127-b68b-c14339c244c3,"YNAB is a critical tool for how I manage my budgets. The app makes it as easy as I think it can be to stay on top my finances and plan for the future. It looks good, connects to many banks, and has been stable for me for years.",5,0,23.23.0,2024-01-07 07:02:07,"Thanks for this great review, David! We're so glad to hear that YNAB has been a valuable tool. 🎉 \- Jill@YNAB",2024-01-09 06:56:35,23.23.0,YNAB
b8e1097c-cf68-4e58-b96b-afd4aaf1ad70,The only reason I didn't give 5 stars because I'm still trying to figure out how I can keep track of my monthly income?,4,0,,2024-01-06 23:48:51,Hi Elizibeth! Thanks for your review. I recommend reaching out to help@ynab.com so our Support Team can help you figure out that monthly income amount. 😊 \- Aubrey @ YNAB,2024-01-09 05:39:12,,YNAB
8fc093ed-66a0-4620-809f-cdb18fdf2176,"Mint refugee here. I really did not like the way this budget app was set up, and did not think the Plaid connection service worked very well. I ended up using Every Dollar, which I like a lot more.",3,0,,2024-01-06 12:19:46,"Hi Paul, thanks for leaving your review. We are always happy to answer any questions you have or help with the bank connections. I hope you'll give us another try in the future! \- Natalie @ YNAB",2024-01-08 07:20:49,,YNAB
a6db4f91-17d4-4dac-bb65-04a7153f8be4,Doesn't update my bank account like it's supposed to with what funds I have available. It's also just a list for a budget which I can make myself. To pay for this app seems unnecessary.,1,2,23.23.0,2024-01-06 06:42:58,Thanks for leaving a review! We'd love to check on that bank connection to make sure it's working correctly. You can email us at help@ynab.com! \- Natalie @ YNAB,2024-01-08 07:18:39,23.23.0,YNAB
992e687f-e328-40a2-bd51-3df18903b325,"I am returning to the app after 2 years of not using it and noticing that not only has the interface not improved or added features, but it's highly glitchy. I'm having to redo or verify things on the website at my desktop to ensure a complete and accurate budget. Given the monthly costs, the fact that the app really isn't standalone, and the glitches, if you're not currently using YNAB, this isn't the time to start",2,8,,2024-01-05 14:40:38,"Hi Hayden, thanks for the feedback here. I'm sorry to hear the app has been glitchy for you. We are always happy to help when this happens. You can email us at help@ynab.com. \- Natalie @ YNAB",2024-01-08 07:11:19,,YNAB
7e801176-f7f9-48f8-a5d5-cc3fd6512223,This app is great! I've been using it now for over 5 years. It's a great way to track spending. I originally started using it to help us pay off some debts. It helped us be successful with that. Very easy to use!,5,0,23.23.0,2024-01-05 03:16:49,"Thanks for your review, Kyle! I love that YNAB has helped you pay off debts. So glad to have you YNABing with us! \- Natalie @ YNAB",2024-01-08 07:57:07,23.23.0,YNAB
5008b956-6844-4539-a121-08d8464b6f82,Bangladesh start please,5,0,,2024-01-04 22:47:35,"Hi there, thanks for leaving a review. Feel free to reach out if you have any questions about using YNAB. You can email us at help@ynab.com. \- Natalie @ YNAB",2024-01-08 07:53:42,,YNAB
742560c6-ce38-4b61-be1d-8e62bda5a630,"Connectivity issues, delayed transactions, used to work flawlessly. Asked for a refund of my year as TD Canada will not connect. Was declined for a refund and told feel free to delete but no refund will be issued. Will never recommend again. Sad!",1,1,23.23.0,2024-01-04 19:06:36,"Hi Anderson, thanks for taking the time to share your feedback with us. Since YNAB is fully functional without direct import, you are correct that we don't provide refunds for this. If, however, you are subscribed through YNAB directly, you can receive a prorate refund for any unused time left on your subscription when you delete your account.",2024-01-05 11:02:09,23.23.0,YNAB
08e83654-297c-4e68-9ed1-09b9879ccc33,pretty good,4,0,23.23.0,2024-01-04 04:00:52,"Thanks for leaving a review, Nick! \- Natalie @ YNAB",2024-01-04 09:00:46,23.23.0,YNAB
f535b2f8-ad72-4454-abb2-7a310ca0bdf7,"I could only find help on YouTube about the desktop version. I'm mobile only and don't have desktop/laptop. For example, had $500 allocated toward being able to make a credit card payment, but I couldn't for the life of me tell the system ""use the money I allocated HERE to pay THIS"". Even when using ""record payment"" in the app. I tried so hard and spent so many hours of my time thinking yeah it'll get better, but it didn't. Way too confusing and not for a casual budgeter",1,8,,2024-01-03 22:41:00,"HI Tom, thanks for leaving a review. We'd be happy to help with your questions! You can email us at help@ynab.com. \- Natalie @ YNAB",2024-01-04 08:07:08,,YNAB
cec091d3-c82d-4beb-b1f1-fd0f62d97bba,I need to primarily use this mobile. The interface is not user friendly on mobile.,3,1,,2024-01-02 10:08:34,Hi Donna! Thanks for your feedback on the mobile app experience. We'd love to have you share your thoughts directly with our designers here: https://youneedabudget.typeform.com/to/Pt6cek?typeform\-source=support.ynab.com. \- Aubrey @ YNAB,2024-01-02 11:27:03,,YNAB
ba4c55db-c9b1-4553-a85a-5a7dba6c0eb9,great,5,0,23.23.0,2024-01-02 02:11:35,"Thanks for leaving a review, Roman! 🌟 \- Natalie @ YNAB",2024-01-02 08:11:41,23.23.0,YNAB
5f833769-c2d0-4d78-8870-d51e694bf385,lack of integration with splitwise makes it so much harder for those who track their shared spending there :/,4,0,23.23.0,2024-01-01 20:09:29,"Thanks for your feedback here! We have video all about YNAB and Splitwise, https://www.youtube.com/watch?v=keb9rXjh8eA. I recommend checking it out! \- Natalie @ YNAB",2024-01-02 08:11:01,23.23.0,YNAB
233303fd-e594-441d-be2d-30b8671eaf82,"My relationship with the app is growing more positive. I have been testing out many of the other apps which seemed to purport amazing budgeting abilities, but this one still seems to be the best. It is a challenge to set up and I am still working on that but I see promise on the horizon",4,0,23.23.0,2024-01-01 11:54:42,"Thanks for your review, Steven! I'm so glad you are seeing value in YNAB. Feel free to reach out with any questions as you continue working on it. You can email us at help@ynab.com. We are happy to help! \- Natalie @ YNAB",2024-01-02 08:08:02,23.23.0,YNAB
cd31ee55-64af-4b6c-a541-b3bd54b2c003,Just put that this is a paid service at the very start of sign up instead of wasting people's time that can't afford it.,1,0,23.23.0,2024-01-01 11:33:44,"Thanks for taking the time to share this feedback with us. We're always keen to hear what you think, and we'll keep it in mind as we continue to improve YNAB. Most users find that by using YNAB, they're able to save much more than the subscription cost. You can give it a try risk free, with our 34 day free trial. \- Jill@YNAB",2024-01-02 08:09:26,23.23.0,YNAB
6c2e7f46-28e5-484d-9f21-8e9ec2764a5f,"I'm revising my review from 5 stars to 2 stars. YNAB hasn't consistently imported American Express transactions for years. YNAB support assigns blame to AmEx, Plaid, and MX, but I don't really care since I pay YNAB for a service they can't deliver. I have to manually add dozens of transactions per month. YNAB does a lot of things well, but be prepared to do a lot of work if you have any American Express accounts.",2,17,23.23.0,2024-01-01 10:38:53,"Hi Joseph! Thanks for sharing this feedback with us. We have recently seen some progress with the American Express connection. If you haven't been in touch with us recently, please reach out so we can take a look at that connection for you! \- Jill@YNAB",2024-01-02 07:04:14,23.23.0,YNAB
17f17746-7f0d-44a3-b0b3-f73f2bb87fba,"this app helped us go from deep in the red to back in the black! We love it! it does take some trial and error to learn, but once you get the hang of it, it's the best thing ever for our financial life.",5,0,23.23.0,2023-12-31 22:27:32,"Hi Claudia, thank you so much for this awesome review! We're thrilled to hear that YNAB has had such an impact on your financial life. 🙌 It sounds like you've really put in the work to accomplish some big financial goals! \- Jill@YNAB",2024-01-01 13:00:35,23.23.0,YNAB
b0be321b-1cc1-4c88-98c0-bc972e49027c,Uncle Sam,5,0,,2023-12-31 15:01:13,Thank you for your review and the 5 starts! 🌟 \- Natalie @ YNAB,2024-01-01 12:52:21,,YNAB
17622107-1250-43e9-a947-3a4148407a29,Great,5,0,,2023-12-31 06:59:12,"Thanks, Will! So glad to hear that you think YNAB is great. 🎉 \- Natalie @ YNAB",2024-01-01 07:53:41,,YNAB
4c4b361b-bd91-42aa-8e47-5922abb36ed5,"You should know that ynab is meant to be used on desktop. There are a lot of features that are only on desktop, like generating reports. It's ridiculous that they charge $100 for a mobile app that doesn't even have the most important features, and you have to go to a computer to use it anyway. Also the pulling of data from banks is super slow, much slower than mint (which is free)",2,32,23.23.0,2023-12-30 08:40:53,"Thanks for your review, Sajid. I'll definitely pass along your feedback about the mobile app and bank connections to our team. Thanks for YNABing with us! \- Natalie @ YNAB",2024-01-01 07:33:09,23.23.0,YNAB
a20d4ae6-3bc7-4c45-bbe7-710602d2ff40,Best virtual envelopes program I've seen,5,0,23.23.0,2023-12-29 14:36:41,"Thank you so much for your review, Michael! I love that you have found YNAB to be the best. So glad to have you YNABing with us! \- Natalie @ YNAB",2023-12-28 07:44:53,23.23.0,YNAB
9a42c610-82b1-4f3d-8d73-6aa1d928afa8,not worth the subscription if you're coming from mint and half your banks aren't supported. do the free trial first to check. paying a fee to enter things manually when there are already great software you can use to do that for free won't save you money (in most cases you'll eventually forget because of the half assed sync),1,4,,2023-12-29 09:08:50,I appreciate your feedback here. Bank connections can be tricky and I agree that using the free trial to see if YNAB works for you is a great plan. I wish you all the best as you find the right solution for you! \- Natalie @ YNAB,2024-01-01 07:12:03,,YNAB
51993a70-e0ec-467c-b950-5819b07e1241,Budgeting is a must for anyone who uses money. I've been using YNAB for many years. The most recent update is my favorite yet. I wouldn't even consider trying another app.,5,0,23.23.0,2023-12-29 06:35:23,"Thank you for this review, Stephanie! I agree, anyone who uses money needs a plan and YNAB can help with that. Thanks for being such a longtime YNABer! \- Natalie @ YNAB",2024-01-01 07:10:48,23.23.0,YNAB
2c72f82d-3698-4323-b1c9-46fdaaca379c,I have been using this app for years and it has helped me to go from living paycheck-to-paycheck to having savings and an emergency fund. The only difficulty I ocassionally have is with credit card transactions. sometimes there is.something that causes categories to be out of balance but I am not sure what causes the issue.,4,3,23.23.0,2023-12-27 09:02:19,"Thanks for leaving a review, Kimberly! I love that YNAB has helped you save so much over the years. You can always email us at help@ynab.com when a credit card transaction issue pops up, we are happy to help! \- Natalie @ YNAB",2023-12-28 04:43:04,23.23.0,YNAB
1adbc24d-0d81-4424-bcc9-a80ff169e10a,"For the price look elsewhere, looks to be an amazing app but the predatory pricing is too much. They want 124$ for a year, or 20$ per month, only those who have their finances already under control could afford to utilize this app. They hope you spend the time setting it up and pay the fee.",2,1,,2023-12-27 06:51:03,"Hi Cory, thanks for your review and feedback about the price. I'm sorry you found it to be predatory, that is not our intention. I wish you all the best as you find the right solution for you! \- Natalie @ YNAB",2023-12-28 07:44:00,,YNAB
8e724359-1d72-4488-8a8e-9ca45e912221,Can't login or register!!! Help!,1,1,23.23.0,2023-12-27 03:37:39,"Hi there, thanks for leaving a review! We can definitely help with this. You can email us at help@ynab.com and we'll go from there! \- Natalie @ YNAB",2023-12-27 05:27:43,23.23.0,YNAB
e39371ac-a7bd-4769-8cc2-0e24cb4ed43a,Been the most incredible tool for building an image of my money habits and allowing me to reprogram myself. Simple to use and easy to read information. Highly recommend.,5,0,23.23.0,2023-12-27 00:42:06,"Amazing, Phillip! I love that YNAB has helped you develop better money habits. That's the goal! Thank you so much for leaving a review. \- Natalie @ YNAB",2023-12-27 05:19:18,23.23.0,YNAB
998b6b74-189a-4b56-b003-20ec11c70b69,"so helpful for managing $, and responsive customer service when needed",5,0,23.23.0,2023-12-26 16:51:00,Thanks Wes! I'm so glad you have found YNAB to be helpful to manage your money. Our Support Team is always happy to answer any questions you have. Happy YNABing! \- Natalie @ YNAB,2023-12-27 05:06:27,23.23.0,YNAB
805fcc38-b723-4a5e-ae65-ccb63ed1a5ff,Too many questions before signing up.,1,2,23.23.0,2023-12-26 16:17:24,"Thanks for leaving a review, Luis. I'll definitely pass along your feedback to our team! \- Natalie @ YNAB",2023-12-27 05:05:37,23.23.0,YNAB
e70e038a-22eb-413e-94cc-1e08d9ab5da0,"I can't wait 2 weeks for this to sync with my accounts every time. Numbers are always wrong. Very confusing to get set up, then infuriating afterwards. By the time it syncs you don't remember what category things need to go into.",1,3,23.23.0,2023-12-26 15:10:31,"Hi Nick, thanks for leaving a review. We'd love to see if we can improve that sync time. If you haven't already, you can email us at help@ynab.com and we can take a look! \- Natalie @ YNAB",2023-12-27 05:04:37,23.23.0,YNAB
5e57601b-5474-4015-b9f0-8b5d1d9d24ca,"I would consider YNAB to be the best budgeting application. There are some quirks to it but, all in all, it's a great product.",4,0,23.23.0,2023-12-26 05:04:10,"🥹 Thank you so much for your review, Kory! I love that you have found YNAB to be the best. We are biased but totally agree. Happy YNABing! \- Natalie @ YNAB",2023-12-27 04:59:09,23.23.0,YNAB
bdf60a21-1d58-4000-a971-011ba1822c7c,I didn't want to add my bank and credit card but the app says I can do it manually. 🙃 did not give me ways to record what was paid. It only allowed me to add money to a category. I was so frustrated watching you tube and reading instructions that didn't work I quit. I didn't want to use this on my laptop because I prefer to do it on my phone after each transaction. Not user friendly at all.,1,1,23.23.0,2023-12-24 04:10:21,"I'm sorry you found YNAB so tricky to figure out, Lj! If you'd like to work with our Support Team to learn about entering transactions, feel free to contact us at help@ynab.com. \- Aubrey @ YNAB",2023-12-26 14:51:11,23.23.0,YNAB
cdf59938-2262-4637-b211-17b74d8622f0,"YNAB app is very fast in pulling your transactions from your accounts which can me immediately assigned to the respective categories. I felt the YNAB App has more easy to navigate options while the website is not as intuitive. YNAB as a service is certainly not for me. It is very very demanding of your time. Timewise, I do not have the budget to allocate to manually review, categorize, budget each and every dollar amount I have. It lacks any kind of basic automation or retrospective reports.",4,22,23.23.0,2023-12-22 09:26:07,Thanks for leaving a review! We do encourage a more hands on approach when it comes to managing your finances. I wish you all the best as you find the right solution for you! \- Natalie @ YNAB,2023-12-28 06:08:06,23.23.0,YNAB
0cddf39e-a1c0-42d4-9145-ee6a46584def,When trying to link my Chase bank and credit card accounts I keep getting an error that the direct importer service is down. YNAB is useless without the ability to link bank and credit card accounts.,1,1,,2023-12-21 15:48:43,"Hi Josh! I recommend reaching out to Support at help@ynab.com so we can troubleshoot your direct import connections. While we do have other methods of entering transactions, I get it if direct import is a critical feature for you. 😊 \- Aubrey @ YNAB",2023-12-26 13:03:35,,YNAB
3e08d85d-d367-4676-b238-4dc7300b2bfd,Life-changing app and financial system that completely changes your relationship with money. Around $100 per year and worth every penny.,5,0,23.23.0,2023-12-21 15:01:02,"Wow Robert, thanks for your review! I love that YNAB's method has been transformational for your relationship with money. \- Aubrey @ YNAB",2023-12-26 13:01:05,23.23.0,YNAB
ffb16857-a3f0-40ca-a9e2-a2b25c039b70,Fast and efficient app. A recent update has made it bothersome to input transactions though. The keyboard to input the amount automatically hides when it didn't before.,4,1,23.23.0,2023-12-21 09:22:38,Hi Jose! Thanks for your feedback on the keyboard hiding at transaction import. I encourage you to share your thoughts with our design team here: https://youneedabudget.typeform.com/to/Pt6cek?typeform\-source=support.ynab.com. \- Aubrey @ YNAB,2023-12-26 12:45:09,23.23.0,YNAB
2ef7fd76-b27b-4eac-bb0f-d8456f051e39,I wish I could see transactions already approved. Sometimes I mak mistakes and need to go back and recategorize and it's a pain to find things past a certain time frame.,4,0,23.23.0,2023-12-20 09:55:24,"Hi Angela! Thanks for your review, and for the feedback on going back and recategorizing expenses after a certain point. I'll be happy to pass your thoughts along to our team. \- Aubrey @ YNAB",2023-12-27 13:00:04,23.23.0,YNAB
9689a217-3ded-41f5-ae20-29ca03662c91,Could link my bank account. It automatically recording transactions is what peaked my interest to begin with. I'll just stick to Google docs,1,0,,2023-12-19 13:35:29,"Hi Ash! If your Google doc is doing the trick, then that sounds like a good plan for you. If you are ever interested in giving YNAB another try, feel free to reach out to help@ynab.com to troubleshoot that bank connection. \- Aubrey @ YNAB",2023-12-26 12:27:09,,YNAB
49811f04-4c73-4d48-941a-6a2cdac55e7e,"Budgeting made simple, track every single type of expense whether, yearly, monthly, weekly you can track it and budget for it. Utilize the Saving goals to plan out future expenses and save ahead of time for it. The app is 100% worth it to ensure users financial health",5,1,23.23.0,2023-12-19 04:25:12,"Thanks for your review, Iman! I'm glad YNAB has been such a great fit for you. \- Aubrey @ YNAB",2023-12-26 12:17:19,23.23.0,YNAB
eacea5aa-5f50-4ffd-ab3b-6df68deebf10,YNAB has changed my life for the better. I love it!,5,0,23.23.0,2023-12-17 05:47:22,"It's great to hear that YNAB has been life\-changing for you, Kathy! We appreciate you leaving a review. 😊 \- Aubrey @ YNAB",2023-12-19 10:45:16,23.23.0,YNAB
52316ef5-45d3-48ac-b49e-2ab0b907c208,updates are always improving use and ease. This app has helped me save and stop living paycheck to paycheck.,5,0,23.23.0,2023-12-16 07:47:09,"Awesome to hear that YNAB has been such a big help for you, Chach! We also appreciate your feedback on the updates we're making to YNAB along the way. 😊 \- Aubrey @ YNAB",2023-12-18 13:00:57,23.23.0,YNAB
c12a275e-d94e-4a16-885a-f886e4ec3ea6,"Amazing! Changed my life! Can I give you 7 stars? Definitely a learning curve, but then, wow!",5,0,23.23.0,2023-12-16 07:27:10,"Thanks for the review, Bizz! Sure, we'll take those 7 stars. 😉 I'm glad that YNAB has been life\-changing for you! \- Aubrey @ YNAB",2023-12-18 12:59:12,23.23.0,YNAB
2e2a6c49-3262-4345-8fcc-005af55a4c6b,this has paid for itself a bunch of times over and over!,5,0,23.23.0,2023-12-16 07:09:15,"Awesome, that's great to hear Darrell! Thanks for your review. \- Aubrey @ YNAB",2023-12-18 12:58:02,23.23.0,YNAB
5adaeae0-edc5-418e-9ad6-20f1b26c01fd,Too many objects to work with. Messy,3,0,23.23.0,2023-12-15 12:13:06,"Thanks for the feedback, Zangar! If you have questions about any features of YNAB, I encourage you to reach out to our Support Team at help@ynab.com. We're happy to help! \- Aubrey @ YNAB",2023-12-18 12:43:41,23.23.0,YNAB
efe634c6-bba4-4d8f-9539-30d17b858c71,"YNAB has been transformational. The learning curve is a bit steep as no two budgets are the same and takes some time figuring out what works for you. That said, once you have it dialed in it will change your life.",5,0,23.23.0,2023-12-15 07:58:43,"Hi John! I'm glad YNAB has been transformational for you. You're right \- everyone's YNAB setup is a little bit different, and the process of figuring out what works for you is where the magic happens. ✨ \- Aubrey @ YNAB",2023-12-18 12:35:56,23.23.0,YNAB
afc9ac3d-04d2-43d5-b520-1935df90eba3,"I used to love this app/program and recommend it to everyone, but ever since they changed the process of assigning money to credit cards it's been basically unusable for me. Moving money to or from a credit card is SO unnecessarily difficult. Now I stick almost exclusively to the web version. The only redeeming factor for the app is that it has a line graph for my net work that isn't available on the web version.",2,59,23.23.0,2023-12-15 01:43:04,"Hi Sarah! Thanks for taking the time to share this feedback with us, we appreciate it. If you haven't already, please reach out to us so we can provide some tips for navigating the change to the credit card payment categories \(and some information behind the change\). \- Jill@YNAB",2023-12-15 07:03:22,23.23.0,YNAB
376bb1c6-fb77-44a7-a303-a700b2c4a8ab,"Sets payees incorrectly nearly every time, ynab knows about the problem but isn't willing to implement a simple fix. Avoid",1,0,23.22.2,2023-12-14 10:27:15,"Hi John, thanks for taking the time to leave us a review. Please reach back out if you're still having trouble with this so we can help! \- Jill@YNAB",2023-12-15 06:00:00,23.22.2,YNAB
42285972-b44b-409d-ad9b-1f5d16cb5a67,Terrible customer service. I spend more time doing testing for them then my actual budget.,1,0,23.22.2,2023-12-12 10:42:46,"Hi Albert. We're sorry to hear you had a negative experience with our support staff, it's a high priority for us to provide excellent support. Please reach out if we can assist with anything else and we'll do our best to help! \- Jill@YNAB",2023-12-13 05:19:13,23.22.2,YNAB
36fd84eb-af74-4c26-93de-dec47fd0e265,"YNAB has completely changed our lives. I am, after one year in, completely in control of our family finances, have paid off a big credit card bill, am nearly a full month ahead on spending, and have begun saving money. So much better than paycheck to paycheck! I'm starting to use it for our business too now, to ensure I always have adequate funds allocated for the bigger bills and to make sure I can always meet payroll.",5,5,23.22.2,2023-12-12 07:36:37,"Amazing, thank you so much for sharing your story with us! It sounds like you really put the YNAB method to work for you and crushed some major financial goals. 🤩 Huge congratulations on accomplishing so much in just one year. We're so glad we could play a part in that success! \- Jill@YNAB",2023-12-13 06:01:02,23.22.2,YNAB
a8b9c3c4-c1fb-447a-84a0-a9ceebaf51f7,Best app for helping you align your spending to what you want most,5,0,23.17.4,2023-12-12 06:58:20,Hi Jill. Thanks for sharing this feedback with us! Helping our users love the way they spend is a big part of the YNAB method. 🙌,2023-12-13 04:51:45,23.17.4,YNAB
13cca396-46bd-4eec-a371-2961c541c120,I've tried so many budget apps and this is the only one that works for me. I love it.,5,0,23.22.2,2023-12-12 06:02:47,"Hi Elise, we're so glad to hear that you love using YNAB! Thanks for taking the time to share your feedback with us. 🤩 \- Jill@YNAB",2023-12-13 04:48:30,23.22.2,YNAB
a4d5419d-c0e6-4da2-b770-5da3e9fdaedb,"The ""reports"" feature is useless. When it has the same reports you can get on the desktop app, let me know!",2,0,,2023-12-11 19:36:39,"Hi Steven and Kristy! Thanks for taking the time to leave us a review. It sounds like having the Spending Report and the Income v Expense Report on the mobile app would be really useful for you. If you haven't already, you can share this request directly with our product team here: https://youneedabudget.typeform.com/to/Pt6cek. \- Jill@YNAB",2023-12-13 04:41:36,,YNAB
89fe8961-c9d5-4bad-b014-f34dbe4e03df,An overpriced spreadsheet,1,1,23.22.2,2023-12-10 12:30:36,"Hi Sabrina, thanks for taking the time to share your feedback with us. As budgeters ourselves, we don't take pricing decisions lightly. Having a paid product allows us to continuously improve the app and provide top\-notch support for our users. We also never sell our customers' data, which is not always the case with free apps.",2023-12-11 09:28:14,23.22.2,YNAB
09524be7-1671-459b-b32e-f4cbf75f918b,"Cannot use keyboard to key in amount, only on screen keyboard support, hope next version developer consider this",3,0,23.22.2,2023-12-10 06:10:12,I appreciate your feedback about the keyboard! I'll be sure to pass this along to our team. Thanks for using YNAB! \- Natalie @ YNAB,2023-12-11 09:26:54,23.22.2,YNAB
ced9d6b6-f686-448c-871e-37151b47e918,"YNAB is great, but the fact that I can't see my transactions on mobile like I can on desktop is a HUGE miss.",3,0,23.22.2,2023-12-10 05:27:40,"Hi Christian, thanks for leaving a review! The different platforms can make it tricky to display transactions the same way. I'll be sure to pass along your feedback! \- Natalie @ YNAB",2023-12-11 09:26:08,23.22.2,YNAB
6a379af9-5c80-4793-a9f6-07ed217fe2ae,Takes some getting used to but overall a great app.,5,0,23.22.2,2023-12-09 21:12:57,"Thanks for your review, Lance! I'm so glad you are loving YNAB. 🎉 \- Natalie @ YNAB",2023-12-11 09:24:13,23.22.2,YNAB
ffc7cccf-8fcb-4799-8a40-da4273486c15,"YNAB is an excellent budgeting app for personal finance. I love that I can set up scheduled, recurring transactions to have an accurate projected running balance for my accounts. This allows me to minimize cash in checking and maximize cash in high-yield savings. I also love the bar & pie charts showing where spending goes. Budget categories make it easy to dedicate money to unpredictable, inevitable, & uncertain expenses like car & home maintenance, or saving up for a vacation or purchase.",5,9,23.22.2,2023-12-09 12:41:13,Thanks for your review! I love that YNAB has helped you so much. So glad to have you YNABing with us! \- Natalie @ YNAB,2023-12-11 09:22:25,23.22.2,YNAB
e865efcb-b5ad-4094-a8e9-3633ca095dfc,never have I ever had a better grasp on my money and spending! thank you!,5,0,23.22.2,2023-12-08 11:55:22,"Thanks for this awesome review, Laura! We're so glad to hear that YNAB has had an impact on your financial life. 🙌 The clarity that comes from giving every dollar a job, really is a game\-changer! \- Jill@YNAB",2023-12-11 05:30:48,23.22.2,YNAB
b0ca6315-7365-4651-a6cd-3178e8028116,Hilarious how a budgeting app wants you to subscribe annually for 125 dollars. Get hosed hoser,1,2,,2023-12-08 10:32:21,"Hi Matthew, thanks for taking the time to share this feedback with us. Having a paid product \($98.99/year USD\+tax\) allows us to continuously improve the app and provide top\-notch support for our users. We also never sell our customers' data, which is not always the case with free apps. \- Jill@YNAB",2023-12-11 05:27:34,,YNAB
7405b398-7078-4f9b-99ad-47a58ea1147c,"Mint user here. Maybe this app works for others but the way it conceptualizes money just doesn't make sense to me. I guess if someone was on a super tight budget, the whole ""assigning"" money thing would be great. But I have a cushion of several thousand dollars and don't understand why I have to make sure there's ""enough"" for every little transaction. I have a weekly auto transfer to savings and had literally no idea how this app wanted me to categorize it.",3,1,,2023-12-08 07:36:53,"Hi Kris, thanks for leaving us a review! If you'd like to give it another try, reach out to us! We'd be happy to re\-start your trial and provide some tips for customizing your spending plan. YNAB is about being proactive with your spending decisions, which is a game changer at any income level. 🙌 \- Jill@YNAB",2023-12-08 10:41:07,,YNAB
32c08dca-9efc-4e7f-8bc8-7ed05846cb6f,Cool UX,5,0,22.18.2,2023-12-08 03:49:46,"Thanks for the 5\-star review, Hunter! \- Aubrey @ YNAB",2023-12-08 07:43:08,22.18.2,YNAB
127d9325-b734-4763-bf19-100b5990c458,Life changing!,5,0,23.16.1,2023-12-07 09:24:51,"Hi Eric, thanks for your 5\-star review. We always love to hear about lives changed by YNAB! \- Aubrey @ YNAB",2023-12-08 07:34:00,23.16.1,YNAB
ce5b8398-bca0-4f9e-b00d-0b00c0ced71b,"Good app. Seems convoluted sometimes, but the new changes make it better.",5,0,23.22.2,2023-12-06 23:35:48,"We're happy to hear you've enjoyed using YNAB, and found our updates helpful as well! Thanks for leaving us a review, we appreciate it. \- Jill@YNAB",2023-12-07 06:19:55,23.22.2,YNAB
5cb59ef2-7320-40f2-a084-04e181ef8bc1,"Life changing, I've used YNAB for many years and it is well worth the price.",5,0,23.22.2,2023-12-06 10:59:25,"Thanks for your review, Brandon. I'm so glad you find YNAB to be worth the subscription price and that it has helped you so much! \- Natalie @ YNAB",2023-12-07 04:48:43,23.22.2,YNAB
e6f43000-9961-4afb-95f5-67fb3a74b639,"The software and the support team are excellent. They're learning curves to the software, but once you understand how it works then it becomes second nature. Only grip I would is that it's very expensive subscription. I have found that I'm saving allot more and in a better position financially that the subscription burden gets nullified.",5,8,23.22.2,2023-12-06 05:31:38,"Hi Kiegh! We're glad to hear that you have found YNAB worth the subscription cost, and that you've had excellent experiences with our support staff. 🤩 Thanks for leaving us a review! \- Jill@YNAB",2023-12-06 10:51:12,23.22.2,YNAB
b75d91e7-70a2-43f3-8d98-315c842eeea8,my husband and I have used YNAB for the past 7 years. it's definitely worth it. the features get better and better.,5,0,23.22.2,2023-12-05 17:17:35,"Thanks for this great review, Holly! And for being loyal YNAB users for the last 7 years. 🎉 We're glad to hear you've found YNAB impactful! \- Jill@YNAB",2023-12-06 10:40:23,23.22.2,YNAB
b8ecb283-e787-42f1-85f1-aba4f5195a07,"Trying this instead of mint, some critical features missing in this beta, namely it does not auto-categorize your credit card transactions making this way too involved. Secondly, I haven't seen it show you your split of spending via said categories (e.g. $100 on groceries). Need those features to make the switch.",2,1,23.22.2,2023-12-05 15:04:08,"Thanks for taking the time to share this feedback with us, Allison! Since everyone's category structure is unique, complete auto\-categorization isn't possible, but YNAB does remember where you've categorized payees in the past, so you will start to see transactions auto\-categorized. The web app has an excellent spending report.",2023-12-06 10:34:22,23.22.2,YNAB
1d5629c1-a11c-4e89-9b19-ecf8e7cb38bb,Best Budgeting App on mobile / computer. 100% would recommend to anyone who is trying to get their finances together.,5,0,23.17.4,2023-12-05 11:05:05,"We are thrilled to hear you have enjoyed using YNAB and would recommend it to others! Thanks for taking the time to share your feedback with us, we appreciate it. \- Jill@YNAB",2023-12-06 06:19:37,23.17.4,YNAB
9c66438d-dd92-49ed-9ed9-101554d6a8a0,It will turn you into a budget nerd 🤓,5,0,23.22.2,2023-12-05 10:48:16,"Thanks for this awesome review, Larissa! We have to agree with you here! 😅 \- Jill@YNAB",2023-12-06 06:17:37,23.22.2,YNAB
c299f96d-50a7-4efb-97d1-8e87bffa8ae1,You need to pay there subscription even just to try it no free option but thy don't tell you that tell after your times been wasted,1,1,23.22.2,2023-12-05 08:56:27,"Hi Tanner! Thanks for taking the time to leave us a review. We do have a free 34 day trial for all users. If you subscribe through Apple or Google, the subscription will begin automatically after the 34 days, but if you sign up directly on our website, no payment information is required and the subscription will not begin automatically.",2023-12-06 06:01:45,23.22.2,YNAB
095e2087-b113-463c-af6a-be4f1b51c885,"Pretty intuitive! When the import process works well, it's easy to enter transactions. Nice interface. It's a little clunky to go to a particular category and see transactions entered there, but you can get there after a few clicks. Overall, a great experience.",5,3,23.22.2,2023-12-05 04:17:45,"Hi Frances! We're glad to hear that you've enjoyed using YNAB, and found it easy to use. Thanks for taking the time to leave us a review! \- Jill@YNAB",2023-12-06 05:23:18,23.22.2,YNAB
53b1c6c0-f4e5-4998-a914-decda7d36176,lmk when I can get linked accounts in Australia,1,1,,2023-12-04 15:40:13,"Hi Geoff and Kilmeny! It sounds like direct import is an important feature in managing your finances, and we'll be sure to announce it loud and clear if automatically importing transactions from Australian banks becomes an option. 😊 \- Aubrey @ YNAB",2023-12-05 11:47:59,,YNAB
fd7c046f-610e-4379-ba8f-a5f35e266d5b,been using YNAB for years and recommend it whenever the chance comes up!! give all your money a job!! excellent advice. tracking the age of money in YNAB is a matter of pride in our family!,5,0,23.22.2,2023-12-04 10:09:37,"Thanks for the review, Scott! I love that watching your Age of Money grow is something your family gets excited about. 😊 We appreciate you sharing from your years of experience with YNAB! \- Aubrey @ YNAB",2023-12-05 11:45:15,23.22.2,YNAB
0892f7d9-6a92-4ba0-b824-b2cd4676d3a6,Best app that y'all show to do it thank u,5,0,23.22.2,2023-12-03 20:28:42,"Thanks for your review, Mike! I'm glad to hear that YNAB has been such a great fit for you. 😊 \-Aubrey @ YNAB",2023-12-05 08:21:21,23.22.2,YNAB
86d2402b-5e2c-4e4e-9267-47b5a06b3686,I love YNAB. It's very well designed and it's helping me track my spend and and stay disciplined.,5,0,23.22.2,2023-12-03 18:26:54,"That's awesome, Joseph! I'm glad to hear that YNAB is helping you keep your spending consistent with your personal priorities. \- Aubrey @ YNAB",2023-12-05 08:20:41,23.22.2,YNAB
5704e1a8-257c-4082-9210-a25a3b9fd636,YNAB makes budgeting convenient. Assign every dollar a job and plan ahead for recurring expenses. Budgeting small portions of larger bills each month keeps me from being caught off guard when those expenses come due.,5,0,23.22.2,2023-12-03 16:33:28,"Hi Aaron! We're so glad to hear that YNAB has made a difference in your financial life. It sounds like you've really put rule three to work for you, and plan for your true expenses! That's such a game changer in getting off the paycheck to paycheck roller coaster. 🙌 Thanks for sharing your review with us. \- Jill@YNAB",2023-12-05 08:24:01,23.22.2,YNAB
f8ded6a1-e44b-4015-8c64-d4d4329fb9a7,Ya no puedo vivir sin YNAB,5,0,23.22.2,2023-12-03 15:12:31,"Thanks for your review, Guiseppe! I'm happy that YNAB is such a great fit for you. 😊 \- Aubrey @ YNAB",2023-12-05 08:19:41,23.22.2,YNAB
2017a2bb-4bf3-4005-876b-ec73a271ff32,I have been using this for 2.5 years. I am very ADHD and struggle to stick to any sort of organizing tool. The fact that I still use it religiously 2.5 years in speaks for itself. My only complaint is I wish they had more advanced views of spending charts within the app. I dont want to have to find a desktop to see those every time.,5,10,23.22.2,2023-12-03 09:10:48,"Hi Kristin! Thanks for this great review, we're thrilled to hear you've found YNAB effective and easy to continue using. 🙌 We'd love for you to share your request for additional reports in the mobile app! You can do that here: https://youneedabudget.typeform.com/to/Pt6cek. \- Jill@YNAB",2023-12-05 05:26:24,23.22.2,YNAB
121115a2-db61-43e4-abe9-6308bb4ae73d,"YNAB is life changing. It is so empowering to always know where my money is - nothing sneaks up on me, and I if I don't stick the plan, I can adapt quickly. It's also incredibly well supported and there are great resources to help setup basics, then work on the advanced stuff. Debt pay down strategies? Yes please! If this is your first budget - or a renewed attempt, be ready to change your money mindset - say goodbye to judging affordability based on what's in your checking account.",5,3,,2023-12-02 22:34:42,"Thanks for sharing from your experience, Shelli! I love that you mentioned how YNABing means that things don't sneak up on you, and you're also able to adapt quickly. 😊 \- Aubrey @ YNAB",2023-12-04 14:58:32,,YNAB
e1fa1e86-ba64-4403-95b2-9474c696b738,"I have been using YNAB for 8 years and love it. Easy to use, track and plan. Highly recommended.",5,1,23.22.2,2023-12-02 15:16:22,"Hi there! Thanks for being a loyal YNAB user all these years, and for taking the time to leave us a great review. 🎉 We're thrilled to hear that you've found YNAB impactful and easy to use! \- Jill@YNAB",2023-12-04 12:24:07,23.22.2,YNAB
756320cd-401e-4d0b-aab8-bdac0f40462b,Excellent tool. Exceeded my expectations by far!,5,0,23.22.2,2023-12-01 18:27:05,"Hi April! We're so glad to hear you've enjoyed using YNAB, and that you've found it impactful. 🎉 Thanks for taking the time to share this feedback with us! \- Jill@YNAB",2023-12-04 06:17:16,23.22.2,YNAB
a420c7bc-6835-44b6-82b9-211dddfd8a2c,Literally a life-changing app. YNAB will elevate your relationship with money from surviving to thriving.,5,0,23.22.2,2023-12-01 07:55:34,"Hi Shelley! What an awesome review. 🤩 We're thrilled to hear that YNAB has had such an impact on your financial life. It sounds like you really put in the work, and we're glad we could play a part in your success! \- Jill@YNAB",2023-12-04 06:06:59,23.22.2,YNAB
4d90047d-ab8b-4bd8-87cd-c45e4f7163b4,YNAB user since 2017 here. Best product and service out there to manage budget and crush goals.,5,0,23.22.2,2023-12-01 07:20:49,Hi Krista! Thanks for being a loyal YNABer all these years. We're thrilled to hear that YNAB has played a part in your financial success. 🤩 It sounds like you've really put in the work to make those goals reality and we're honored we could play a part in that! \- Jill@YNAB,2023-12-04 06:00:29,23.22.2,YNAB
df2e76f4-5db3-48f8-8eea-2381d87df088,Pays for itself. Easy.,5,0,23.21.2,2023-12-01 05:57:21,"Hi Christopher! Thanks for leaving us a review, we're glad to hear that YNAB has helped you save money and spend with more intention! \- Jill@YNAB",2023-12-04 05:58:59,23.21.2,YNAB
2bf7b26a-5052-40c5-b455-7d96ab45e66c,"We live by this app! Started managing our money using the Dave Ramsey principles and this app helps us manage our finances with those in mind! Great app, lots of features, and always improving! Can't say enough good about it!",5,0,23.22.2,2023-12-01 04:09:55,"Thanks for this awesome review, Joshua! We're so glad you're loving YNAB so far. 🤩 \- Jill@YNAB",2023-12-04 05:56:28,23.22.2,YNAB
960e610c-50c8-4672-9cc5-6b33d6f91c39,"I absolutely love YNAB! It has completely changed how I budget and I appreciate it immensely! Thank you for making your company! The help I have received from ya'll, also has been fantastic! thanks again!",5,0,23.22.2,2023-12-01 01:49:20,"Thanks for this awesome review, Kasey! We're so glad that YNAB has had such an impact on your financial life, and that you've received excellent support from our team. 🙌 \- Jill@YNAB",2023-12-04 05:51:19,23.22.2,YNAB
c0f5001d-6b27-4649-8d52-806fea60fd74,"A great, easy and powerful budgeting tool with great support.",5,0,23.22.2,2023-11-30 18:16:31,Hi Jim! Thanks for this awesome review. 🤩 We're glad to hear you've found YNAB useful and easy to use! \- Jill@YNAB,2023-12-01 10:14:06,23.22.2,YNAB
1a5ee507-9511-49c9-8de6-ce84133a34cc,"I love this app! All the other budget apps out there that are free don't have what I need or they are more difficult to use. Plus, the company seems to have a good philosophy when it comes to taking care of their employees as well as their customers, which we love to see. Worth the subscription in my opinion.",5,0,23.16.1,2023-11-30 07:03:31,"Thanks for this awesome review, Jenna! We're so glad to hear that you've enjoyed using YNAB and found is easy to use. 🎉 \- Jill@YNAB",2023-11-30 09:21:26,23.16.1,YNAB
88c4f2c4-56d2-4d4d-b41e-2d70c53c486a,"Does not support SK credit unions. If what's left is manual entry, why not just use excel.",1,1,23.22.2,2023-11-30 06:06:43,"Thanks for taking the time to share this feedback with us, Alicia. If you haven't already, please reach out to us at help@ynab.com so we can make sure your credit union isn't supported for direct import. If it's not, file based import is a great way to keep your account up\-to\-date, in addition to manual entry. \-Jill@YNAB",2023-11-30 05:53:25,23.22.2,YNAB
a2c31952-140e-45eb-8165-df5c3d5c6cec,"I've been a user for ages and before YNAB, tried lots of different apps and methods to keep my spending planned. YNAB has been the best when it comes to helping me spend money where my objectives are.",5,0,23.22.2,2023-11-30 03:21:44,"Thanks for your review, Gustavo! I love that you highlighted how YNAB has helped you to align your spending with your values and goals. 😊 \- Aubrey @ YNAB",2023-11-30 08:03:02,23.22.2,YNAB
ad5183e1-9254-4156-9965-bccf73e7a3d2,Paid app and I can't even add my 529 Schwab account while mint have this for free!,2,1,23.22.2,2023-11-29 13:58:45,"Hi Yasir, thanks for taking the time to share this feedback with us. As budgeters ourselves, we don't take pricing decisions lightly. Having a paid product allows us to continuously improve the app and provide top\-notch support for our users. We also never sell our customers' data, which is not always the case with free apps. \- Jill@YNAB",2023-11-30 05:45:02,23.22.2,YNAB
1193fa05-6012-4c8e-9aed-fa09f8a8a762,"A must have. Takes a little work to set up, but there are so many resources to help and worth the time and effort.",5,0,23.21.2,2023-11-29 08:01:22,Hi Brian! Thanks so much for leaving us a review. We're thrilled to hear that you've found YNAB impactful and easy to use! 🎉 \- Jill@YNAB,2023-11-29 10:37:59,23.21.2,YNAB
4f257cc7-b933-4713-bab3-db916e5bf279,"The app is now more difficult to use, they've changed how credit cards function so now you have to go through multiple steps just to add or remove fronts from a credit card payment, and can't edit the credit card name easily. The rest of the budget can have funds added or removed, and edit the name just by clicking in the budget, but now credit cards are completely different and very annoying. If makes it difficult to actually manage the funds now. Evaluating spreadsheet as a better solution now",2,43,23.21.2,2023-11-28 22:44:06,"Thanks for taking the time to share this feedback with us. If you'd like to share this feedback directly with our product team, you can do so here: https://youneedabudget.typeform.com/to/Pt6cek, and please reach out if we can help! \- Jill@YNAB",2023-11-29 10:26:45,23.21.2,YNAB
18c8288b-61f8-453f-a658-65e8e098d632,Very Helpful on Budgeting on what you spend,5,0,23.21.2,2023-11-28 11:01:14,"Thanks for your review, Elijah! I'm happy to hear that YNAB has been a helpful tool in managing your spending plan. 😊 \- Aubrey @ YNAB",2023-11-28 12:04:59,23.21.2,YNAB
ae5c0051-5dd2-4497-9ee0-e8f2bb58034b,"I bought this app for £89.99 after reading some good reviews about it. Unfortunately it didn't live to the expectation, as unless you are prepared to connect it to your bank and have an automatic feed and unless you are willing to spend a lot of time micromanaging every penny you spend, it is not for you. I just wanted to monitor my outgoings on a monthly basis and I found it consume too much time and effort to achieve this. In my view, a simple excel sheet will do the job perfectly and is free!",1,20,23.21.2,2023-11-28 08:49:22,"Hi there! It sounds like YNAB isn't what you're looking for right now, and we understand. Glad to hear that you have another plan in mind for managing your finances! \- Aubrey @ YNAB",2023-11-28 11:47:23,23.21.2,YNAB
4e37ae20-df70-40bf-81a3-0906e6077c9a,"The price for this app is insane, and it doesn't work if you're in overdraft or pay things biweekly??? I consider these things very basic, especially since you pay $20 a month for the ""service"". How can you not include a working bill schedule?? As much as mint had the same syncing issues, at least it just did it's job and let you budget, not just shame you unnecessarily and make your life difficult. I'm honestly dumbfounded.",1,1,,2023-11-27 18:49:17,"Hi Christine! It sounds like YNAB isn't a fit for you right now, and we understand. If you decide to give it a try in the future, I recommend reaching out to help@ynab.com to discuss your setup around overdraft and biweekly payments \- we're happy to help! \- Aubrey @ YNAB",2023-11-28 08:14:58,,YNAB
df61af9a-1a0a-4050-98b5-2be33c0cb948,"I love YNAB! After writing my own budgets in Excel for years, I was introduced to YNAB and have loved it for many years!",5,0,23.21.2,2023-11-27 18:20:45,"Thanks for your review, Jessica! I'm happy to hear that YNAB has been a great fit for you over the years. 😊 \- Aubrey @ YNAB",2023-11-28 08:12:38,23.21.2,YNAB
b20da39f-5b99-4acf-a36e-9b40143028b3,does the job but the sync is terrible.,3,0,23.21.2,2023-11-27 13:37:57,"Hi Joseph! Thanks for taking the time to leave us a review. If you haven't already, please reach out to us at help@ynab.com so we can take a look at that connection for you! \- Jill@YNAB",2023-11-28 05:42:37,23.21.2,YNAB
6b09ad8d-9372-4094-86c9-471c8f9a47c4,Good,5,0,23.21.2,2023-11-23 18:46:12,"Thanks for the 5\-star review, Merna! I'm glad to hear that YNAB has been a good fit for you. \- Aubrey @ YNAB",2023-11-26 12:54:26,23.21.2,YNAB
22800512-7335-4613-b481-5845a9833899,Very glitchy and doesn't work as expected.,1,0,23.21.2,2023-11-23 13:49:37,"Hi there! I'm sorry YNAB hasn't worked for you as expected. If you haven't already, I would encourage you to reach out to our Support Team at help@ynab.com so we can take a look at what's going on. \- Aubrey @ YNAB",2023-11-26 12:54:08,23.21.2,YNAB
674bf2bd-98a0-4a47-a5bd-7c29c753310f,"I want to love YNAB and was looking for a Mint replacement, but they are insane to charge $100 a year! Add to it that they have raised their prices twice in the last couple of years and it's a giant red flag they will probably raise it again.",1,3,23.21.2,2023-11-23 09:45:27,Hi Derek! Thanks for letting us know that YNAB isn't what you are looking for in terms of price. I'm wishing you the best as you determine the right Mint replacement for your financial journey. 😊 \- Aubrey @ YNAB,2023-11-26 13:01:17,23.21.2,YNAB
ab05e724-8bb0-435d-9eb1-30ef0bf3dc13,"Has a free trial period, but doesn't seem to have a free option.",3,0,23.21.2,2023-11-21 04:46:21,"Hi Richard, thanks for taking the time to share this feedback with us. As budgeters ourselves, we don't take pricing decisions lightly. Having a paid product allows us to continuously improve the app and provide top\-notch support for our users. We also never sell our customers' data, which is not always the case with free apps. \- Jill@YNAB",2023-11-21 13:30:23,23.21.2,YNAB
ab888b0a-8df4-4589-a257-27fbf069f1c8,"You have the option of not linking your bank accounts, which is good because I don't want some app accessing my money, but then there's no option to add an income category so that you can keep track of it manually.",2,0,23.19.2,2023-11-20 06:35:16,Hi Peggy! Thanks for taking the time to update your review so we can help here. We actually have some great ways to track your income sources. Please email us at help@ynab.com so we can provide some guidance there! \- Jill@YNAB,2023-11-21 06:51:52,23.19.2,YNAB
d2c13fa8-564a-45eb-9d45-f70acde0b0b0,"I really like this app and I've used it for years. However in the last few months I have had a ridiculous time being able to connect to my bank. I know there are other ways to import transactions, However I pay 100 bucks a you're to have the convenience of a budget that connects to my bank and allows me to categorize my purchases. For the last month my bank has continually been disconnected and I've had to reconnect it. This month it won't even connect anymore. I've sent in tickets but no fix.",3,36,23.21.2,2023-11-17 06:24:20,Hi Libby! Thanks for being a long\-time YNAB user. I'm sorry to hear that direct import has been frustrating lately \- those connections can be tricky at times. \- Aubrey @ YNAB,2023-11-20 09:13:16,23.21.2,YNAB
e1382c94-0706-4889-9a42-713e6dc437a9,easy to use. makes life less stressful.,5,0,23.21.2,2023-11-17 03:50:18,"We appreciate your review, Tara! Thanks for letting us know that YNAB has helped reduce stress in your life. 😊 \- Aubrey @ YNAB",2023-11-20 09:09:36,23.21.2,YNAB
9538b8a6-edd8-4b38-be35-a17edbfa6996,"Don't like the refreshing function, you have to reenter your account information every other day, transactions don't update properly, should.save it",1,0,,2023-11-16 14:40:00,"Hi Richard! If you haven't already, I hope you'll reach out to our Support Team at help@ynab.com to take a look at your bank connection. We're happy to help! \- Aubrey @ YNAB",2023-11-20 08:21:11,,YNAB
e004c27f-57ee-4837-ae77-e4a396869ff7,"Great tool, great capabilities, and consistent improvements. I like the YNAB method (which is just corporate accounting for personal budgeting). I budget on YNAB, but use Mint (for now 😔) for credit monitoring and financial trends views. Those Mint views are really meaningful with 10 years of financial history, plus their interactive graphs are frankly superior to YNAB's data visualization. Ideally I wouldn't need 2 apps and I hope YNAB seizes the Mint deprecation to fill the feature gap.",5,5,23.21.2,2023-11-16 09:44:06,"Thanks for your review, Sam. I'm so glad you have found YNAB to be such a great tool for you. I'll let our team know you'd like to see better reports! \- Natalie @ YNAB",2023-11-16 12:53:36,23.21.2,YNAB
6b115353-cf63-4197-981a-ca2f4af68b83,Loved the app but the price isn't localised by country. The converted subscription fee is insane in rupees.,3,0,23.17.4,2023-11-16 07:43:10,Thank you for your review. I understand the price may be limiting for some countries. Thank you for YNABing with us! \- Natalie @ YNAB,2023-11-16 12:50:06,23.17.4,YNAB
33401155-940d-4cb0-8170-732b9c1a5656,worth every penny,5,0,23.19.2,2023-11-15 16:13:17,"Whooo! Thanks for leaving a review. So glad to have you YNABing with us, Dan! \- Natalie @ YNAB",2023-11-16 08:57:20,23.19.2,YNAB
45a4d40b-0aed-4074-8ebd-ecf110d3c8a1,"I've been using YNAB for many years and find it to be helpful. Their customer service is great. There are a few aspects that I have to do workarounds for, such as reimbursements and quarterly bill payments (hence 4 stars). I highly recommend using this system.",4,0,23.20.3,2023-11-15 04:05:12,"Thanks for the review, Lucy! I encourage you to submit our feature request form \(https://youneedabudget.typeform.com/to/Pt6cek?typeform\-source=support.ynab.com\) to give your input on reimbursements and quarterly bill payments. 😊 \- Aubrey @ YNAB",2023-11-16 08:17:09,23.20.3,YNAB
cdbf4921-64a6-4a77-b6e8-afd80b27b072,"I used to love the simple clean layout of ynab. I'm not loving the latest round of changes, it's just too busy now.",3,0,23.21.1,2023-11-15 04:01:42,"Thanks for sharing your feedback on YNAB's new look, Miranda! \- Aubrey @ YNAB",2023-11-16 08:12:17,23.21.1,YNAB
b7edec83-5c21-4840-8338-d93e6b194092,Why can't I select biweekly for bills?,1,0,23.21.1,2023-11-14 10:44:56,Hi Jason! Great question. I recommend reaching out to our Support Team directly at help@ynab.com. We'll be happy to walk through the best steps to get your spending plan up and running with those biweekly bills. \- Aubrey @ YNAB,2023-11-15 12:06:44,23.21.1,YNAB
eccc7490-9e38-450e-be17-ea05292686a2,App is not free. It should be banned from the Playstore for false advertising as free app while it's not.,1,0,23.21.1,2023-11-14 08:41:31,"Hi Ljubiša! YNAB offers a 34\-day free trial, with the option to cancel in that time or continue with a subscription. Thanks for giving us a try! \- Aubrey @ YNAB",2023-11-15 08:41:36,23.21.1,YNAB
7ec46d88-3cbf-4bc1-bd9b-e31f8958c550,"I just downloaded this app and it's super glitchy. Can't connect my bank, signing up was giving me errors. Bummer.",1,0,23.21.1,2023-11-14 07:45:15,"I'm sorry to hear that you had trouble getting started with YNAB. If you'd like to give it another try, feel free to reach out to our Support Team at help@ynab.com and we'll get you up and running! \- Aubrey @ YNAB",2023-11-15 07:51:35,23.21.1,YNAB
6dbade8d-7b95-44c2-9ac2-2bd148c267b2,I've been using YNAB for 7 years. I love that it allows me to track all of my financials and reports as well. I recommend it to anyone who asks me about a budget.,5,0,23.20.3,2023-11-14 05:57:02,Hi Tim! Thanks for sharing your review as a longtime YNAB user. I'm glad to hear that it's been such a great fit for you. 😊 \- Aubrey @ YNAB,2023-11-15 07:50:30,23.20.3,YNAB
d16aa641-3362-43dd-9b18-4c8e013eb368,Save yourself time and money and stay away from this app. All they care about is charging you for their subscription that's how they make money,1,0,23.16.1,2023-11-13 19:46:44,"Hi Ayman! You're right, YNAB does make money from subscriptions \- and never by selling users' data. We also provide free money management information on our blog \(https://www.ynab.com/blog\) should people choose not to use the app. \- Aubrey @ YNAB",2023-11-15 07:41:31,23.16.1,YNAB
7ebd0976-78b2-4419-bf5e-0aba9e50e649,"A bit of a learning curve, but powerful once you get it going",5,0,23.20.3,2023-11-13 11:19:50,Thanks for your review! It's great to hear that YNAB has been a powerful tool for you. 💪🏻 \- Natalie @ YNAB,2023-11-14 09:28:31,23.20.3,YNAB
34a08c68-bccc-43ef-8500-5a554634e8d6,Just started today. Noticed a couple glitches when selecting dates it won't take the actual date. Then after creating a saving category the pop up notification came up and won't go away. Even after restart. Don't want to deal with these while figuring out a new system,3,0,23.20.3,2023-11-12 19:08:26,Thanks for leaving a review! I'm sorry you are running into that. You can email us at help@ynab.com and we can go from there! \- Natalie @ YNAB,2023-11-14 09:21:14,23.20.3,YNAB
16d8513a-6dbb-4234-94f0-6bb64ff7dc55,"I really like how easy it is to edit and systemize your categories, best Ive seen in an app so far. However, the Reports page is ridiculously oversimplified. I get that the app wants you to focus on your monthly budget, but it feels like it does the bare minimum to communicate a clear picture of your overall finances. The web version of this works great, just the app.",3,36,23.20.3,2023-11-11 20:42:32,Thanks for leaving a review! I'll definitely let our team know that you'd like to see more reports in the mobile app. So glad to have you YNABing with us! \- Natalie @ YNAB,2023-11-13 09:55:10,23.20.3,YNAB
3caacd47-085c-4471-81ef-5d1e3fe9fdd9,"Just got app. Has potential for 5 stars. Gave one star because after I put banking info in, app is stuck and I can't get out of it. Sent email to support waiting for reply.",1,0,23.20.3,2023-11-11 17:03:53,"Hi Brian, so glad you reached out to our support team, they will get back to you soon! \- Natalie @ YNAB",2023-11-13 09:55:55,23.20.3,YNAB
20a25400-51be-4eae-b9d6-78aa0beb476e,"awesome budgeting app using the envelope method. has a learning curve to getting setup and using. really useful YouTube tutorials on all the principles. also quite stressful if you get behind on categorising your spend or doing the budget for the month, but overall really helps keep track of your money. makes discussions with a partner much easier too. have used for two years and will keep on using due to the benefits",5,1,23.20.3,2023-11-11 12:15:11,"Thanks for your review, Paul! I'm so happy to hear that YNAB has helped you so much. So glad to have you YNABing with us! \- Natalie @ YNAB",2023-11-13 09:52:45,23.20.3,YNAB
58004f33-e65f-4e1d-8412-ecfc8a1ec67a,$100 per year. Something never put in plan site.,1,0,,2023-11-11 09:55:04,Thanks for your review here. I'm sorry to hear you weren't able to find the subscription price. We do offer a free month trial if you'd like to give YNAB a try! \- Natalie @ YNAB,2023-11-13 09:51:50,,YNAB
3d3002cd-9d8c-461f-afc2-5c6e0748ecb9,"Helped my finances, sense of security, and reduced conflict in my marriage. I hope to continue to use this app for years.",5,0,23.20.3,2023-11-10 12:32:44,"Thanks for the review, Jeremy! I love how you highlighted that YNABing with a partner can reduce conflict in conversations around money. \- Aubrey @ YNAB",2023-11-13 09:22:48,23.20.3,YNAB
24c70a01-73e4-4c1a-8492-e54841608cdf,"At first I was a bit sceptical about the app and was unsure how it worked but it really is a good app for money outlook, to budget your money ( I do mine manually) and helps to see where all my money is going. It's not the cheapest option but it's a pretty good one",5,0,23.20.3,2023-11-10 11:10:16,Thanks for your review! I agree that the visibility of manually assigning jobs to your money can be really helpful in making spending decisions. We appreciate you sharing from your experience! \- Aubrey @ YNAB,2023-11-13 09:24:53,23.20.3,YNAB
d5b4c430-08b0-4d3d-a2e0-8d7d5b450834,"Don't download if you do a lot of account to account transfers. The making/losing money because I switched accounts as so confusing, and the set up isn't explained well at all. By the time I got to the site and figured things out I had already made everything weird and there was no way to fix it. My savings is off by 2k. Agree with the folks that say this isn't really for low earners/trying to get out of paycheck to paycheck.",2,3,,2023-11-10 09:54:26,Hi Katelyn! Thanks for the feedback. Have you already reached out to our Support Team at help@ynab.com? We'd be happy to help troubleshoot those transfers between accounts. 😊 \- Aubrey @ YNAB,2023-11-13 09:26:03,,YNAB
31c0099e-fc9d-4003-8b43-e69f4e0b388a,Best Zero budget (digital envelope) App!,5,0,23.20.3,2023-11-10 06:32:52,"Hi Eli, thanks for the 5\-star review! I appreciate you sharing that YNAB has worked so well for you. 😊 \- Aubrey @ YNAB",2023-11-13 09:13:13,23.20.3,YNAB
0584d95a-726e-4d1e-bc32-ed6e02b3cc5a,We love this app. It really helps us as a family and couple communicate and prioritize goals and spending,5,0,23.20.3,2023-11-09 04:34:18,"Thanks for the review, Ryan! I'm glad to hear that YNAB has been such a great fit for you and your family. 😊 \- Aubrey @ YNAB",2023-11-13 07:53:44,23.20.3,YNAB
e9e120cc-f15c-4775-801e-e704e7d6af22,Budgeting made easy.,5,0,23.20.3,2023-11-08 11:01:36,"Thank you for this review, Mark. Who knew that managing your finances could be so easy?? So glad to have you YNABing with us! \- Natalie @ YNAB",2023-11-09 08:08:38,23.20.3,YNAB
f3c946a2-1acd-43cf-9028-c4a9d0c5c62a,I have installed this app three separate times. The app is broken. It absolutely will never work for me. I have put all of my information in and then at some point the app freezes and I can't get it to do anything even after closing it and reopening it. It's a waste of your time.,1,0,,2023-11-08 10:01:47,"Oh no! That definitely should not happen. If you haven't already, you can email us at help@ynab.com and we can look into this! \- Natalie @ YNAB",2023-11-09 08:07:33,,YNAB
ec241fb6-45df-413f-ac22-a8db0e5b75d6,"I've figured out how to use this to manage spending and it's great. Please though, do improve the reporting options for the mobile app!!",4,0,23.20.3,2023-11-08 00:10:20,Thanks for leaving a review! So glad you are enjoying YNAB. I'll definitely let our team know you'd like to see more mobile reports. \- Natalie @ YNAB,2023-11-09 08:05:33,23.20.3,YNAB
8cae6f39-d3ad-4be6-9410-ad63a68539d0,"Pago, caro",1,0,,2023-11-07 17:40:15,Thanks for leaving a review. I understand if you find the subscription to be too expensive. I hope you find the right budgeting solution for you! \- Natalie @ YNAB,2023-11-09 08:01:43,,YNAB
495cf06c-bc6c-4fbf-9234-a89a6d3cacfe,"Best budgeting tool as it provides you with freedom once you've determined your priorities and give every dollar a job. It helps build a mindful spending lifestyle. My husband and I enjoy going through our YNAB weekly budget together because it helps keep us on the same page, working towards our goals together.",5,0,23.19.2,2023-11-06 23:48:37,"Thanks for the review, Lola! I love that you and your husband have your YNAB meetings as a regular rhythm, and that YNABing together has helped build mindfulness around your spending. \- Aubrey @ YNAB",2023-11-08 12:33:09,23.19.2,YNAB
e1690f25-5944-4f8e-a186-3b55181d7516,I need to be contacted by the developers for a refund ASAP.,1,0,23.20.3,2023-11-06 17:44:09,"Hi there, thanks for leaving a review. If you haven't already, please email us at help@ynab.com about the refund and we can go from there! \- Natalie @ YNAB",2023-11-07 12:10:44,23.20.3,YNAB
e7de2e87-6232-43b0-98ec-cc52bf3bcd31,Imagine paying £90 for an app that is supposed to help your finances. At least have a freemium model.,1,0,,2023-11-06 11:25:32,"Thanks for leaving a review, Bart. Many people have found they save way more than the subscription price after using YNAB. I understand if it's not what you'd like to do. I wish you all the best as you find the right budgeting solution for you! \- Natalie @ YNAB",2023-11-06 08:52:46,,YNAB
2017fa29-0590-4122-8574-1ebc5dc72407,Need to import from Mint that is shutting down. Maybe add Mint most popular features that YNAB doesn't have yet. Mint allows to export to csv I think. I think you'll have a lot of new business then.,3,0,,2023-11-06 08:47:10,"Thanks for your feedback here, Harry! I'll be sure to pass this along to our team. \- Natalie @ YNAB",2023-11-06 08:33:45,,YNAB
a30bf18b-b831-4fe2-b9cc-78068f14b557,"Works well and a good tool. But most of the reports are not available on the app and it's pretty bare bones as an actual app. For what is almost £100 a year, it's not value for money which is a real shame",3,0,23.20.3,2023-11-06 07:00:19,Hi Simon! Thanks for sharing your thoughts about the price of YNAB. I'll be happy to pass along your feedback on reports as well. \- Aubrey @ YNAB,2023-11-08 06:44:06,23.20.3,YNAB
0eb041a0-4a15-40c9-8e28-65ae0b16b9b5,game changer,5,0,23.17.4,2023-11-06 04:01:27,Hi Renee! Thanks for your review. I'm glad to hear that YNAB has been a game changer for you. 😊 \- Aubrey @ YNAB,2023-11-08 06:42:43,23.17.4,YNAB
c8fa6a25-6a80-4d50-a1ea-55c5c499b729,save money,5,0,23.20.3,2023-11-06 02:26:31,Thanks for the 5\-star review! \- Aubrey @ YNAB,2023-11-08 06:42:06,23.20.3,YNAB
0648c6c7-b471-40e4-b1b8-d8da3f67360f,Initial impressions installing the app today after watching several how to videos. It's definitely not an intuitive app to use. I wanted to create budgets on my computer instead of my phone to help with this but it would not let me login on a computer after creating the account on my phone. I was able to successfully link my bank account but was not able to link my crypto account due to some kind of error on their end. I was also not able to link my investment accounts. Maybe not supported? 3/5,3,1,23.20.3,2023-11-05 09:14:30,"Hi Emily, thanks for leaving a review! I'm glad you were able to get your bank connection up and running. We don't offer crypto bank connections and investment connections can be tricky. Feel free to email us at help@ynab.com if you have any questions! \- Natalie @ YNAB",2023-11-07 12:03:00,23.20.3,YNAB
021e31ed-27be-4c11-959a-1c3cf4677de7,"I've used it for years, works great.",5,0,23.20.3,2023-11-04 19:20:03,Awesome! So glad to hear it. Thanks for leaving a review! \- Natalie @ YNAB,2023-11-06 09:33:32,23.20.3,YNAB
21a8c6e1-180f-4a23-bb8b-a4a2adbe8d0a,This software has changed my life,5,0,23.20.3,2023-11-04 15:51:56,"Thanks for the review, Polly! I love that YNAB has helped you so much! \- Natalie @ YNAB",2023-11-06 09:25:12,23.20.3,YNAB
5276610a-dc71-4487-8a6a-887b843bdced,amazing customer service,1,0,,2023-11-04 06:49:28,"Thanks for your review! I'm so glad you had a great experience with our Support Team, they are the best. \- Natalie @ YNAB",2023-11-06 09:05:36,,YNAB
9f239939-4592-4ed1-a4e5-1d05f80e10f0,"I signed up for the free trial but, stayed for an additional 2months. I liked the app alot. I couldn't quite fully understand how to use it properly, but it still helped me understand how to budget more effectively. The major reason I'm stopping my subscription is my main bank is unable to connect with the platform. So every few days, I needed to manually enter transactions for 4 different accounts. For the price tag, it just wasn't worth the effort.",4,36,23.20.3,2023-11-04 00:14:27,"Hi Tierra, thanks for leaving a review! If you haven't already, you can email us at help@ynab.com and we can troubleshoot the bank connection. Thanks for giving YNAB a try! \- Natalie @ YNAB",2023-11-06 08:57:48,23.20.3,YNAB
be2e8800-0f75-4539-88d5-315bb03134c9,"They took away the ability to use quick assign functions with credit card categories and that instantly makes this an unsubscribe for me, that's how I use the app and they've removed functionality that was convenient for some questionable reason...",1,3,23.20.3,2023-11-03 22:34:51,"Hi Olivia, I appreciate your feedback here. I'll be sure to pass it along to our team! \- Natalie @ YNAB",2023-11-06 08:56:51,23.20.3,YNAB
faedf7ee-d6ec-4434-b152-8e57deb70077,Thank you for your great product!,5,0,23.20.3,2023-11-03 22:13:46,"Hi Lana, you are so welcome! It's great to hear you are enjoying YNAB. Thanks for leaving a review! \- Natalie @ YNAB",2023-11-06 08:55:41,23.20.3,YNAB
900ed49a-e835-4d03-84db-2d0296402b6c,"The budgeting approach doesn't work for us at all. You can't answer the question, ""Will this spending now cause us an issue in two months?"" It's fine for people who already have a cushion, but potentially worse than useless for people trying to get out of paycheck-to-paycheck mode. Go for a balance-forecasting approach instead. Bank syncing and transactions tracking work great, transfers were hard to input correctly. Don't expect to plan for a tight financial future effectively with YNAB",3,24,23.20.3,2023-11-03 11:40:18,"Hi Ethel, thanks for leaving a review. I can understand if YNAB isn't the right fit for you. If you ever want to give us another try, definitely reach out to our support team with questions. We have helped many people break the paycheck to paycheck cycle! \- Natalie @ YNAB",2023-11-06 08:51:11,23.20.3,YNAB
d309dbf6-7a86-4e05-a10e-63618a4fa937,"20 bucks a month to tell you to put money aside and create a glorified excel spreadsheet? Lmfao, the irony of a budgeting app costing so much is hilarious",1,0,23.20.3,2023-11-03 11:13:18,"Hi Cole, thanks for leaving a review. I understand if you'd rather not pay for a personal finance app. I wish you all the best as you find the right budgeting solution for you! \- Natalie @ YNAB",2023-11-06 08:47:06,23.20.3,YNAB
3cdbbf49-35d6-40c8-98eb-7bdc63d8a6af,"Totally worth the subscription fee. Lets you be a budgeting nerd and get your finances on track. Presents your budget, income and expenses in a way that, if you invest yourself in it, makes you confront your financial reality, get serious about setting your priorities, and come out so much better on the other side. I still like the desktop browser interface best though.",5,13,23.20.3,2023-11-03 10:15:48,"Thanks for leaving a review, Trevar! We love budget nerds around here. 🤓 It's so great to hear that YNAB has helped you so much! \- Natalie @ YNAB",2023-11-06 08:35:35,23.20.3,YNAB
9b02889d-852d-4315-bb8a-6e55e1bd98f2,Great app! I've been using it for years and it has helped me organize my finances.,5,0,23.19.2,2023-11-01 10:32:20,Thanks for your review! I love that YNAB has helped you so much over the years. So glad to have you YNABing with us! - Natalie @ YNAB,2023-11-02 08:22:06,23.19.2,YNAB
e2d73e54-8147-4580-b9a2-8167b3f1ab11,Software seems really solid and the interface is easy to use. There are lots of support options on the website and the chat responses are great.,5,0,23.19.2,2023-11-01 09:10:54,"Thanks for leaving a review, Kevin! I'm so glad you have found YNAB easy to use and had great experiences with our Support Team. They are the best! So glad to have you YNABing with us! \- Natalie @ YNAB",2023-11-02 12:27:32,23.19.2,YNAB
5a161b47-c5a6-4f3c-a0b0-4dc1caa599c0,awesome,5,0,23.11.1,2023-11-01 04:54:13,"Thanks for the 5\-star review, Micah! I'm glad YNAB has been such a good fit for you. 😊 \- Aubrey @ YNAB",2023-11-02 11:17:27,23.11.1,YNAB
2055091b-e252-48ae-a1f4-3ef4bb5180ba,Not a fan of the new color (maybe you can deploy the seasons like the iphone) and I could not figure out how to do a fresh start from the app so I had to log in on the browser and fit the app jumping to do so.,4,0,23.19.2,2023-11-01 04:32:31,Thanks for your review! A Fresh Start is available on the mobile app \- instructions can be found here: https://support.ynab.com/en\_us/making\-a\-fresh\-start\-a\-guide\-HkXYR\_c0q. We appreciate your feedback on the new colors as well. 😊 \- Aubrey @ YNAB,2023-11-02 11:16:49,23.19.2,YNAB
6e238e47-b811-4b84-bda6-cbb5bbed4d34,I liked this app and helped me a lot but why I am giving 3 star is because of the high subscription cost. Please consider reducing the cost to make it affordable for many people.,3,0,23.19.2,2023-11-01 00:53:09,Thanks for leaving a review! I'm so glad YNAB has helped you so much. I appreciate your feedback around the subscription cost. I'll pass it along to our team! \- Natalie @ YNAB,2023-11-01 07:54:38,23.19.2,YNAB
916e5807-1a56-43b9-9220-06c6681ce8fb,best budgeting app ever! have been using it since 2014,5,0,23.19.2,2023-10-31 21:16:02,"Whoo! I love that you have been a YNABer for so long, Jaime! Thanks for leaving a review. \- Natalie @ YNAB",2023-11-01 07:53:53,23.19.2,YNAB
7c7534db-2368-45ec-ab70-c0f8c7be84fb,"So it begins, YNAB over the past two years has stopped supporting import for 2 major banks. I paid $120 year for YNAB and then YNAB removed (they allowed the removal of) service access. Like a cable provider that loses access to content, YNAB lost access to APIs. However, unlike a cable provider, YNAB doesn't care they lost access and won't pay for access to the banks api nor will they rectify the loss to costumers.",1,0,23.19.2,2023-10-31 04:27:27,"Hi Jason! Thanks for your feedback. If you haven't already, I would recommend reaching out to help@ynab.com for troubleshooting on your direct import connections and help with our other transaction\-entry options. \- Aubrey @ YNAB",2023-11-06 06:16:27,23.19.2,YNAB
5dc57191-3bd9-463a-9921-df2f7e344305,A great finance app for the International Students All over the World.,5,0,23.19.2,2023-10-30 19:06:37,Thank you so much for your review! We do offer one free year of YNAB to students so I agree that it's great for students everywhere! \- Natalie @ YNAB,2023-11-01 07:42:53,23.19.2,YNAB
94091414-8414-470b-9a43-75e12c537c79,"I'm from Pakistan and my daily pocket money is only 50 to 80 or 100 Pakistani rupee that are the 0.6$ but the monthly plan and yearly plan is more bigger than my yearly saving money I just uninstall that app. I want to tell that the poor countries like Pakistan, the people like student are not rich to afford this monthly or yearly plan",1,0,,2023-10-30 11:56:27,"Hi Muhammad, I definitely understand your feedback here. If a subscription for the YNAB *software* isn’t right for you at this time, I hope you’ll use the [YNAB Method](https://www.ynab.com/the\-four\-rules/) to help you have total control of your money! \- Natalie @ YNAB",2023-10-31 08:24:03,,YNAB
a3daaa70-e9e0-4096-a66e-cbe6edd6852c,"Great for tracking spending habits, easy to use, and support is very responsive even if the solution takes a while. Highly recommended!",5,0,23.19.2,2023-10-30 07:45:11,"Thank you so much for your review, Jose! I love that you have found YNAB to be easy to use and a great way to track habits. So glad to have you YNABing with us! \- Natalie @ YNAB",2023-11-01 07:41:30,23.19.2,YNAB
3a0036b8-998a-4090-88be-cf4c19798cc5,"Exceptional, somewhat expensive but pays for itself in no time. I recommend it to everyone.",5,0,23.19.2,2023-10-30 07:38:10,"Thanks for recommending YNAB, Jacob! It's amazing how much you can save when you have a clear picture of your finances. 💪🏻 \- Natalie @ YNAB",2023-11-01 07:42:13,23.19.2,YNAB
24fb462e-2b93-463e-a781-989c522adff3,a somewhat good app. With a lot of limitations however: 1) Bank Sync keeps breaking - e.g. does NOT work for past 2 weeks and developer does not carry much to speed up any fix. 2) can't have different currency account because of reasons.... what if I got savings in different currency or investment? no make a separate budget! not comfortable at all. 3) when opening without an app on a Huawei tablet for example. the sidebars cannot be hidden so block half the content. and Subscription pay!!!,2,1,23.19.2,2023-10-30 03:35:48,"Hi Dmitrii, thank you for your feedback here. I will definitely pass it along to our team! \- Natalie @ YNAB",2023-10-31 08:20:24,23.19.2,YNAB
47ebe90b-0545-495c-952e-cb648742fabd,App makes you subscribe to test anything. Trial is something you have to cancel.,1,1,,2023-10-29 18:20:19,"Hi Brian, it's true. You'll need to sign up for the trial and cancel it so you do not subscribe. I hope you'll consider giving YNAB a try during the trial! \- Natalie @ YNAB",2023-10-31 08:24:46,,YNAB
9ad72ae5-7efe-4429-ad02-8d4dc3b4021a,"Started using the app, and linked it to my account. It created a new category and is frozen. Not a great start, buggy, not sure it's worth the money for something that doesn't work. Deleted, reinstalled and nothing. Canceled and deleted, not worth it.",1,2,23.19.2,2023-10-27 13:39:53,"I'm sorry you ran into this! If you ever want to give YNAB another try, we are happy to help get things working again. You can email us at help@ynab.com. \- Natalie @ YNAB",2023-10-30 05:15:33,23.19.2,YNAB
0c2b64de-57ed-48a1-941b-0d07dabfecbe,How can you remove my ability to manually adjust my cc budgeted amount? If I redeem a cc offer it takes me 5 steps now instead of just adding a -5.00 to make the adjustment. This is a huge pia. At least give me the option to opt out of the changes,1,0,23.19.2,2023-10-26 11:11:14,"Hi Bryan, I appreciate you leaving this feedback. I'll be sure to pass it along to our team! \- Natalie @ YNAB",2023-10-30 04:50:46,23.19.2,YNAB
c0340686-9410-4074-b10e-b17d67c0baaf,Great app to spend 40 minutes every week to fix whatever YNAB decided to screw up in your budget.,1,3,23.19.2,2023-10-26 09:08:08,Thanks for leaving a review. We are always happy to help answer any questions about what might be going on in your budget. You can email us at help@ynab.com. \- Natalie @ YNAB,2023-10-30 04:49:16,23.19.2,YNAB
22ee081d-2337-41d5-b68f-fd1d22368d41,"There are really 2 things to review here. (1) The YNAB System. One of my mentors described it as using a budget as a GPS (to see where you're going) rather than using it as a rear-view mirror (to see where you've been.) A budget is useful if it helps you plan and navigate your finances, not just to look at the end of the month and see where you screwed up (yet again.) (2) The YNAB App. This will take time to learn, but if you put in the time with the openness to change how you think: priceless!",5,40,23.19.2,2023-10-22 19:45:37,"Thanks for the review, Chris! I love that you clarified how YNAB's Method is unique, and that the app supports a specific way of viewing your money. I'm glad to hear it's been a good fit for you! \- Aubrey @ YNAB",2023-10-24 07:48:01,23.19.2,YNAB
c5991367-8993-4900-98c5-65a3c334c2d3,Been using it for 12 months but 6 months since i really got the hang of it. Its really given me a sense of control over my finances I didnt feel like i had before. Its a bit of a steep learning curve but the payoff is immense and honestly the $12 a month is a worthwhile investment in probably the most advanced budgeting app on the internet. My my gripe is since i am an expat i need to use different currencies. I also feel like for euro accounts bank integration isnt the best. But it works.,4,4,23.19.2,2023-10-22 11:16:35,Hi Ethan! Thanks for your review. I'm glad to hear that YNAB has been a good fit for you so far! We appreciate your feedback on working with different currencies as well. 😊 \- Aubrey @ YNAB,2023-10-24 06:57:19,23.19.2,YNAB
6d15c7e5-fab1-4bfa-8926-fc373b747576,Fantastic interface to track spending and budget information. Gives you much more flexibility to add long term budgets like vacation or gift planning and tracking emergency funds vs versus spendable income. Really worth the yearly cost.,5,1,23.19.2,2023-10-21 10:34:25,"Thanks for the review, Alex! I'm glad that YNAB has been helpful in planning for those big goals like an emergency fund and vacation. It sounds like you've really made your spending plan reflect your priorities! \- Aubrey @ YNAB",2023-10-23 11:20:50,23.19.2,YNAB
72918243-e57f-499b-b568-3a22b7e66084,"I am a huge fan of this company and their app via a desktop browser! Been with them since they had a desktop app before going web-based :) I do like the mobile app, and it's also much easier to read now with the new color scheme, but I wish I could see the running balances on the app as well.",4,0,23.19.2,2023-10-21 06:03:30,"Hi Cynthia. Thanks for being a long time YNABer, and for taking the time to leave us a review! We're thrilled to hear you love YNAB, and that you're a fan of our new look as well. 🎉 If you haven't already shared your feature request with our product team, we'd love for you to do so, here: https://youneedabudget.typeform.com/to/Pt6cek. \- Jill@YNAB",2023-10-23 09:36:16,23.19.2,YNAB
87bd3d10-b3a2-4213-b0df-0466d1b310e9,I was so hesitant to pay $130-ish Canadian per year for a budgeting app. I tried it first almost 2 years ago and it was one of the best financial decisions I made. It completely changed the way I think about/organize my finances. I like the blurple refresh too!,5,1,23.19.2,2023-10-20 19:26:39,"Thanks for the review, Brandon! I'm excited to hear that YNAB has been such a great fit for you. Also, thanks for letting us know that you like our new look! \- Aubrey @ YNAB",2023-10-23 08:03:07,23.19.2,YNAB
e55f071d-5095-4022-b80b-a725831ed9f0,I like the redesign 😋,5,1,23.19.2,2023-10-20 12:32:50,"Hi Luca! We're thrilled to hear you like our new look. 🤩 Thanks so much for taking the time to share this feedback with us, we appreciate it! \- Jill@YNAB",2023-10-23 05:39:51,23.19.2,YNAB
ca29792d-28f0-4734-96a2-15cfc15ff9d4,"YNAB has helped us pay down debt, build our savings, and make budgeting less stressful. The developers continually work to make the mobile app and web platform more user- friendly with optimal functionality. Being able to perform most tasks from the mobile app is helpful for staying on top of my budget. And as if the products aren't enough they offer so much educational and informative content in conjunction with the budgeting software.",5,5,23.19.2,2023-10-19 18:30:20,"Hi Fiona, thanks for your review! I'm glad to hear that YNAB has been such a good fit for you, and that you've had a chance to check out our free resources in addition to the app. 😊 We're cheering you on in your financial journey! \- Aubrey @ YNAB",2023-10-22 07:52:51,23.19.2,YNAB
d6db2f40-f0be-4f02-860e-598be7d9d67a,This app had less than 3 stars a month ago after they raised their monthly subscription fee to whopping $19 a month!!!?? Suddenly it's 4.5 stars now.,1,6,,2023-10-19 16:53:20,,,,YNAB
6137cfbe-ae26-4969-9288-f3554afb89ef,Wouldn't link the app up to my accounts so I don't see the point,1,1,,2023-10-19 12:08:32,"Hi Frances, thanks for taking the time to leave us a review. If you haven't already, reach out to us at help@ynab.com so we can assist with that direct import connection! \- Jill@YNAB",2023-10-23 04:50:15,,YNAB
e4b72c18-c872-415f-a75a-ac44406c3e68,"I've tried several budget apps, and this is my favourite by far. Once you get going, it's effortless to maintain. The staff read as very authentic, and the YouTube content is pleasant and informative. I recommend it to anyone who is looking for a budget!",5,1,23.19.2,2023-10-18 23:50:54,"Thank you so much for leaving a review, Ryan! I'm so glad you have found YNAB to be so easy to use. So happy to have you budgeting with us! \- Natalie @ YNAB",2023-10-19 05:45:42,23.19.2,YNAB
d8a5e9c0-6acb-4789-85bc-146cab304565,No budget app on the planet is worth a recurring annual cost of $100.,1,1,,2023-10-18 18:42:00,"Hi Shawn, thanks for leaving a review. I understand if you would prefer not to pay for the annual subscription. I wish you all the best as you find the right budgeting solution for you! \- Natalie @ YNAB",2023-10-19 05:29:21,,YNAB
3d0e0330-b39c-445e-9504-44def8921526,Absolutely an essential app for managing my finances!,5,0,23.19.2,2023-10-18 14:23:38,"Thanks for this awesome review, Sophia! We're thrilled to hear that YNAB has made managing your finances easier. 🎉 \- Jill@YNAB",2023-10-19 05:19:03,23.19.2,YNAB
a3e897d7-a656-463e-be41-799deba39efb,"Great budgeting app, though it takes a while to learn to use. One issue though: why do we STILL not have an ""Undo"" button on mobile? Personally not a fan of the new ""blurple"" UI but I'm sure I'll get used to it. But please put your resources towards functionality vs form and get us an undo button! It would make the experience so much better. Will update my review once better functionality is present.",3,1,,2023-10-18 03:43:31,"Thanks for your review, Sam! I'm so glad you are enjoying YNAB. I'll let our team know you'd like to see an undo button in the app. It's always helpful to know what our users are looking for! \- Natalie @ YNAB",2023-10-18 11:55:32,,YNAB
faae0a41-7623-456d-bef9-cda1639a60af,"This app really saved my financial life. It really helps you organize and feel the impact of each transaction. I stopped looking at my bank account so that I couldn't see my current balance and think that I could spend it. I budget everything, even my bad habits and debts, and I log my all of my transactions. The linked account import feature has generally been great. They are clear and prompt about issues and have A LOT of helpful guides and videos to get you going.",5,1,,2023-10-17 15:44:37,Hi Kyle! It sounds like you've really put in the work to improve your financial. 🙌 We're so glad we could play a part in that! Giving every dollar a job really does add a level of clarity that alleviates spending stress and guilt. Thanks for this awesome review! \- Jill@YNAB,2023-10-18 05:14:45,,YNAB
52a74647-0a7c-4ccd-b896-1f04e6ae214b,glad I found it. 100% worth the cost. I'll never use anything ever again,5,0,23.18.3,2023-10-17 15:31:43,"Hi Christopher! We're glad to hear you've enjoyed using YNAB, and that it's had an impact on your financial life. 🎉 Thanks for taking the time to share this feedback, we appreciate it! \- Jill@YNAB",2023-10-18 05:05:46,23.18.3,YNAB
535db2d0-b0d2-41e9-bedc-7def14fe0562,A truly life changing app- the only budgeting app that I've used that actually changed the way I think about money and helped me make progress towards goals.,5,0,23.18.3,2023-10-17 07:41:38,"Hi Sarah, we're thrilled that YNAB has helped you make true financial progress! It sounds like you've really put in the work in to crush your financial goals, and we're honored that we could play a part in that. 🤩 \- Jill@YNAB",2023-10-18 08:14:44,23.18.3,YNAB
18250c61-971b-4ac3-8e0b-401fc654a66c,"I legitimately love YNAB, and it is worth the price it takes me to keep everything in track. The user interface on mobile SUCKS. It doesn't even rotate screen?? And the way to add or subtract money makes no sense compared to the browser interface. Please fix this so I can keep using your programs happily.",3,6,23.18.3,2023-10-17 07:16:11,"Hi Maree! Thanks for taking the time to leave us a review. We're glad to hear that you love YNAB and find it a valuable addition to your financial life! If you're up for it, we'd love to have you share your feature requests with our product team, here: https://youneedabudget.typeform.com/to/Pt6cek. \- Jill@YNAB",2023-10-18 08:12:30,23.18.3,YNAB
4bd6a57f-3440-4b74-a3fa-babc4dcf8232,"Ynab conveys the information my wife and I need to maintain an effective budget. Although the cost has increased over the years, the value has been worth it for us. We did a major house renovation and knew exactly our budget dollar amounts thanks to this tool. It takes about 2 months of budgeting and testing and about 2 more to get comfortable with your categories, but around month 5 or 6 you will be budgeting with ease and confident you know where your money is going.",5,0,23.18.3,2023-10-16 17:45:10,"Amazing, Matthew! Completing a house renovation while knowing exactly where you money is going is a huge deal. Way to go! Thanks for budgeting with us and leaving a review. \- Natalie @ YNAB",2023-10-17 09:11:09,23.18.3,YNAB
2512f14f-3fcc-4eb0-9954-8ab03a73c6df,"Do not forget if you tried a 30 day free trial, no refund will be offered even if you contact them 5 days following the $100 charge on your account.",1,1,23.18.3,2023-10-16 15:16:29,"Hi Sarah, thanks for leaving a review. Subscriptions that are directly through the Google Play Store and the refunds are based on Google's terms. I'm sorry you weren't able to get a refund. I hope you'll consider giving YNAB a try! \- Natalie @ YNAB",2023-10-17 09:09:59,23.18.3,YNAB
88eca79d-16fb-421e-88ea-012ed11b0060,"I was using this app for 10 plus years and paid for it. Easy to use, easy to log, and a great app for tracking spending. But as soon as it went to a subscription model I lost access to a bunch of features and moved on.",5,0,6.14.2,2023-10-16 10:48:51,"Thanks for leaving a review, David. I'm so glad YNAB helped you in the early years. I understand if YNAB isn't what you're looking for right now. I wish you all the best as you find the right budgeting solution for you! \- Natalie @ YNAB",2023-10-17 07:16:01,6.14.2,YNAB
a7982ab7-6de3-47c2-bcc2-bfe2e69c9074,"YNAB changed my life. More than a spending tracker! This is everything I needed to know about money on a daily basis I never learned. Now I know not only whether I can buy (afford) something but more importantly do I want to buy it. Try for free, view the instructions, and change your relationship with money.",5,0,23.18.3,2023-10-16 07:54:31,"Love this, Stella! We are all about helping you love the way you spend your money and I'm so glad YNAB has helped you with that. \- Natalie @ YNAB",2023-10-17 05:52:51,23.18.3,YNAB
ae24d27c-17a5-4a27-bcf7-86819c1bf03a,I love YNAB and while I use the desktop version more I use the app at least a few times a week!,5,0,23.18.3,2023-10-16 06:16:38,"So glad you are loving YNAB, Rosemary! The app is handy to have so you can check your budget on\-the\-go. Thanks for budgeting with us! \- Natalie @ YNAB",2023-10-17 05:47:02,23.18.3,YNAB
db74358e-ba13-4a69-9b93-cb0d4da0a5f4,"Great app, great system that I have used for years. Seems pricey at first but you will easily save the money you spend to get things in order. I have recommended this to family and friends. Only reason for 4/5 is that it lacks bank feed integration with Australian banks",4,0,23.18.3,2023-10-16 04:38:25,"Thanks for your review, Sam! I love that YNAB has helped you save money and we appreciate you sharing YNAB with others. Hopefully one day we can offer Australian bank connections! \- Natalie @ YNAB",2023-10-17 05:30:09,23.18.3,YNAB
92fc64bd-3d8d-4acc-8ce7-f554b505c4d6,This program helped us go from spending next month's money to spending last month's money. It helped me not to feel guilty for going out because we budgeted for it. We save money all year for auto insurance as well as Christmas gifts. It has helped us navigate when times are lean as well as times of plenty. I love that I can create a category for a specific purpose and say aside that money.,5,4,23.18.3,2023-10-15 08:26:25,"Thanks for this awesome review, Kristen. It sounds like you really put rule four \(age your money\) to work for you! 🙌 We're thrilled to hear that YNAB helped you eliminate spending guilt and find some clarity around your finances, that's such a big win! \- Jill@YNAB",2023-10-17 04:56:43,23.18.3,YNAB
c50bcef6-ab49-4a09-8913-3a00af52e72e,amazing budget app,5,0,23.18.3,2023-10-13 18:51:21,Thank you so much! I'm glad you are enjoying YNAB. We appreciate you leaving a review! \- Natalie @ YNAB,2023-10-16 12:45:48,23.18.3,YNAB
7b840d0b-2cbc-4a24-93fa-fd9dc107b43d,Credit cards not intuitive to pay off and no undo/back button,3,0,23.18.3,2023-10-13 05:56:21,Thanks for your review and feedback here. Our support team would love to answer any questions you have about handling credit cards in YNAB. You can email us at help@ynab.com! \- Natalie @ YNAB,2023-10-16 06:56:49,23.18.3,YNAB
924cf902-00bc-4ddd-9f1e-353aab0d4ffd,YNAB did wonders for my ability to track and change my spending habits. I've used it for years at this point and I'm hooked.,5,0,23.18.3,2023-10-13 04:09:07,"Amazing, Nicholas! I love that YNAB has helped you love the way you spend your money. Thanks for budgeting with us! \- Natalie @ YNAB",2023-10-16 06:55:29,23.18.3,YNAB
022dc6e0-eae5-4f2a-a191-1757f77d202e,"Really changed how I plan and now I can save for special purchases easily. After a few years. I got a little lazy with this...but it saved me, again! Had unexpected household disasters (multiple) and my emergency fund, which had been growing little by little over the last few years, coverer it all. I never would have had that money without YNAB!",5,5,23.18.3,2023-10-12 07:55:31,"Thanks for this review, Anne! I'm so glad YNAB helped you grow that emergency fund so you had it when those disasters popped up. 💪🏻 \- Natalie @ YNAB",2023-10-16 05:43:29,23.18.3,YNAB
e4a96444-3e97-4160-b125-acc106e2b606,"Great app, but pricey. If the price was more reasonable I would give it a 5 star.",4,1,23.18.3,2023-10-11 08:35:12,"Thanks for your review, Debbie. I'm glad you are enjoying the app! I'll be sure to pass your feedback about the price along to our team. \- Natalie @ YNAB",2023-10-12 09:57:05,23.18.3,YNAB
b422d822-9e4d-4555-8069-7270db144cca,The best personal finance program. been using it for years and it's helped immensely.,5,0,23.18.3,2023-10-10 10:41:11,"Yay, Tom! So glad YNAB has helped you so much over the year. Thanks for leaving a review! \- Natalie @ YNAB",2023-10-12 09:44:54,23.18.3,YNAB
10821aa0-4b03-4f25-877f-f26afb0d5313,Won't connect to my credit union even though it's listed in the system. Useless.,1,0,23.18.3,2023-10-09 18:02:45,"Hi Mark, I'm sorry the credit union bank connection is giving you trouble! If you haven't already, you can email us at help@ynab.com and we can try troubleshooting the connection. \- Natalie @ YNAB",2023-10-10 09:47:54,23.18.3,YNAB
6ed39799-9a86-4f62-be31-015add15e527,New update needed some more testing on Android. Fair bit of overlapping ui.,3,0,23.18.3,2023-10-09 06:04:26,"Thanks for your feedback on this, Nathan! I'll pass it along to our team. \- Natalie @ YNAB",2023-10-10 09:42:45,23.18.3,YNAB
74422f38-bbe3-4cfa-bef9-6f6b54da386f,The only budgeting app that has ever worked for me. Been using it since around 2014 and they keep making it better! Worth the subscription. Thanks YNAB team!,5,0,23.18.3,2023-10-08 13:19:12,"Whoo! Marcia, I can't believe you've been a YNABer for almost a decade. That is so cool! Thanks for leaving a review. \- Natalie @ YNAB",2023-10-10 09:36:07,23.18.3,YNAB
398623b9-65dd-4caf-a57d-1ca7a9d31b0d,I ❤️ YNAB!,5,0,23.18.3,2023-10-08 06:14:20,"And we ♥ you, Christine! So glad you are budgeting with us! \- Natalie @ YNAB",2023-10-10 09:34:18,23.18.3,YNAB
cfdfa65c-4d7d-4a6d-9133-3ad43e86e844,I love the tool. But the mobile app is not my favorite. I don't like that I don't even have an option of using the mobile browser. And I cant find a way to stop mobile notifications. Sigh.,3,0,23.18.3,2023-10-07 15:38:40,"Thanks for leaving a review. I'm so glad you are loving YNAB! We can definitely help with your notifications, email us at help@ynab.com! \- Natalie @ YNAB",2023-10-10 09:26:12,23.18.3,YNAB
d3d93204-fb2f-43c3-80a3-cbaba22299b8,Love the app but not a fan of the newest UI update. Please don't screw up something that works just fine.,4,0,23.18.3,2023-10-07 09:24:19,Thanks for leaving a review. I'm sorry to hear you aren't a fan of our recent updates. We are always working to make YNAB better. \- Natalie @ YNAB,2023-10-10 09:19:51,23.18.3,YNAB
59963e8f-002b-42e6-9ea6-e330929da637,"NOT FREE: Asks a bunch of intro questions, then, OOP! Gotta subscribe to actually use the app. 🙄",1,0,,2023-10-07 08:56:03,"Hi Mindy, thanks for leaving a review. We do offer a free 34 day trial to give YNAB a try and beyond that, you'll need to subscribe either monthly or annually. I hope you find the right budget solution for you! \- Natalie @ YNAB",2023-10-10 09:17:01,,YNAB
7cb58125-0683-427f-bc3b-551622f4a5a5,"WAY too expensive!!! MS Office is less than $70 per year, for the entire suite of software, any peice of which, MSWord for example, has hundreds of times more development. Almost $100 per year is ridiculous!! I uninstalled as soon as I saw the price. Ridiculous!!",1,2,,2023-10-07 07:59:51,Thanks for leaving a review. I can understand if the price is too much for you. I wish you all the best as you find the right budgeting solution for you! \- Natalie @ YNAB,2023-10-10 09:15:46,,YNAB
2e9aff8d-b096-40b9-8cd4-5d17eca845db,"Been using it for years and it's been amazing for keeping track of expenses and getting a good idea of where your expenses go. It's hard to imagine not using it.at this point, can't recommend it enough!",5,1,23.18.3,2023-10-06 09:05:19,"Thanks for your review, Brian! I love that YNAB has helped you so much and that you can't imagine not using it. 🤩 \- Natalie @ YNAB",2023-10-10 09:11:46,23.18.3,YNAB
6800e574-a1a6-485e-aa73-67972f34b319,"The bottom menu bar that allows you to access the accounts, transactions, etc. Is missing on my phone. I have uninstalled and reinstalled it, and it is not there, which makes the app useless.",1,0,23.18.3,2023-10-05 19:55:35,"Oh no! I'm sorry you aren't seeing that menu bar. If you haven't already, you can email us at help@ynab.com and we can see what's going on! \- Natalie @ YNAB",2023-10-10 09:07:40,23.18.3,YNAB
2d71a78f-82d4-444f-bb4c-d249d9ef8588,"The app works smoothly but it doesn't have spending reports, which is a major drawback compared to desktop",3,0,23.18.3,2023-10-05 18:45:04,"Hi Gina, thanks for leaving a review! I'm so glad the app works smoothly for you. I'll be sure to let our team know that you'd like to see more reports in the mobile app! \- Natalie @ YNAB",2023-10-10 09:06:45,23.18.3,YNAB
ff8bec4a-c3c3-430f-83fe-74c3e4daae48,"Maybe your friend raved about YNAB and you're on the fence if its for you. let me help you decide: Do you stress before pay? Do you have a hard time letting yourself buy ""Fun"" stuff? Do you have money related arguments with loved ones? if you said ""yes"" to any one... you need YNAB. Its saved our marriage. It makes money a source of joy rather than stress. It is the dash board for our financial lives. Give it a honest try and see for yourself.",5,0,23.18.3,2023-10-05 17:50:19,"I don't think I could love this review more, Jonathan! You totally get us \- we want your money to be fun and not stressful. So glad to have you budgeting with us! \- Natalie @ YNAB",2023-10-10 09:02:30,23.18.3,YNAB
83a869a0-0efe-480a-9ac7-2107b790ac97,gives me clarity about my money habits and needs,5,0,23.17.4,2023-10-05 11:01:41,"That is music to our ears, Tessa! When you have clarity around your finances, you can make better spending decisions. 🙌🏻 Thanks for leaving a review! \- Natalie @ YNAB",2023-10-10 09:05:25,23.17.4,YNAB
c6571153-8b46-4b99-b0ae-3816c154922e,"Not a fan of the recent updates, both on the Android and online. But I still like the system.",3,0,23.18.3,2023-10-05 10:02:24,"Thanks for taking the time to leave us a review, Mark. We're glad to hear you enjoy using YNAB! If you have specific feedback for our product team on the recent update, we'd love to hear them! You can share those here: https://youneedabudget.typeform.com/to/Pt6cek. \- Jill@YNAB",2023-10-10 08:37:50,23.18.3,YNAB
8bccf148-4273-4421-afea-4020dad48972,"I set out to learn the YNAB way, and really wanted to make it work. I watched a few videos and have been doing my own budgets for the last 10 years. This app is just too complicated. There seems to be a punishment system where you cannot undo things, even just while learning. So then you start over with making new budgets, and its just too much. Maybe if it were free I would continue, but for YNAB to expect everyone to learn their way in an arbitrary month is not enough time for busy people.",1,39,23.15.1,2023-10-04 17:32:19,"Hi Brandon! I'm sorry to hear that YNAB wasn't a good fit for you. If you decide to give it another try, you're always welcome to reach out to help@ynab.com with any questions you have as you're getting started. 😊 \- Aubrey @ YNAB",2023-10-09 11:31:28,23.15.1,YNAB
a7ece8e4-0bdf-4aca-8a34-9ab314c45821,The app has come a long way. It still needs the ability to edit payees and reduce over funding for a whole month. Another small improvement would be to add next/previous buttons for switching months in the budget view. Having to click through a pop-up list is cumbersome for most use cases.,4,0,23.18.3,2023-10-04 07:07:43,"Thanks for sharing your feedback, Robert! We'd love to have you share these suggestions for improvement directly with our developers here: https://youneedabudget.typeform.com/to/Pt6cek?typeform\-source=support.ynab.com. This will allow them to contact you with any questions they may have about your ideas. \- Aubrey @ YNAB",2023-10-08 11:54:53,23.18.3,YNAB
b23820b7-b681-4877-a362-8c133b82078b,I can't go back to not having it,5,0,23.18.3,2023-10-04 06:14:30,Hi Isacc! Thanks for the five\-star review. I'm glad to hear that YNAB has been such a good fit for you. 😊 \- Aubrey @ YNAB,2023-10-08 11:47:45,23.18.3,YNAB
9c6183b6-3dc0-4b36-8273-09a18dd57dd2,Not a fan of the new transaction entry. Overly large fields don't match the look of other screens. And have to scroll down to see what's there.,4,0,23.18.3,2023-10-04 03:01:46,Hi Stephanie! Thanks for sharing your thoughts on the new transaction entry layout. I'll be happy to pass this feedback along. \- Aubrey @ YNAB,2023-10-08 11:46:04,23.18.3,YNAB
281456a0-b7ff-4e54-af2c-6c4362d58752,"Clunky interface, basic functions like adding a new category missing from app, slow to load, glitches... Disappointed when I pay about $100 a year for service. Still clunky a year later.. YNAB customer service is absent, the development team on this app work on the wrong features... Update: prices go up, bugs go up, support goes down... seriously thinking of categorizing my YNAB payment under garbage category...",1,3,23.17.4,2023-10-03 23:38:38,"Hi Mike! Thanks for sharing your feedback, and I'm sorry that you haven't had a good experience with the app. It sounds like things may not be working as expected for you, though (you should be able to add a new category!), so I'd love for you to contact help@ynab.com. We can troubleshoot, and send your feedback to our developers! ~ Kelly M @ YNAB",2021-12-28 17:04:44,23.17.4,YNAB
b973e06c-45a0-41da-a388-753de435b4e7,"Garbage app - it forces you to sign up for a subscription before you can even try the app out. No option to skip entering payment info during the ""free"" trial. Scammers.",1,0,,2023-10-03 14:58:28,"Hi Megan! We do offer a free 34\-day trial when signing up through YNAB directly, with no payment information required. That said, trials set up through a third party like Apple or Google are subject to their terms. Either way, you always have the option to cancel before being billed when giving YNAB a try. \- Aubrey @ YNAB",2023-10-08 11:41:23,,YNAB
17204fa5-a938-4a94-8558-8fab0cf60cec,fantastic app for managing where your money is going. every dollar gets a category so you can make sure you are not overspending in areas unintentionally.,5,0,23.17.4,2023-10-03 03:49:39,"Hi Kenneth, thanks for this awesome review! You're spot on, the magic of giving every dollar a job offers a new level of financial peace and control. 🙌 \- Jill@YNAB",2023-10-05 05:16:05,23.17.4,YNAB
860d71a1-d8c2-48e6-8619-4529d23d355f,"15$ a month is 7% of my monthly salary, which is a lot of money, this app should be usable without paying.",1,2,23.17.4,2023-10-02 20:10:21,"Hi Khaled, thanks for taking the time to share this feedback with us. As budgeters ourselves, we don't take pricing decisions lightly. Having a paid product allows us to continuously improve the app and provide top\-notch support for our users. We also never sell our customers' data, which is not always the case with free apps. \- Jill@YNAB",2023-10-05 06:59:20,23.17.4,YNAB
b2f56880-da26-4edc-9a5f-ea55a8f79d9a,"exceptional value, worth the time that you invest in learning to use it.",5,0,23.12.3,2023-10-02 18:22:30,"Thanks for this awesome review! We're glad you've enjoyed using YNAB, and that you've found it to be a great value. \- Jill@YNAB",2023-10-05 05:02:10,23.12.3,YNAB
62c11576-0cd0-4735-911d-6953f3de4bbe,"simply the best for budgeting. I have tested half a dozen other softwares and services, none come close to ynab. Ive already transformed my budget and have changed the way i handle my financials. factoring in the annual cost its still well worth it. Pay about 8 a month to completely transform and end up saving hundreds if not thousands, thanks to the awesome functionality of this app.",5,4,23.17.4,2023-10-02 04:23:04,"Hi there! Thanks for this awesome review. 🤩 We're so glad to hear that YNAB helped transform your financial life! It sounds like you've really put the YNAB method to work for you, and have saved a lot of money by being intentional with your spending decisions! 🙌 \- Jill@YNAB",2023-10-04 12:11:39,23.17.4,YNAB
dc080b10-61f0-4294-b8d8-84867f654591,"Terrible, budget keeping app that requires you to pay over 100/year for subscription. Great job helping people with their goals guys that's horrible.",1,1,,2023-10-01 11:59:33,"Thanks for leaving a review. We do offer a free trial and after that, you'll need to subscribe monthly or annually. I wish you all the best as you find the right budgeting solution for you! \- Natalie @ YNAB",2023-10-02 08:39:25,,YNAB
2d9e74a0-2e47-41e9-9db2-e5ea8cf1a0f7,"I was going to use the app and planned to subscribe for its services, but it never worked because it stayed frozen whenever I opened it up. Any application that starts with technical issues is an app that is no good for anything. A company that is not willing to improve their programs for easy user and charges for it means that they are not worth my money and attention for me to use it.",1,0,,2023-10-01 10:31:50,Oh no! I'm sorry to hear that app kept freezing for you. That's definitely not expected. You can email us at help@ynab.com and we can see what's going on! \- Natalie @ YNAB,2023-10-02 08:38:20,,YNAB
260a0b34-49eb-48be-ae10-daf5ee68a74a,I've never felt this free or had this much control over my money. it's the best!,5,0,23.17.4,2023-10-01 06:19:07,Whoo! We love to hear it because that is literally our goal. We want everyone to be in control of how they spend their money. Thanks for budgeting with us! \- Natalie @ YNAB,2023-10-02 08:35:30,23.17.4,YNAB
a18250c2-a30a-47bd-8fb6-0e998809328f,"Great service, but the tablet version of the app is annoying. On my Galaxy Tab it is basically an enlarged version of the mobile app. A true tablet version is a must!",2,3,23.17.4,2023-10-01 02:32:36,Thank you for this feedback! I'll definitely let our team know that you'd like to see a true tablet version for YNAB. \- Natalie @ YNAB,2023-10-02 08:33:40,23.17.4,YNAB
975c8466-fdb5-4e33-a448-14cff50a2364,European bank connections are not cared about and the price point is debatable with how stagnant the improvements seem to be. But overall it's good and does what is needed.,4,0,23.17.4,2023-09-30 13:27:21,Thanks for your review here. I'm sorry you find our improvements to be stagnant. We are always working to add new features that make YNAB better. I'm glad YNAB is a good budgeting solution for you! \- Natalie @ YNAB,2023-10-02 08:27:24,23.17.4,YNAB
c8491bb7-4920-429a-b22a-c2287831cc59,"This is a pretty good budgeting app. Not as many reports as Quicken, the reconcile feature is very basic, and how it treats credit cards is wonky. However, even with these issues it is really good at helping you budget your money whereas Quicken is really good at seeing where your money went. Bottom line, if you want an app to help you budget your money so you don't overspend this is the app.",4,46,23.17.4,2023-09-30 09:46:05,"Thanks for this review! You are so right, with YNAB, you tell your money where to go. It's a game changer! Our Support Team is always happy to answer any questions you have about credit cards, it's such a great feature. 😄 \- Natalie @ YNAB",2023-10-02 08:24:34,23.17.4,YNAB
bb389437-0d1a-4e13-89ec-0a0993bf2bf9,I've used this software/app for years and love it. They are constantly working on bugs in the background to make it work smoothly. I've seen it go from its beginning clunky stage to where it is now and I can't be more pleased with how it has evolved.,5,0,23.17.4,2023-09-29 21:23:25,"Thank you so much! It's true, we are always working to make YNAB a smooth and optimal experience. So glad you have found that to be the case. Thanks for budgeting with us! \- Natalie @ YNAB",2023-10-02 08:20:50,23.17.4,YNAB
93acab99-914f-4dc1-99fc-60c27c98ef35,Don't understand it. User un-friendly.,1,0,23.17.4,2023-09-29 03:45:57,"Hi there, thanks for leaving us a review. If you ever decide to YNAB another try, please reach out to us at help@ynab.com. We'd love to provide some tips for getting started, and some great resources to help. \- Jill@YNAB",2023-10-02 07:02:56,23.17.4,YNAB
9b83847b-cce1-4913-96f1-b9eb8ba85fb5,It didn't work for me but it's like Excel basic,4,0,23.1.2,2023-09-27 09:25:21,Thanks for your review. I wish you all the best as you find the right budgeting solution for you! \- Natalie @ YNAB,2023-09-28 09:05:55,23.1.2,YNAB
cc1eb2fa-86cd-4461-bbfb-1351359e9428,Warning: the download is free but they don't tell you until AFTER you give your email and sign up that it is not free to use. 34 day free trial and then it's $15 a month. So sick of giving my email to people who won't give all the info beforehand.,1,4,23.17.4,2023-09-27 08:12:05,"Hi Samantha, thanks for the review. It's true, we offer a free 34 day trial and after that you'll need to subscribe monthly or annually to continue using YNAB. I'll let the team know that that info could be more clear! \- Natalie @ YNAB",2023-09-28 09:04:25,23.17.4,YNAB
8630b6b3-3007-453e-814c-500c03478d62,"this app is so easy to use, it not only keeps me on track but gives me peace of mind that all my bills are covered",5,0,23.17.4,2023-09-26 14:21:53,"Hi Mary. Peace of mind is perhaps the best YNAB win of all! We're thrilled to hear that you enjoy using YNAB, and find it easy to use. Thanks for taking the time to leave us a review and share this feedback. 🤩 \- Jill@YNAB",2023-09-28 05:16:20,23.17.4,YNAB
ea7a8e54-a410-4ea3-aa44-4f60ed8fec24,Using it for 7 years now. Still no bank sync to Greece. Also missing currency converter automatically. The only option is to create different budgets for different currencies which I do not prefer that.. other than these the app works well. Edit: I changed ny mind. This app is amazing no matter the issues.,5,0,23.17.4,2023-09-26 12:26:03,Hi Antnan! Thanks so much for this awesome review. We really appreciate the feedback. We're glad to have you as a part of the YNAB community these past 7 years. 🎉 \- Jill@YNAB,2023-09-28 05:10:48,23.17.4,YNAB
2117c932-8e51-4422-b040-c15970781252,"Constant tech issues. Do not buy. Used to love this app. Now, it's useless. The app has had constant issues connecting with my bank, meaning the data is out of date frequently. So, I can't use this budgeting app to make buying decisions, its whole purpose. It has been 6 months. Now, there is a app wide issue with PNC. When contacting customer service, it's too bad so sad you can manually enter your data. Save your $$",1,11,23.17.4,2023-09-25 17:17:59,"Hi Julia, I'm sorry you ran into this. Bank connections can definitely be tricky. I wish you all the best as you find the right budgeting solution for you! \- Natalie @ YNAB",2023-09-26 11:30:14,23.17.4,YNAB
cd5c7483-c02e-4e36-ad52-89e33c0ba366,YNAB has been life changing in getting our finances in order. It's very daunting at first but budgeting every cent that goes in and out has an amazing ability to ease the mind of money worries.,5,0,23.17.4,2023-09-23 13:16:44,"Thanks for this awesome review, James! You said it perfectly. 🙌 Giving every dollar a job really provides a level of financial clarity that's a game changer! We're so glad to hear that YNAB has given you some additional peace of mind. That's such an important win! \- Jill@YNAB",2023-09-26 08:54:28,23.17.4,YNAB
8e351b98-2534-494a-8953-170c14f0911b,"Desktop app is frustrating as you can't quickly enter items in and have to click at least three times for entry. Excel is a better option. The app itself doesn't work out as it's too slow to update accounts, mint can do it quickly so it's not an issue with Plaid but the app itself",1,2,23.17.4,2023-09-22 11:50:22,"Hi there, we're sorry to hear that YNAB isn't what you're looking for. Thanks for taking the time to leave us a review. \- Jill@YNAB",2023-09-25 11:40:27,23.17.4,YNAB
135dfa43-e386-443b-9956-1c19bf9e4750,It's not free,1,0,23.17.4,2023-09-21 12:55:53,"Hi! You're right, we offer a free 34 day trial and after that you'll need to subscribe annually or monthly to continue using YNAB. Thanks for the review! \- Natalie @ YNAB",2023-09-25 05:07:37,23.17.4,YNAB
086cf7a0-479c-43a7-ba4f-45a377d960a0,really good if one is invested in the world of YNAB. not perfect but improving all the time.,5,0,23.17.4,2023-09-21 11:46:00,"Thanks for your review! It's true, we are always improving and making YNAB better. \- Natalie @ YNAB",2023-09-25 05:06:27,23.17.4,YNAB
cf50ca9f-84f5-4b32-ab17-57dbc7d32b2a,This app changed my life!,5,0,23.17.4,2023-09-21 05:04:30,Yay! We love to hear that and so glad YNAB has helped you with your finances. Thanks for leaving a review! \- Natalie @ YNAB,2023-09-25 04:59:28,23.17.4,YNAB
db900123-d24b-4dc9-80e9-42fcbf5d0f85,Too expensive for me!!,1,0,,2023-09-20 22:02:47,"Hi Sherry, thanks for leaving a review. I'm sorry to hear you found YNAB to be too expensive. I wish you all the best as you find the right budgeting tool for you! \- Natalie @ YNAB",2023-08-28 07:48:46,,YNAB
b1ecafaa-31c1-4bf9-b9f1-162dec3a1e3a,"I have used the trial version and i loved it it takes care of all my budget needs especially for my expenses. However I need your assistance I clicked delete account by error while setting up, my intention was to delete budget. I had just paid annual subscription fee of 95 dollars. Please can you help me get back the same account atleast not to loose the annual subscription because i haven't even used it for 24 hours. I still really need to use to the app to track. I got my subscription back 😊",5,3,23.17.4,2023-09-20 21:47:24,"Hi there, we'd love to help! If you haven't already, please email us at help@ynab.com and we can go from there. We'll get you back to budgeting in no time! \- Natalie @ YNAB",2023-06-06 07:05:44,23.17.4,YNAB
97ec73ae-7831-4379-b46d-eb06f7566bb0,"If you're 19 and have very few bills, but struggle, this is for you. If you run a household , have multiple loans, credit cards, and want to be debt free, this is zero help!",1,3,23.17.4,2023-09-20 12:27:37,"Hi Holly. Thanks for giving YNAB a try, and leaving us a review. While most of our users have many accounts and credit cards, it sounds like YNAB isn't what you're looking for right now. If you ever decide to give YNAB another try, reach out to us at help@ynab.com. We'd love to provide some tips for managing a complex financial set\-up in YNAB.",2023-09-21 09:43:39,23.17.4,YNAB
ec5bbcbe-8d02-413f-ad72-73b1b2b11095,"Great for budgeting if you can figure it out. Very expensive, but free online services are becoming less ""free"" all the time.",5,2,23.16.2,2023-09-19 21:17:06,So glad YNAB has helped you with your budgeting! Thanks for leaving a review. \- Natalie @ YNAB,2023-09-20 09:28:10,23.16.2,YNAB
98288ab0-9e07-4721-9bb2-6bb5b4a68b79,I was told no sign up was required. That was a lie,1,0,23.17.4,2023-09-19 01:31:25,"Hi Randall! We offer a free, full\-featured 34\-day trial with no pressure to subscribe. It sounds like you may have signed up for a trial through a third\-party app store like Google’s Play Store, in which case your trial is subject to their terms and conditions. You can contact them to cancel your trial or subscription any time. \- Aubrey @ YNAB",2023-09-20 11:49:49,23.17.4,YNAB
8485e1be-d65c-4a5a-bfbc-c7bd60f86d82,"Really awesome app. Somewhat steep learning curve but once you get the hang of it, it has unparalleled power over your finances. Tutorial videos are well explained by a group of fun and engaging people that you can tell truly like their jobs.",5,0,23.16.2,2023-09-19 00:30:35,"Thanks for the review, Jonathan! I'm glad that YNAB has been such a good fit for your financial journey. Thanks for letting us know that you found the videos helpful, and you're right \- we do truly like our jobs here. 😊 \- Aubrey @ YNAB",2023-09-20 11:40:40,23.16.2,YNAB
443256f5-d73b-44c4-bba8-2c8e0d830d99,I have always used the envelope budgeting system- but this just elevates and exceeds anything I could do on my own. it helps you to see your priorities withhold you feeling restricted. it's so much more than just a budgeting tool and I recommend it to everyone!,5,0,23.16.2,2023-09-18 16:20:41,Yay Tiffany and Sam! I love this. We always love helping people make sure their spending is aligned with their priorities and I'm glad YNAB has done that for you. Thanks for leaving a review! \- Natalie @ YNAB,2023-09-19 12:43:05,23.16.2,YNAB
98b709c0-d748-4981-97ce-f8a2ae6d3f94,"Good app for budgeting and following the zero dollar methodology. Unfortunately I have had to revise my 5 star review on objective assessment on the back of continued significant price increments yet no support for Australian bank integration over many years, and no real indication of a plan for the same. It has become increasingly difficult to recommend to Australian friends and family in favour of other options.",3,0,23.16.2,2023-09-18 08:31:20,"Thanks for leaving a review, I'm so glad YNAB has been helpful to you. I appreciate your feedback around the pricing and how it can impact our users in Australia. I'll be sure to pass that along to our team! \- Natalie @ YNAB",2023-09-19 12:44:20,23.16.2,YNAB
854980eb-ffb2-4c2f-b8bc-01e53db7d49f,"Incessant notifications (every few minutes) on over spent budgets when there has been no change is very, very annoying.",4,0,23.16.2,2023-09-17 05:28:07,"Hi Ian! Thanks for the feedback. If you'd like to see fewer YNAB notifications, here's a guide to managing your app notifications: https://support.ynab.com/en\_us/managing\-notifications\-a\-guide\-HySdCwtCc. We're cheering you on in your financial journey! \- Aubrey @ YNAB",2023-09-19 12:46:00,23.16.2,YNAB
4a1935a1-d992-47cf-b975-01ffa3970a52,"can't express how much I love this app. it has helped me so much with budgeting and setting goals. That trip to Ireland next year, I know how much I need to set aside every month to be able to go. Oh and did I mention credit card debts are no more.",5,0,23.16.2,2023-09-16 05:56:42,"Hi Gina! What a fabulous review. 🤩 Becoming debt free and saving for the trip of a lifetime, those are some of our favorite money wins! It sounds like you're really put in the work to reach your financial goals, and we're thrilled that we could play a part in that. Well wishes for a fabulous trip to Ireland! \- Jill@YNAB",2023-09-19 09:26:49,23.16.2,YNAB
6a89251e-8554-449e-8cc3-ef5fe0a4154b,"Great app with excellent cloud system. Highly recommend to map out your financial situation. It helps to make more informed decisions. Saves the hassle from creating and maintaining Excel sheets. For an affordable subscription price, you will be in good hands. Update: My only problem thus far is the delay when importing transactions from financial institutions. Ideally, it would be done within 24 hours. It's annoying manually entering transactions.",5,17,23.16.2,2023-09-15 19:18:55,Thanks for this review! We are all about helping you make informed decisions and love the way you spend your money. 🎉 \- Natalie @ YNAB,2023-09-12 13:50:53,23.16.2,YNAB
e6327e86-cb6f-4019-bf92-338314643b1a,"I love YNAB! This is the best budgeting tool I've ever used. It really works the way I need it to. Helped me get out of debt and save money. Now I know where all my money is going, it's going where I want it to go.",5,0,23.16.2,2023-09-15 12:02:24,"Hi Cyndy! Knowing that your spending is aligned with your priorities is such a huge win. 🙌 It sounds like you've really put the work in to achieve your financial goals, and we're happy we could play a part in that! Congratulations on getting out of debt as well! \- Jill@YNAB",2023-09-19 06:23:19,23.16.2,YNAB
1a5790ab-a68d-4fc6-99b8-a2c58d328578,"Signed up for a trial which I didn't get round to using due to being hospitalised, missed the date to cancel the trial. I contacted YNAB after I was discharged and realised I had been charged £90 for a subscription. Initially they told me they couldn't help and I would need to contact Google, who confirmed it was actually at YNAB's discretion. YNAB told me they simply wouldn't refund due to their policy - despite extenuating circumstances. Absolutely disgusting customer service.",1,1,23.13.0,2023-09-14 10:17:33,"Hi Steph. We're very sorry to hear about your recent hospitalization. For users subscribed directly through us, we're able to provide much more flexibility on refunds. For subscriptions purchased through a third\-party app store, such as Google’s Play Store, your subscription and all billing is managed directly by them. \- Jill@YNAB",2023-09-18 11:51:13,23.13.0,YNAB
a745178c-b89f-4e3f-8d84-1a7dd47a8ae7,"Will not let me adjust my budget and only adds more confusion when you want to delete a new category since they force you to reassign any funds spent. In layman's terms, if you make a typo you're entire budget is off and they refuse to let you change it.",1,1,23.16.2,2023-09-14 05:15:36,"Hi Tyler, thanks for taking the time to leave us a review. We'd love help here! Please reach out to us at [help@ynab.com](mailto:help@ynab.com) so we can assist you with getting that fixed up. \- Jill@YNAB",2023-09-18 07:55:36,23.16.2,YNAB
1b65f562-0971-4d84-92cb-94b038f61132,"Treat yourself to an app that empowers you to embrace your likes and ambitions. If you want to be a happier, more prosperous you, get this app!!",5,0,23.16.1,2023-09-13 19:16:26,"Hi there, thank you for this awesome review! It sounds like you've really taken the YNAB method to heart. You're so right\-\-loving the way you spend is such a game changer! \- Jill@YNAB",2023-09-18 07:53:26,23.16.1,YNAB
cd159cf0-7107-4897-a50c-082f16e239ff,Gotta pay for every feature of the app,1,0,23.16.2,2023-09-13 14:20:16,"Hi there, thanks for taking the time to leave us a review. You are correct that YNAB is a paid app. This allows us to continuously expand and improve the app, and provide top notch support to our users. \- Jill@YNAB",2023-09-18 07:48:31,23.16.2,YNAB
98a2900d-b45d-4823-96fd-fe5034144aac,Fantastic tool for tracking/budgeting your money.,5,0,23.16.1,2023-09-13 05:48:59,"Thanks for this awesome review, Ed! We're glad to hear that you've found YNAB helpful. 🎉 \- Jill@YNAB",2023-09-18 07:41:37,23.16.1,YNAB
cec2a0dc-3ba5-49bc-b321-d53d903a1552,the ability to make better reports would make this wayyyy better. it's fine for basic tracking of categories but looking at trends in a category or finding particular transactions is very challenging. To do any analysis at all you would need some other tool.,3,0,23.16.1,2023-09-12 10:26:52,"Hi Mitchell! Thanks for taking the time to leave us a review. The Spending Report and Income v Expense Report are helpful here, but they're currently only available on the web app. If you'd like to request them on the mobile app, we'd love for you to share that with our product team, here: https://youneedabudget.typeform.com/to/Pt6cek. \- Jill@YNAB",2023-09-14 10:03:08,23.16.1,YNAB
9e34ca5b-31a6-411f-9089-1fb63238dd65,life changing. and such wonderful support,5,0,23.16.1,2023-09-11 05:33:52,"Aw, thanks so much Elizabeth! It's great to hear YNAB has helped you with your finances. I agree, our Support Team is pretty amazing! \- Natalie @ YNAB",2023-09-12 13:38:17,23.16.1,YNAB
824e6297-4a30-433d-9e02-e30826fc8680,I've been using YNAB across several devices for about 5 years now. It's great.,5,0,23.16.1,2023-09-11 05:00:52,Love it! Thanks for being a longtime YNABer and for leaving a review. 🎉 \- Natalie @ YNAB,2023-09-12 13:37:23,23.16.1,YNAB
0548a9ca-8d1b-4474-8497-5aa47a5f44e4,App is easy to use and keeps my budget on track!,5,0,23.16.1,2023-09-10 11:04:51,"Whoo, Rachel! It's awesome that YNAB has helped you manage your money and that you find it easy to use. Thanks for budgeting with us! \- Natalie @ YNAB",2023-09-12 11:42:16,23.16.1,YNAB
9643b07a-c688-4e60-ada9-7a4570271584,"I love love love this app. been using it for years. the ui is intuitive and clean and the notifications are reliable. makes budgeting super easy, barely an inconvenience.",5,0,23.16.1,2023-09-09 16:08:02,Thanks for leaving a review! It's great to hear that YNAB has helped you so much and that you find it super easy to use. Thanks for budgeting with us! \- Natalie @ YNAB,2023-09-12 11:37:32,23.16.1,YNAB
52e38a56-21b1-452d-8968-904419190b8a,"It's a really structured way of organising finances. Using it for a small not-for-profit CIC has been helpful, although can also be a bit expensive as a subscription model.",4,0,23.16.1,2023-09-09 05:41:43,"Thanks for leaving us a review, Benjamin\-\-we appreciate it! We're glad to hear that YNAB has been a good fit for your non\-profit business budget as well. \- Jill@YNAB",2023-09-12 10:00:25,23.16.1,YNAB
ae1c95eb-1a80-438d-8831-fbd80dc2ea96,"For household budgeting, it offers the flexibility I need yet elides much of the complexity. I am equipped to stay on top of actual spending and to have a plan for each dollar that comes in.",5,0,23.16.1,2023-09-08 06:07:05,Hi Greg! Thanks for the 5\-star review. I'm so glad that YNAB has been a great fit for your household \- we appreciate you sharing this feedback! \- Aubrey @ YNAB,2023-09-12 07:30:34,23.16.1,YNAB
e8a43e3c-f43f-469a-afad-3fa7609fdde3,"This app is not great for neurodiverse people. I'm paycheck to paycheck and need to forecast according to my future pay dates. This is critical as I'm getting divorced and going from 0 rent to $3000 rent, and I can't get my bills reconciled. It also stopped working with UECU after the credit union updated in April. Either way, it says I'm always negative, when I'm just waiting for my weekly payday. It's oriented towards people with money in the bank, not people living paycheck to paycheck with 0",2,0,23.16.1,2023-09-07 18:31:11,"Hi Susan, thanks for taking the time to leave us a review. You're right that the YNAB method is built on budgeting with money you currently have, rather than forecasting based on future, expected income. However, you can definitely use YNAB when living paycheck to paycheck. If you'd ever like to give YNAB another go, reach out\-\-we'd love to help!",2023-09-11 11:43:01,23.16.1,YNAB
068272b5-b505-4e6a-ba1d-c18c4cd4e334,Amazing app to keep track of expenses I love how easy it is to connect my bank accounts and have one place to look at all my accounts,5,0,23.15.1,2023-09-07 13:39:41,"Thanks for this awesome review, Benjamin! We're so glad to hear that YNAB has served you well and made it easier to keep track of your finances. Happy budgeting! \- Jill@YNAB",2023-09-11 09:27:10,23.15.1,YNAB
5d76109a-38b4-44c9-a5de-f5d69aff5846,"Really love this app. Could improve in some aspects though. For example, when inputting transactions, the input should be the same in the phone and in the website. In the phone we need to tap a double zero at the end for round values. On the website, we need to type two numbers, a point, then the decimals. It's not homogeneous. It should be. Also, moving money around it's also not homogeneous. The app also has little quirks that feel cheap for an app this expensive. I could go on...",3,7,23.15.1,2023-09-06 00:29:26,So glad you love YNAB! This is really helpful feedback and I'll definitely pass it along to our team. Thanks for budgeting with us! \- Natalie @ YNAB,2023-09-07 12:27:22,23.15.1,YNAB
5741f6b5-31a0-4937-81eb-baedaeded898,"You can complain about the price of subscription, but the amount of money that I'm saving and the habit created are, at the end of the day, worth much more! Cheers",5,0,23.15.1,2023-09-05 11:10:12,"Thanks for your review, Dave! It's awesome that you are saving so much money and that YNAB could help with that. Way to go! \- Natalie @ YNAB",2023-09-07 05:19:09,23.15.1,YNAB
1a7fbbb6-c5d6-4508-9b56-207a65b0b1b7,Great app but wish they had the auto-populate features here in the Philippines. The manual population of my expenses are a pain though managing my budget and expenses are well worth the effort.,4,0,23.15.1,2023-09-05 05:58:18,Thanks for leaving a review! I'm sorry we don't have bank connections available for you. I'll let our team know you'd like to see that. \- Natalie @ YNAB,2023-09-07 05:17:53,23.15.1,YNAB
783c2919-9704-490e-82bb-e0ced12b34c6,"excellent app to help get your finances under control. great support and regular updates and well maintained app. they even have a podcast that's relatable to daily life. give it a try, it changed our approach to finances!",5,0,23.15.1,2023-09-04 18:25:25,Hey Matthew! Thanks for this thoughtful review! I'm glad you appreciate the support and the regular updates and the podcast! I hope YNAB is helping you love the way you spend \(and save\) your money! \- Kat @ YNAB,2023-08-08 09:02:17,23.15.1,YNAB
2a59172c-5643-4c16-8243-e7cff1fad8cb,"Been using YNAB for years now. I think it's worth the price for me, but it's all about how you use it and not so much the app. I am a proactive budgeter and so it fits my budgeting style and I have put the time in to understand it.",5,0,23.15.1,2023-09-04 18:08:32,"Thanks for being a longtime YNABer, Chase! So glad you find the price to be worth it and that YNAB has helped you so much. \- Natalie @ YNAB",2023-09-07 05:14:02,23.15.1,YNAB
523d67c8-3a65-4755-9e92-60b7defd60ba,"I've been using YNAB for years for a reason. It's the best budgeting app and budgeting system (at least for me). I simply could not wrap my mind around ""forecasting"" a budget where I'd guess at my needs and categories, then I'd get overwhelmed when things didn't match up. Enter YNAB where you give every dollar you have a job (and only those dollars), but it's so easy to move things around when needed. And the YNAB team is over the top! I would never be without this app.",5,48,23.15.1,2023-09-04 17:33:57,"Thanks for leaving a review, Misty! It's so great to hear that the YNAB Method has helped you so much. Thanks for budgeting with us! \- Natalie @ YNAB",2023-09-07 05:12:52,23.15.1,YNAB
8a266c64-f4da-4b30-8c81-ab5ee44a1873,"Well polished, intuitive, personal finance app.",5,0,23.15.1,2023-09-04 05:47:27,"Thanks for your kind words, Sasha! It's great to hear you found YNAB to be easy to use. 🎉 \- Natalie @ YNAB",2023-09-07 05:10:20,23.15.1,YNAB
c9d1fa7b-5c73-4d28-b609-ebfb61e9cfae,very easy to use has stopped me form over spending each month,5,0,23.15.1,2023-09-03 23:22:03,"Thanks for your review, Kevin! I'm so glad YNAB has helped you with your spending. \- Natalie @ YNAB",2023-09-07 05:09:37,23.15.1,YNAB
2f1cf87f-1bef-4d0d-932d-39f7ede17f58,If you forget in 7 days you will be charged. They just want you to sign up right away. Often people forget so you have to pay $20 a month. There are apps that sync up your accounts for free. This seems expensive when people are saying it's not even working. When I realised they were charging me as I did not realise it was a subscription. I asked for a refund. They gave me 1 out of 3 months. I am happy I was able to receive a partial refund.,3,1,23.14.2,2023-09-02 18:57:24,"Hi Tanisha! Sorry to hear that charge took you by surprise. While we don't require payment information for 34\-day trials through YNAB, trials set up through a third party like Google or Apple often do roll into a paid subscription per their terms. I see that you've been in touch with our support team for help with this. \- Aubrey @ YNAB",2023-08-23 13:22:43,23.14.2,YNAB
cd2e6c30-a802-44db-a72a-a7cda299c8e2,This has really helped me feel more confident about all of my spending decisions.,5,0,23.15.1,2023-09-02 17:35:55,"Hi Elier, thanks for taking the time to leave us a review! We're so glad to hear that YNAB has helped you gain confidence in your spending decisions. Giving every dollar a job is such a game changer! 🙌 Happy budgeting. \- Jill@YNAB",2023-09-06 11:20:10,23.15.1,YNAB
9c1fba4f-30d5-4851-9680-e531e94fbf3e,"YNAB allows me to pinpoint all aspects of my budget. even months or years later, I have an account of my spending. it has helped keep our family floating during lean times and saving during fat times. I highly recommend it.",5,0,23.15.1,2023-09-02 04:21:27,"Oh I love this review, Joy! You are so right, YNAB can help no matter what the financial situation is. So glad it has helped you and your family! \- Natalie @ YNAB",2023-09-05 06:58:40,23.15.1,YNAB
8162d95c-ef19-4b56-a532-5243fa4f1682,"YNAB has totally changed the way we handle money! No more juggling envelopes or figuring all the money categories out manually! I've even set my teen up on YNAB now that she's working, so she's already a budgeting champ!!",5,0,23.15.1,2023-09-02 03:58:53,Yes! I love simpler finances and YNAB is all about keeping it simple. Big kudos for getting your teen set up with YNAB too. Teaching kids how to manage their money early will change their life! \- Natalie @ YNAB,2023-09-05 06:58:10,23.15.1,YNAB
804aaaae-ac9e-4dda-bb3b-cfcae940c125,"This app is the reason I've been able to do manage finances alright in college with a limited income. After two years I am such a strong believer in their zero based budgeting system and giving every dollar a job because it truly works, beautifully.",5,0,23.15.1,2023-09-01 20:41:40,"You get us, Maggie! Giving every dollar a job is a game changer and puts you in charge of your money. 💪🏻 It's amazing that YNAB has helped you so much in college with a limited income. That is a big deal! \- Natalie @ YNAB",2023-09-05 06:55:49,23.15.1,YNAB
cf2d9c47-fd3d-4c3f-94af-0f8c0a6e5d6a,So expensive for a budget tracker.,1,0,,2023-09-01 17:33:34,Hi there! I'm sorry you find YNAB to be too expensive. I totally understand if it's not the right fit right now. I wish you all the best as you find the best budgeting solution for you! \- Natalie @ YNAB,2023-09-05 06:50:27,,YNAB
75b2c67e-85c6-4a01-a499-0e98647b592a,I have been using YNAB for 2 months and love it. I am an Accountant and that helped with the learning curve. I mainly watched YouTube for support and that was effective for me. My only constructive criticism is that I think the targets are underutilized by design. It can be a little hard to tell if your targets are creating a functional budget until you actually start assigning funds. I would like to see a column for targets on the budget tab and maybe a report comparing target to actual.,5,3,23.15.1,2023-08-31 19:45:23,"So glad to hear you are enjoying YNAB! Our YouTube videos are great and there are so many. I appreciate your feedback around targets, I'll definitely pass this along to our team! \- Natalie @ YNAB",2023-09-05 05:25:07,23.15.1,YNAB
ed587e64-13da-4f7b-907b-71e843d84dd9,$14.99 a month? What're they smoking?,1,0,23.15.1,2023-08-31 04:45:15,"Hi Sam! I understand that you're not interested in continuing with YNAB at this time, and hope that you find a method for doing money that works great for you. \- Aubrey @ YNAB",2023-09-05 08:19:45,23.15.1,YNAB
b4bbf1b3-2dee-499e-9cf1-6e9339333da0,"I always struggled to budget. My son explained this to me and I decided to give it a try. Also, heard it on the Clark Howard show. anyhow this doesn't feel like punishment for spending your money. It just helps you direct your spending into things that you want to spend on. So you see that you're choosing to spend money on a milkshake instead of on a tool or a vacation or savings. But if you gave yourself money to do that you don't have to feel the guilt associated with other budget approaches.",5,0,23.15.1,2023-08-30 18:11:38,"I love this so much, Bill! YNAB is all about helping you love the way you spend your money and not feel the guilt. It's so great that YNAB has done that for you! Thanks for budgeting with us! \- Natalie @ YNAB",2023-09-05 05:16:39,23.15.1,YNAB
bc7fc7fd-066b-4238-910c-eb9bff611789,I always tell friends about ynab. it's a great way to stay organized and on track.,5,0,23.15.1,2023-08-30 17:20:37,"This is so great to hear, Bill! It's awesome that YNAB has helped you keep your finances organized. 🎉 Thanks for sharing YNAB with your friends! \- Natalie @ YNAB",2023-09-05 05:15:25,23.15.1,YNAB
515aba8d-94c1-4e28-80b4-d96ba8676e09,the worst. fought with the app for 20 minutes trying to link it to both monzo and natwest apps but it kept glitching. they want 90 quid a yead for something this faulty. no chance. Now will spend the next 15 minutes trying to cancel subscription....,1,0,23.15.1,2023-08-30 15:28:13,"Hi Elisa, I'm sorry to hear you ran into trouble connecting your accounts. We are always happy to help get your accounts linked, you can email us at help@ynab.com! \- Natalie @ YNAB",2023-08-31 08:15:29,23.15.1,YNAB
fd9e8375-3110-4176-b8d7-b030ce5e0b2b,love this app!,5,0,23.15.1,2023-08-29 20:02:39,"Hi Liz! Thanks for taking the time to leave us a great review, we're thrilled to hear that you're loving YNAB. 🎉 \- Jill@YNAB",2023-08-31 06:20:59,23.15.1,YNAB
4b47342c-fd87-4758-affb-5fbaf957992b,"Couldn't for the life of me find a flexible budget that worked for my family. Spreadsheets take so much effort, but ynab has saved me a ton of time!",5,0,23.15.1,2023-08-29 20:00:00,"Hi Kaila! We're so glad to hear that YNAB has been a good fit for you, and that it's saved you time. Having a little more time is certainly a big win these days! \- Jill@YNAB",2023-08-31 06:15:12,23.15.1,YNAB
ddf980c3-510d-438c-ae2a-87d20503a261,"Overly complicated, especially to deal with transfers between accounts and other non-spending activity. Of little value if you already have most of your spending concentrated with one credt card and ironically makes you manually categorize a lot of things at your credit card company will automatically do for you. I was mainly interested in understanding how I was spending my money, and using that to help me set a budget. But this actually made me do the opposite.",2,0,23.15.1,2023-08-29 17:43:12,"Hi Michael! Thanks for giving YNAB a try and taking the time to leave us a review. It sounds like YNAB isn't what you're looking for right now. If you ever decide to give it another try, reach out to us at help@ynab.com and we can help with those transfer transactions and any other questions! \- Jill@YNAB",2023-08-31 06:13:17,23.15.1,YNAB
69de9804-56ad-474e-88b9-3f7cc4d6cae1,"Amazing. Take control, learn, grow, reduce debt, reduce overspending, prioritize, and think about money less.",5,0,23.15.1,2023-08-29 08:39:22,"Thanks for this great review, Guy! We're so glad to hear that YNAB has made a difference in your financial life. Thinking about money less is definitely a win! 🙌 \- Jill@YNAB",2023-08-30 09:10:02,23.15.1,YNAB
02ac88c8-334b-4329-94bd-ec7255410f39,Awesome Tool! Helped me to retire early!,5,0,23.15.1,2023-08-28 09:56:28,"Thanks for the review, James, and huge congratulations on retiring early! 🥳 \- Aubrey @ YNAB",2023-08-29 13:08:55,23.15.1,YNAB
77f09e83-c65c-43bd-b57e-bff8c9f04695,I love it. I cannot live without it knowing the peace of mind it brings me. It has some learning curve and requires a different mentality; totally worth it!,5,0,23.15.1,2023-08-28 06:18:17,Hi Emmanuel! We're thrilled to hear that you're loving YNAB and finding an increase in financial peace of mind. 🤩 That's such a priceless win! Thanks for taking the time to leave us a review. \- Jill@YNAB,2023-08-29 11:16:54,23.15.1,YNAB
8cd941e9-1916-417c-9e62-334892c383e2,Best budgeting app around. Worth the yearly fee.,5,0,23.15.1,2023-08-26 17:47:04,"Love it, Benjamin. It's great that you have found YNAB to be so valuable! \- Natalie @ YNAB",2023-08-28 07:48:06,23.15.1,YNAB
946ba2ba-d855-48ce-92ed-c1576fc05c18,great approach to budgeting,5,0,23.15.1,2023-08-25 08:31:40,Hi Chris! Thanks for taking the time to leave us a review. We're glad to hear you're enjoying YNAB! Happy budgeting. 🤩 \- Jill@YNAB,2023-08-28 07:25:09,23.15.1,YNAB
4a4e5f6a-9596-4477-b4af-7deff28664d7,14.99 a month not worth it,1,0,23.15.1,2023-08-24 08:39:16,"Hi Christina! It sounds like YNAB was not what you were looking for, and I understand if you decided not to pay for a subscription moving forward. Thanks for giving YNAB a try! \- Aubrey @ YNAB",2023-08-27 07:13:21,23.15.1,YNAB
7523d5b1-a9f4-4bb6-ad23-bf1493b3cb17,Not free. $15 a month after the trial. No thanks.,1,0,23.15.1,2023-08-24 08:36:19,"Hi Lea! You're right, after the 34\-day free trial a YNAB subscription is $98.99 USD annually or $14.99 USD monthly, plus tax when applicable. Thanks for giving YNAB a try! \- Aubrey @ YNAB",2023-08-27 06:53:56,23.15.1,YNAB
2e440e9a-52d1-440b-8745-f3926769fdc8,"The learning curve is steep, but once you get the hang of it, you'll never want to be without it again. Well worth the price of subscription for the insights you gain and the peace of mind you're left with. I love YNAB!!",5,0,23.15.1,2023-08-24 05:34:13,"Thanks for this awesome review, Allison! We're so glad that you're loving YNAB and gaining some financial peace of mind. That is truly priceless! 🤩 \- Jill@YNAB",2023-08-24 13:41:21,23.15.1,YNAB
66e9776b-1a82-4d29-bff3-c87f8974bc09,"YNAB is just a waste of time with all of the consistent bank connection delays. 1st, support took ages to respond last time. This time my transactions have been delayed for 9 days, about a 25% monthly faliure rate which is normal. What is the point of even using this app if you have to input all your trasnsactions yourself? Might as well create my own since I have to input my own tranactions now. Start your budgeting journey right by avoiding this app and save your money.",1,38,23.14.2,2023-08-23 11:13:12,"Thanks for taking the time to leave us a review, Todd. While we're able to troubleshoot most direct import connections, it sounds like you've had more trouble than is typical. Many users find using File Based Import or manual entry sufficient for connections that are experiencing issues, but we understand if YNAB isn't what you're looking for.",2023-08-24 06:24:50,23.14.2,YNAB
2ce10c58-e4f2-457f-9525-06aaabd54ada,i can't express how much YNAB has changed how I look at my finances. I love it. thank you YNAB!,5,0,23.14.2,2023-08-22 17:10:08,"Thanks for this awesome review, Richard! We're thrilled to hear that YNAB has had such an impact on your financial life. 🙌 Keep up the good work and happy budgeting! \- Jill@YNAB",2023-08-24 05:38:31,23.14.2,YNAB
3ecbc00a-740a-4c21-8c11-913ab1b876f2,Amazing app. We love it.,5,0,23.14.2,2023-08-22 04:14:15,"Thanks for the 5\-star review, Hannah! I'm happy that YNAB has been such a good fit for you. 😊 \- Aubrey @ YNAB",2023-08-23 10:32:32,23.14.2,YNAB
17282c7c-82af-4ff6-881d-64796c122872,"Not only teaches you to budget, but also provides peace of mind when spending money",5,0,23.14.2,2023-08-21 10:51:03,"Thanks for the review, Daniel! I love that YNAB has brought peace of mind around your spending. 😊 \- Aubrey @ YNAB",2023-08-22 14:27:28,23.14.2,YNAB
e9bb280f-cb1c-4184-8abe-7d6e97a9632e,is working for me as long as I stick to it,5,0,23.14.2,2023-08-20 13:54:23,"Hi Eric! We're so glad to hear that YNAB is working for you. 🎉 Keep up the great work, and thank you for taking the time to leave us a review. We appreciate it! \- Jill@YNAB",2023-08-22 06:55:44,23.14.2,YNAB
ad6e3fe3-c350-4fec-a117-1b0aeda50ff7,"I am a die-hard YNAB supporter. I sing it's praises all the time. BUT it has been so buggy lately. Today, there were ""recent moves"" I never made. It was very freaky to open my app and see weird stuff. I fixed it all but it was quite strange and no explanation. On top of that, just about every 2-3 weeks, it cannot connect to Navy Federal. This is beyond frustrating!",3,4,,2023-08-19 16:44:23,"Hi Amanda, thanks for leaving a review! We'd love to look into the bugginess. If you haven't already, send us an email at help@ynab.com and we can go from there! \- Natalie @ YNAB",2023-08-21 05:11:44,,YNAB
0c3148eb-d96d-48ec-a0b1-8ab8dd3d1c6f,Complete waste of money. Had to reset budget and now accounts my husband linked all say 0 and won't import. Technical support was not helpful and wouldn't give me a refund even though I'd only used it for 2 weeks! DO NOT waste your money. And excel spreadsheet works better than this app...,1,1,23.14.2,2023-08-19 12:34:06,"Hi Celine, I'm sorry you had a poor experience with the bank connections. They can definitely be tricky and we do our best to get them up and running smoothly. I wish you the best as you find the right budgeting solution for you! \- Natalie @ YNAB",2023-08-21 05:07:37,23.14.2,YNAB
f1ee9b24-bb43-4802-a092-9bb57d64f9eb,amazing app for planning and managing your financial situation,5,0,23.14.2,2023-08-18 07:56:01,"Thanks for leaving a review, Alex! I'm so glad YNAB has helped you manage your financial situation. 🎉 \- Natalie @ YNAB",2023-08-21 05:04:41,23.14.2,YNAB
055c3176-61c0-41f6-957f-95c9d842e21e,We're constantly having to contact customer service and relogin bank credidentials only to keep getting delayed transactions or no transactions at all. Not worth a subscription for so much trouble. The budgeting itself is a great concept though...,2,0,23.14.2,2023-08-18 03:33:52,"Hi Isabella, thanks for your review. Bank connections can definitely be tricky and I can understand that it is a lot of trouble. We try to make them as seamless as possible though that's not always the case. I'll pass along your feedback to our team! \- Natalie @ YNAB",2023-08-21 04:54:19,23.14.2,YNAB
fc9dbc0c-8ed3-47a4-907f-efbc755a3849,"This app has been a gamechanger for me! I just wish they had the ""Undo"" feature that they have on the desktop version for when I accidentally assign money to the wrong spot. Would make it easier. Their support team is great and willing to help me with my questions. I highly recommend this app, it's made it easy for me to stick to a budget and track my spending.",5,16,23.14.2,2023-08-17 14:42:30,"Hi Anna, thanks for your review! I'm glad to hear that YNAB has been such a great fit for you, and appreciate the feedback on an ""undo"" feature. We're cheering you on as you pursue your financial goals! \- Aubrey @ YNAB",2023-08-20 08:51:58,23.14.2,YNAB
73c1e627-98e7-4ae4-b45a-8d8796557ffa,"No question, you need this software. Buy it, use it, make your life better.",5,0,23.14.2,2023-08-17 08:18:07,"Yes, Kristin! Love this. Thanks for the review and for budgeting with us! 💪🏻 \- Natalie @ YNAB",2023-08-17 08:51:41,23.14.2,YNAB
9a04a2a2-7814-4c82-8008-d9dea7dba8f0,"a little bit of a learning curve, but this is a great app, haven't really had any issues with it, and it's a great budgeting tool",5,0,23.14.2,2023-08-17 06:53:08,Thank you for your review. I'm so glad YNAB has been a great budgeting tool for you! \- Natalie @ YNAB,2023-08-17 08:50:15,23.14.2,YNAB
f63ea8a9-e6d2-4136-854d-58e4a93a861f,I've LOVED this app since I started it! They are always dropping knowledge to assist in your budget journey and they love feedback and suggestions on how to make the app and site better. There are free budget tools out there but I tried those and they can't stand up to YNAB. I love it here! 5 stars!,5,0,23.14.2,2023-08-16 09:05:03,Yay! Thank you so much for this review. It's great that YNAB has helped you so much! Thanks for budgeting with us! \- Natalie @ YNAB,2023-08-17 08:46:46,23.14.2,YNAB
3145b673-07d4-40ee-9d1d-8564099d2993,I love this app. It has transformed my financial management and I am now in a whole different world of stability. Loss of a star for intermittent connection issues to sync with my bank. Recommend!,4,1,23.14.2,2023-08-15 09:30:40,"Hi Josh! Thanks for taking the time to leave us a review. We're glad to hear that you've been loving YNAB so far! If you haven't already, reach out to us at help@ynab.com so we can take a look at those direct import connections! \- Jill@YNAB",2023-08-16 13:41:07,23.14.2,YNAB
5454a5cd-df27-46a2-bbe1-8668a186b7f3,"YNAB is great! Slick interface. They have definitely put a lot of thought into the fundamentals of the app's usability, and they continue to make it even better. You should definitely give it a try",5,0,23.14.2,2023-08-14 17:12:36,"Thanks for this awesome review, Benjamin. We're thrilled that you're loving YNAB! We're constantly working to enhance the usability of the app, and it's wonderful to know that our users notice. 🎉 \- Jill@YNAB",2023-08-16 07:31:19,23.14.2,YNAB
e02f750a-5e03-44b5-ad09-e10656e5c6d0,"It's great but with some missing core features. I should be able to see my total expenses at the end of each day on the app. It's ridiculous that I have to calculate it myself. Secondly there's no time of transaction, just dates. Another thing is that we need an option to color tag our categories and sub categories, the existing one doesn't do enough. I could keep going but I think I've said enough. The existing features don't justify the price at all. Please fix",2,3,23.14.2,2023-08-14 13:16:21,"Hi Michael, I appreciate your feedback on the app. I'll be sure to pass this along to our team! \- Natalie @ YNAB",2023-08-15 07:32:33,23.14.2,YNAB
4de822e9-a0fc-4f3b-b252-7e0b042cbe47,"Can't financially live without YNAB. I mean, I could, maybe. It would just take a lot more time to do so. I love that both my wife and I can budget on the fly from our own phones. Super helpful. BONUS: I recently realized that we could use our same YNAB account to create and manage a separate account for our small business using the ""Profit First"" approach. Very nice! The icing on the cake? I was able to set up two more budgets for my teenagers: save for car... or door dash?",5,2,23.14.2,2023-08-12 14:20:06,"I love this so much, Brent! Thank your for this review. It's great that you have found YNAB to be so valuable and that you can use it for your business and kids. Thanks for budgeting with us! \- Natalie @ YNAB",2023-08-14 08:25:36,23.14.2,YNAB
189825ee-5482-47f2-ba76-f125c1b60d90,been using for years. helps us understand where our money is going and make smart choices. big fan,5,0,23.14.2,2023-08-12 13:26:27,Thank you for being such longtime YNABers! Our goal is to help people be in control of their money and it sounds like you definitely are. Way to go! \- Natalie @ YNAB,2023-08-14 08:24:16,23.14.2,YNAB
a9e0ef91-18e3-470b-9904-57b36ed7a134,"YNAB have made huge updates to this app that I had to give it another try. Its so much easier to just hop right in and get working on the budget w/o having to do a course, hop on a zoom vall, or watch a ton of YouTube videos just to figure this thing out. Theres still a lot of bells and whistles here for those who geek out on budgeting, but it's still user friendly for those who are leas tech savvy.",4,1,23.14.2,2023-08-12 09:48:14,Thank you so much for your updated review. I'm so glad you gave YNAB another try and found it to be more user friendly. We are always trying to make YNAB a simple way to help manage your finances! \- Natalie @ YNAB,2023-08-14 08:19:09,23.14.2,YNAB
3b8b6258-55d6-4870-bca9-0f6bf7dd7e9c,Best budgeting app I've ever used. Ypu are able to connect ALL of your accounts and get real time transaction data. It's based on a 0 dollar budget so you utilize every dollar. Love the colors and format. Has totally changed the way I budget and see money,5,0,23.14.2,2023-08-12 08:04:36,Whooo! This is so great to hear! I love that YNAB has helped you so much with your finances. Thanks for leaving a review! \- Natalie @ YNAB,2023-08-14 08:17:28,23.14.2,YNAB
4994c4fc-bec3-494a-bbfc-71c83faed7e5,You have to give them credit card just to check and know how does the app look like. Sorry these paid reviews below didn't fool me :),1,0,,2023-08-11 14:50:19,"Hi, thanks for sharing your feedback here. We do offer a free 34\-day trial and while you need to enter payment info, you can definitely cancel the trial at any time so you aren't charged. I wish you all the best as you find the right budgeting solution for you! \- Natalie @ YNAB",2023-08-14 08:14:43,,YNAB
0380cf06-0938-4263-84d0-4b774c0c184a,"It's difficult to get 5 stars out of me!! But THIS APP, IS ALMOST PERFECT!!! IT APPLIES TO EVERY TYPE OF SITUATION. And it helps people execute REALISTICALLY goals they really want to achieve right at their finger tips!!! I really like the app so far. And this is just my first day trying it!! I really like the fact that anyone can rename catagories and prioritize them accordingly!!! Keep up the good work ynab ers!!!",4,0,23.14.2,2023-08-11 08:55:37,"Wow, Ashley! Thank you so much for your awesome review. It's so great that you have found YNAB to be so helpful in just one day. Thank you so much for the support and feel free to email at help@ynab.com us if you have any questions as you go! \- Natalie @ YNAB",2023-08-14 08:13:38,23.14.2,YNAB
84015507-ef94-4e75-9a8f-b4dae4bae2a9,"Great app, way too expensive tho",3,0,23.13.0,2023-08-09 09:42:26,Hey there! Thanks for letting us know you really like the YNAB app but it's more than you want to pay. We totally get that \- we want you to only spend money on things you value. I hope you find the right personal finance app for you! \- Kat @ YNAB,2023-08-13 11:11:38,23.13.0,YNAB
3c605b90-cad6-4c7d-9cbc-8cd6ee04873f,"Fiddly, frustrating app. Set a budget with all payments dated 1st. Linked bank account. App links all money to payments already made. Can't assign as paid (maybe there is some stupidly hidden way to do it or the app glitches). Change balance for current month to get around this. Doing so changes future months. Go to future month to input payments. App assigns all money from current month to future payments and says none left for this month. Worse than using Excel or Sheets on a phone.",1,0,,2023-08-09 08:45:56,"We're sorry to hear about the frustrations you ran into. YNAB is pretty unique from other budgeting programs, which is a bit part of what makes it so powerful, but it does mean there's a bit of a learning curve in the beginning. If you'd ever like to give it another go, please reach out. Our support staff would love to help you get up and running!",2023-08-11 14:40:33,,YNAB
39527df0-d805-4edd-a9c6-d75175214549,YNAB has helped me towards financial freedom!,5,0,23.14.2,2023-08-09 06:51:30,Hi there! We couldn't be happier to have played a part in your financial success and freedom! 🤩 Thanks for taking the time to leave us a review and share this with us. \- Jill@YNAB,2023-08-09 06:32:10,23.14.2,YNAB
59537d0f-9c65-4333-b9ac-d46181754af7,this is great,5,0,23.14.2,2023-08-09 05:05:07,"Hi Jonah! Thanks for taking the time to leave us a review, we appreciate it and we're thrilled that you're loving YNAB! 🙌 Happy budgeting! \- Jill@YNAB",2023-08-11 14:32:20,23.14.2,YNAB
1522f3a1-ef26-425b-b440-bdea0c68ca02,I can't properly connect my bank account and after trying to connect with my credentials. I've been getting notifications from my banking app about attempted logins to my account and resets. Very suspicious.,1,0,23.14.2,2023-08-09 04:41:18,"Hi Seajun, thanks for leaving us a review. When you connect your accounts via direct import ,the connection is attempting to sync with your bank. Reach out to us at help@ynab.com and we can let you know if those notifications are being triggered by your direct import connection. \- Jill@YNAB",2023-08-11 14:31:30,23.14.2,YNAB
cc9f0674-7c04-42c8-8c05-0d43033780f1,"This tool works well, desktop and mobile UIs, good functionality and some good automation of transaction mapping (including inter account transfers). I'm new to the progressive envelope system but that looks good so far. Partner access - it's what I wanted and a significant step above paid systems. Lots of help articles, videos and responsiveness from team. I didn't try the competitor but this is a big thumbs up. When they get bank integration for Australia I'll make it a 5/5. 👏👏👏👏",4,7,23.14.2,2023-08-08 16:18:45,"Thanks for this awesome review, Cameron! We're so glad to hear that you've enjoyed using YNAB. Hopefully we'll be able to get that 5/5 review someday. 😁 Happy budgeting. \- Jill@YNAB",2023-08-10 12:17:19,23.14.2,YNAB
f63d7af6-a640-4458-b4e1-4f0f00ca4c73,Hesitant to give anything five stars by default. I'm still figuring out new processes and methods to make this useful every day. It beats the apps I had before in terms of compatibility and I enjoy that this doesn't often lose connectivity like another leader in the industry. Over time I may come back and adjust the rating but in short it does what it says,4,4,23.13.0,2023-08-08 15:58:15,"Hi there, thanks for taking the time to leave us a review! We're glad to hear that YNAB surpasses the other budgeting apps you've tried. We appreciate your feedback and hope that as you continue using YNAB, it will continue to exceed your expectations. Don't hesitate to reach out if you have any questions or need support along the way. \- Jill@YNAB",2023-08-10 11:44:43,23.13.0,YNAB
80a8cd5a-8637-4474-9c56-38406e37a293,awesome app makes budgeting a breeze!,5,0,23.13.0,2023-08-08 07:23:00,"Hi Jill! We love hearing that YNAB has made budgeting a breeze. 🙌 Thank you for this awesome review, we appreciate it! \- Jill@YNAB",2023-08-10 06:50:08,23.13.0,YNAB
ccb7b351-8e5f-4647-b397-d90456abeda5,Easy to use to track your expenses and budget well.,5,0,23.13.0,2023-08-08 03:29:48,Hi Paul! Thanks for taking the time to leave us a review. We're so glad to hear that you've enjoyed YNAB and found it easy to use! \- Jill@YNAB,2023-08-10 06:47:10,23.13.0,YNAB
30ae1c8c-1191-4ce6-9738-35a8339fc5b3,"YNAB has completely changed my financial status. I used to spend my money before I earned it, now it is in the bank waiting to be spent. With the current economy and rising prices, we have been able to keep up plus put money in our savings account and buy a new boat with cash. My husband and I both have an allowance, so we can buy our personal treats without feeling guilty. I really feel wealthy!",5,1,23.13.0,2023-08-07 14:04:41,"Thank you for sharing your story! We're thrilled that YNAB has had such a positive impact on your financial life. It's amazing to hear that you've been able to save, make big purchases, and indulge guilt\-free on the things that matter to you! Loving the way you spend is such a game changer. 🤩 Cheers to your success! \- Jill@YNAB",2023-08-09 11:25:02,23.13.0,YNAB
c225ee97-ec8d-440e-a9df-a6cdd8077a7f,Saved myself $150 each year by not paying for this app's subscription,1,1,,2023-08-07 08:59:22,Hey Herman! We know that paying $98.99 \(plus tax!\) for software to help you save money can feel counterintuitive and we understand if that's not the right choice for you. We hope you find a way to plan your finances that works for you! \- Kat @ YNAB,2023-08-09 09:45:45,,YNAB
12efd8b6-8724-4d1e-8733-6ff1e76837c1,After not accepting my email address as 'real' I tried a gmail address which worked. It then would not accept my password even though I knew it was correct. I changed my password (with great annoyance) and it wouldn't accept that either! For £90 a year... really? What a waste of time,1,0,,2023-08-07 03:24:19,"Hi Mandy, thanks for leaving us a review. This sounds very unusual. Please reach out to us at help@ynab.com so we can help! \- Jill@YNAB",2023-08-09 06:41:18,,YNAB
f5bcb33c-cf78-437c-a6be-3eb52747205e,Great tool,5,0,23.13.0,2023-08-05 07:12:57,"Thanks for taking the time to leave us a five star review, Heather! We're glad to hear you're enjoying YNAB. 🥳 \- Jill@YNAB",2023-08-08 09:22:27,23.13.0,YNAB
d1612b50-21a3-49a6-b53f-abcc609ade8f,"Love the app, but my subscription was randomly cancelled by the developer and I haven't gotten a response from them. I can't access the app at all now and I am not re-subscribing until I get an explanation from a human and the refund officially hits my account.",1,0,23.13.0,2023-08-05 04:08:10,"Hi Jade! We don't cancel subscriptions on our end, but we will absolutely look into this and get everything sorted out. If you've already reached out to us at help@ynab.com, keep an eye on your inbox. We aim to respond to all messages within 48 hours, but it can take a little longer if we're experiencing a high influx of messages at the time.",2023-08-08 09:11:19,23.13.0,YNAB
d67d02fa-3007-4c83-866d-b2d363c2c3f3,I don't remember how I managed to get by before YNAB. I can't function without it now. This app has been a life changer!,5,0,23.13.0,2023-08-04 22:27:00,"Hi Dawn! You said it perfectly\-\-full financial control and visibility is such a game changer. 🙌 We're so glad YNAB has been a valuable addition to your financial life! Thanks for taking the time to leave us a review, we appreciate it. \- Jill@YNAB",2023-08-08 08:23:46,23.13.0,YNAB
0f394616-088b-4484-963f-c81786db1252,Great app. Keeps me on track for any financial decision. Love the constant features being added.,5,0,,2023-08-04 17:00:28,"Thanks for this awesome review, Joel! Having a clear picture of where all of your dollars need to go is such a game changer. We're so glad to hear that YNAB has had an impact on your financial life. 🎉 Happy budgeting! \- Jill@YNAB",2023-08-08 08:14:05,,YNAB
798e2a7e-ac2f-4a05-983d-e08b50f3fe27,"I started years ago with the Dave Ramsey system but hated always having envelopes and cash. when YNAB furst came out, I switched. I love that they keep updating it and making it better. I use it for both my personal and business accounts.",5,0,23.13.0,2023-08-04 07:08:48,Hey Suzanne! I'm so glad that YNAB has helped you use a zero\-based budget without having to carry cash and envelopes! I'm happy to hear you're enjoying the improvements and that YNAB is helping you with both your personal and business finances! \- Kat @ YNAB,2023-08-08 05:25:57,23.13.0,YNAB
89a65358-65d2-45cd-8142-07430da6fe5e,"This is, hands down, the best budgeting software I've ever used!!!",5,0,23.13.0,2023-08-04 05:46:51,Hey Addy! Thanks for this awesome review! I'm so glad YNAB works so well for you \- we hope it's helping you love the way you spend your money! \- Kat @ YNAB,2023-08-08 05:26:24,23.13.0,YNAB
7bb0763e-a7fa-4655-91e5-e4d8bc5b934d,"Mobile app works for quick input/purchasing but I recommend to use the desktop web app and mobile for maximum experience. Budgeting made me not worry of upcoming expenses and whether a purchase is affordable/within budget or not. Thank you, YNAB.",5,0,,2023-08-04 03:41:35,Hey Ferris! I'm so glad you've found the perfect system between the web and mobile apps for you! I love hearing that YNAB has taken the worry out of your finances and you know now whether you want to prioritize a purchase or not! Thanks for being a YNABer! \- Kat @ YNAB,2023-08-08 08:36:56,,YNAB
7e88e54a-3203-48b2-9c9e-8dc293e310e9,love,5,0,23.13.0,2023-08-02 13:38:21,Hey Tori! Thanks for your kind review! I hope YNAB is helping you LOVE the way you spend your money! \- Kat @ YNAB,2023-08-09 06:30:56,23.13.0,YNAB
93bbca59-4f2c-45d5-9554-344b74f98147,"Great app, but overpriced. So once the trial is over, decided to stay with the current app I'm using.",5,0,,2023-08-02 06:40:14,Hey Muhammed! Thanks for these kind words about YNAB! We understand if the price isn't worth it to you \-\- we're glad you've found something that works for you! \- Kat @ YNAB,2023-08-04 05:00:18,,YNAB
fe458d9e-b530-4c5c-91a8-68947265d41f,"This is the BEST app for anyone looking to enhance their financial literacy. As a single guy who doesn't earn that much, it has been a game changer for me and enabled me to afford my wants AND needs. It's greatest feature is that it shows you whether you are spending too much on certain items so you can easily prioritize. I am looking forward to YNABing forever!",5,4,23.13.0,2023-08-02 04:25:13,"Thank you for this awesome review, Brian! We couldn't have said it any better ourselves, and we're glad to hear that YNAB has had such an impact on your financial life. 🎉 You're so right, full financial control really is a game changer! Happy budgeting. \- Jill@YNAB",2023-08-03 12:19:43,23.13.0,YNAB
a0535635-7f65-4630-9821-02d07ec087dc,"Best budgeting system out there. With a solid company behind it all. I share with my teenagers, and this app gives them a life tool that will change thier lives in a concrete way.",5,0,23.13.0,2023-08-01 17:05:31,"Thank you for this amazing review, Scott! We love hearing that you're sharing YNAB with your teens. You're so right, learning to manage your finances and love the way you spend is such a valuable skill to teach our youth. Keep up the great work! 👋 \- Jill@YNAB",2023-08-03 09:38:50,23.13.0,YNAB
7bab74b3-42bd-4b70-a86d-9340763f20d7,this app and the YNAB method work so well!,5,0,23.13.0,2023-08-01 07:08:07,"Hey Camille! Thanks for taking the time to leave this review! I'm so glad to hear you're enjoying both YNAB the app and YNAB the Method! They're both game\-changers, aren't they? Keep up the awesome work! \- Kat @ YNAB",2023-08-03 10:12:13,23.13.0,YNAB
601952ee-48e6-4519-a2f1-6c6f45de3bd7,I never used to be able to keep track of my recurring bills and work out how much I could spend. My savings account would start to build up and then an unexpected bill would come in and set me back to zero. It was really frustrating but after about 3 months of using YNAB I could see how to actually get ahead. That was like 7 years ago and I won't give it up for anything.,5,9,23.13.0,2023-07-31 23:23:24,"Thanks for this amazing review, Valerie! We're thrilled to hear that YNAB has helped you get ahead. The peace of mind that comes from preparing for those unexpected expenses is priceless! It sounds like you've really put the four rules to work for you. 🙌 \- Jill@YNAB",2023-08-02 11:00:01,23.13.0,YNAB
919bb9f1-435a-4f5d-b969-fb25f7827ba1,Brilliant and totally different to all the others.,5,0,23.13.0,2023-07-31 11:34:33,Hi Graham! Thank you for taking the time to leave us a five star review. We're so glad to hear that you've found YNAB impactful! 🙌 \- Jill@YNAB,2023-08-02 09:54:16,23.13.0,YNAB
83e77faf-d0f6-4c4c-a654-98d1597b1a32,love love love YNAB - has changed my relationship with money though I am still learning I have made great strides! stick with it and you'll get it too!,5,1,23.13.0,2023-07-31 08:51:32,"Thank you for this fabulous review, Maria! We're so glad you stuck with it, it sounds like you've really put the four rules to work for you. 🙌 \- Jill@YNAB",2023-08-01 10:44:23,23.13.0,YNAB
57221fc5-93cb-4ccb-9a63-d59834566758,I'm a fan. The mobile app doesn't do everything that is possible on desktop but managing your budget is easy.,5,0,23.13.0,2023-07-31 07:10:17,Hi Elise! Thanks for this great review. We're glad to hear that you've enjoyed using YNAB and found it easy to use! Happy budgeting. 🤩 \- Jill@YNAB,2023-08-03 07:38:36,23.13.0,YNAB
9677fc2c-2f81-4180-b20c-b831e0ae32a6,YNAB rocks! I've been an active user since 2011 and it's revolutionized our family finances,5,1,23.13.0,2023-07-30 17:19:53,Yay! Thank you for being a long time YNABer. It's so great that YNAB has helped your family finances so much! \- Natalie @ YNAB,2023-07-31 05:29:59,23.13.0,YNAB
dc71fdad-864e-4977-92fc-4d0c874b3ff3,excellent program,5,0,23.13.0,2023-07-30 16:08:03,Thanks for leaving a review! I'm so glad you are enjoying YNAB. 🎉 \- Natalie @ YNAB,2023-07-31 05:17:36,23.13.0,YNAB
b2d278b6-0783-448d-b675-4e58fdfcc437,Frustrating. And help/support will take their time (and yours) before even thinking about helping.,1,0,23.13.0,2023-07-30 06:21:25,"Hi Lauren, thanks for leaving a review. I'm sorry you found YNAB to be frustrating! Our Support Team always tries to reply within 24 hours but somethings it can be longer than that. I hope you'll give YNAB another try! \- Natalie @ YNAB",2023-07-31 05:14:36,23.13.0,YNAB
b62adb2d-a479-416e-835d-1469c82945d6,By far the best of the popular budgeting apps. Highly recommend paying the premium for YNAB as opposed to using free alternatives.,5,0,23.13.0,2023-07-28 14:42:49,Hey Sal! Thanks for letting us know you think YNAB is the best of the budgeting apps and that the subscription fee is worth it to you. We're so glad to have you as a YNABer! Keep up the awesome work! \- Kat @ YNAB,2023-08-03 07:15:17,23.13.0,YNAB
b33b3909-ff65-40d0-9b72-f2f9b1e0d2df,"Lol I signed up, first thing that popped up on to subscribe to their yearly/monthly subscription. And there was no x to close it. You are forced to pay for it. Uninstalled.",1,0,,2023-07-28 14:22:54,"Thanks for taking the time to leave us a review. You can experience a full 34 day free trial before deciding whether or not you'd like to subscribe. If you'd ever like to give YNAB another try, you can sign up for a free trial directly on our website and you aren't required to enter payment information to do so. \- Jill@YNAB",2023-08-03 10:23:10,,YNAB
938d1565-2a6f-4ad9-b511-c197725ba4d7,"Long-time user of YNAB, since v3 for desktop, and it was life-changing. YNAB's four rules got me out of $40K worth of debt and kept me debt-free since. However, over the years, it's become tedious to track every dollar spent. Not great for advanced personal finance. I recently switched to Ramit Sethi's Conscious Spending Plan, which is free and encourages living a rich life outside the spreadsheet. That said, I still highly recommend YNAB for new budgeters or debt repayment.",5,29,23.13.0,2023-07-28 11:09:32,Hey Yawhann! Thank you for your kind words about YNAB! I'm so glad it helped you get and stay out of debt! We totally understand if your needs have changed \- glad you found something that's a good fit for where you are now! \- Kat @ YNAB,2023-08-03 10:19:09,23.13.0,YNAB
b94c4d59-2c9a-4dec-9be1-fc7b6cf01a70,YNAB has been making sure I align my life and joy priorities with my spending habits for 7 years.,5,0,23.13.0,2023-07-28 09:19:25,Hey Tami! I'm so glad to hear that YNAB has helped you align your money and your priorities! More joy in your spending and saving habits is our goal! Keep up the great work! \- Kat @ YNAB,2023-08-03 10:20:04,23.13.0,YNAB
1be7c53a-4ecd-41cb-8185-fcda091fdaac,"Flexible and easy to use, I recommend it to all my friends!",5,0,23.13.0,2023-07-28 05:58:26,Hey D&H! Thanks for taking the time to review YNAB! I'm so glad to hear you're finding it easy to use and the flexibility is my favorite part! Thanks for recommending it to your friends \- we appreciate you! \- Kat @ YNAB,2023-08-03 07:14:23,23.13.0,YNAB
b6b758ee-e2da-4f61-a9ed-36e0c8f110e8,Our family has multiple accounts at one bank but we are only given the option to link one. When we try to access the chat help we are told that the chat is unavailable and are just left hanging .,1,0,23.13.0,2023-07-27 08:42:49,I'm sorry you have run into this! We can definitely help. You can email us at help@ynab.com and we'll reply as soon as we can. I hope you'll give YNAB another try! \- Natalie @ YNAB,2023-07-31 05:41:22,23.13.0,YNAB
1e9a5688-e0d6-4403-96d1-e9af0fd138b7,My Budget goes where I go! No more guessing where my money went!,5,1,23.13.0,2023-07-27 05:09:08,"Isn't it the best? I love that our budget can be in our pocket and we can be in control of our money, no matter where we go. Thanks for budgeting with us! \- Natalie @ YNAB",2023-07-31 05:33:05,23.13.0,YNAB
8fc4c41d-f684-4424-9e7a-e8ef8a36afd8,essential,5,0,23.13.0,2023-07-26 07:17:04,"We're thrilled to hear it, Roger! 🙌 Thanks for taking the time to leave us a review, we appreciate it. \- Jill@YNAB",2023-07-26 10:30:09,23.13.0,YNAB
f91e3f24-5e0f-48dc-b8cd-b9d9b635f374,This is a great tool for seeing what's available in your budgeting buckets in real time.,5,0,23.12.3,2023-07-25 11:33:48,"Thanks for this great review, Sherri! We're so glad to hear that YNAB has been a valuable tool in your financial toolkit. \- Jill@YNAB",2023-07-25 12:52:17,23.12.3,YNAB
64d71878-9948-4ab5-8949-7e600614c7c5,"Ynab is good, this app isn't good There is no way to see useful reports like income vs expenses. Reports are by far my favorite part of ynab and it's non existent in the app. Ynab support confirmed they're not planning to add basic desktop features like reports to the app. They told me to fill out a suggestion form when I provided this feedback.",1,0,23.12.3,2023-07-23 18:50:29,"Hey Mitchell! You're right \- more reports for mobile aren't on the roadmap at the moment. We're focusing on other features that align with our product goals. We always appreciate YNABer insight, so feel free to submit anything you'd like to see to the feedback form! \- Kat @ YNAB",2023-07-24 05:41:14,23.12.3,YNAB
b87454e0-a16e-4846-af46-e46ad79a8819,This app brings clarity and focus to my finances. Love it. Hands down the best app I've ever used.,5,1,23.12.3,2023-07-23 13:34:18,Hey there! Wow \- the best app you've ever used is a big compliment! I'm so glad to hear that YNAB has helped you have clarity and focus around your finances! Keep up the awesome work! \- Kat @ YNAB,2023-07-24 05:32:57,23.12.3,YNAB
f49ce7c2-69f9-445d-a1f2-8def895d5eac,Right off the bat wants access to my bank info. Nope.,1,0,23.12.3,2023-07-23 05:24:17,"Hey Marina! You absolutely do not have to set up bank connections to use YNAB. Direct import is completely optional! When you add an account, choose Unlinked and that will allow you to enter transactions yourself instead! \- Kat @ YNAB",2023-07-23 10:28:09,23.12.3,YNAB
818a3050-03e0-481b-b90a-08f1fa0bfa94,Ynab changed my way of spending my money 🤑💰,5,0,23.12.3,2023-07-22 06:26:33,Hey Alexandre! I love this review! I'm so glad YNAB has helped you \-\- I hope you love the way you spend! \- Kat @ YNAB,2023-07-23 10:25:23,23.12.3,YNAB
03036178-a012-4ad1-8f1c-aeb749eeacef,No option to try without payment. I wanted to try but not interested to spend the amount and later follow up for refund.,1,0,23.12.3,2023-07-22 00:49:14,"Hey Karthick! YNAB offers a 34 day free trial with no payment method needed. If you set up your account through the App or Google Play stores, that's the only time you'll get subscribed automatically. Email us at help@ynab.com if you want to start your free trial over!",2023-07-23 10:24:13,23.12.3,YNAB
baf405a1-734d-4c83-88d4-e034fa8fbb9b,"Long time YNAB user. Unfortunately as they increase the price they are vastly reducing the quality service. You can now only deal with them via a badly designed chat bot that does not allow free text just multiple choice boxes. The import feature that used to be highly accurate is now extremely bad, resulting in items ending up in categories they never should. Going to wipe and start again with another app.",1,57,23.12.3,2023-07-21 05:21:09,"Hey BP! I'm sorry to hear you're having trouble with the chat! It will ask a few questions first, but then you can type out your question. If transactions are getting miscategorized, the bank may have changed something on their side \- chat in or email at help@ynab.com and we'll be happy to help! \- Kat @ YNAB",2023-07-23 10:20:21,23.12.3,YNAB
8a653583-d43f-4ed7-b3c4-c08e83002fe6,"Started YNAB in its spreadsheet days, some 10 to 12 years or so ago? Has been a life saver.... from debt to now, no debt, having emergency fund and budget 3 months forward. Didn't happen overnight, had to build brick by brick but the best thing I think is the change it makes to your head space, knowing the phone isn't going to ring....so different!!!!!!!!😊",5,1,23.12.3,2023-07-20 16:24:46,Hey Ashley! I love that you've been such a long time YNABer! Congratulations on being debt free and three months ahead \- such an achievement! Keep up the awesome work! \- Kat @ YNAB,2023-07-23 10:16:52,23.12.3,YNAB
c3db3dae-8b75-4214-be8c-e9c76e4d7c04,YNAB has changed our lives. We now have financial freedom and flexibility. It took time but we are so much less stressed about money. Thank you YNAB team!,5,0,23.12.3,2023-07-20 09:02:34,Hey Aaron! I'm so glad to hear that YNAB has helped you achieve financial freedom and flexibility! Less stress about money is exactly what we hope for YNABers! Keep up the awesome work! \- Kat @ YNAB,2023-07-23 08:18:10,23.12.3,YNAB
3e7f4ffe-e28e-4f83-a702-ec5dcdbde102,"once you get the hang of it, the program is awesome. keeps our family on track so we don't dig a financial hole.",5,1,23.12.3,2023-07-20 08:35:30,Hey Pamela! I'm so glad to hear YNAB is helping you and your family stay on track financially! We hope you're loving the way you spend! \- Kat @ YNAB,2023-07-23 08:15:19,23.12.3,YNAB
0c5afcc4-4bce-4f3d-98fa-649a2530213a,"Really good .... but.... what would make this perfect would be to have the option to have a fortnightly income and be able to chose to pay your debts weekly, fortnightly and monthly. Also if I could link the banks in New Zealand.",4,0,23.12.3,2023-07-20 05:21:16,Hey Karin! Thanks for this review! You can schedule your income for every other week in the date field when you add/edit the transaction. Feel free to submit a request for fortnightly targets and NZ banks here! https://youneedabudget.typeform.com/to/Pt6cek \- Kat @ YNAB,2023-07-23 08:14:44,23.12.3,YNAB
50a7cb49-e6a0-44da-921a-e1cc081b08e9,"This app has changed my life. I never have money stress anymore, even when funds are limited or inconsistent, because I always know what I have and where it's going! Most importantly, I always know I can change my mind later without screwing everything up. If you are someone who struggles with budgeting and money management in general, this service is for you. Absolutely worth the money.",5,2,23.12.3,2023-07-19 10:41:24,Hey Anna! I love that you don't feel money stress anymore! I totally agree \- the flexibility of a YNAB spending plan is the key! It's normal to change your mind and YNAB lets you do that easily! Keep up the awesome work! \- Kat @ YNAB,2023-07-23 08:08:02,23.12.3,YNAB
77876994-c371-45f0-adc4-06cd14b18100,This app changed my life!,5,0,23.12.3,2023-07-18 19:39:06,Hey Ellen! Thank you for this thoughtful review! I'm so glad YNAB has helped you change your life! I love the clarity that YNAB brings to your finances. Keep up the awesome work! \- Kat @ YNAB,2023-07-19 06:03:39,23.12.3,YNAB
65c90af9-8dbb-4726-9df0-860dad376ca9,Exceptional customer service and support!!,5,0,23.12.3,2023-07-17 19:51:32,Hey Dawn! Thanks for letting us know that you're finding our support team helpful! We really love supporting YNABers \-\- I'm so glad it shows! Let us know if we can help with anything else! \- Kat @ YNAB,2023-07-18 05:03:51,23.12.3,YNAB
fdcd234a-58b4-4228-8acf-a9715ff2aa0a,"This app implements the only method of budgeting that really works. Superb. But please add more reports!! Age of money is good, but there is so much more that can be seen. Like graphics of how much was spent in different categories is just one example. Toshl has very nice views for these. Also, labels might be very useful. You have memos, which are good, but it's free text, not a pick from a set of labels. And there is no reporting that can be tight to a memo",4,6,23.12.3,2023-07-17 02:28:49,"Hey there! I'm so glad you're loving YNAB! You can customize the names of flags and use those as labels \- check that out! Also, we'd love for you to submit your other requests here: https://youneedabudget.typeform.com/to/Pt6cek \- Kat @ YNAB",2023-07-17 06:52:58,23.12.3,YNAB
b23a8bfe-9dee-4893-a8be-8fdacdce2c7e,As soon as I finished the free trial my bank connection broke and in spite of creating a help ticket I haven't been able to reconnect. I've asked for my money back and the developer told me it's out of their hands.,1,1,23.12.3,2023-07-16 20:17:34,"Hi Mike, thanks for leaving a review. Bank connections can definitely be tricky. If you'd like, you can delete your account and you'll receive a prorated refund. \- Natalie @ YNAB",2023-07-18 04:23:45,23.12.3,YNAB
8c251eac-e011-4e2e-aaef-03c979b417ca,"Overall, it's a really good budgeting app, but there are some annoying quirks and problems with transaction import.",4,1,23.12.3,2023-07-16 19:31:47,Hey Viktoriya! I'm so glad you're finding YNAB to be helpful overall! You're right \- transaction import will never be perfect because data aggregation is such a challenge. Chat in or email help@ynab.com if you ever need help with your transactions \- we're here for you! \- Kat @ YNAB,2023-07-17 06:25:01,23.12.3,YNAB
dd4aa078-f3cf-49de-8e27-9ae51f1d1907,"I love this app! I have been using it for about a year. Started using it after my divorce. My husband had been handling all our finances, so I had no clue how to manage my finances on my own, and my finances were very limited after the divorce. This app enabled me to gain an accurate picture of where I was financially as I was starting out on my own, helped me set and achieve financial goals, and to have 100% confidence in my financial security going forward supporting myself and my 4 kids.",5,0,23.12.3,2023-07-16 04:35:51,Hey Lisa! I'm so glad to hear YNAB helped you through the transition to being a single mom \- me too! I'm so happy you feel confident in your financial security and that you're able to make and meet your goals! Keep up the awesome work! \-Kat @ YNAB,2023-07-17 05:51:54,23.12.3,YNAB
92f039fb-b175-4539-87b2-1fd3936812a8,Wonderful tool to keep your finances in track.,5,0,23.12.3,2023-07-15 15:40:32,Love this! It's great to hear YNAB has been so helpful for you to keep track of your finances. 🙌🏻 \- Natalie @ YNAB,2023-07-17 05:42:43,23.12.3,YNAB
6dca5c18-163c-4a45-a952-119513b40609,YNAB allows our family to all see what our finances are. The app does everything and more than you can think of to allow budgeting to Zero.,5,0,23.12.3,2023-07-15 06:06:33,"Thanks for leaving a review, Bethany! It's great to hear that YNAB has helped your family so much. 🎉 \- Natalie @ YNAB",2023-07-17 05:36:09,23.12.3,YNAB
b3e2615a-fc0b-47e8-8ca8-298903684a7a,it's the best budgeting app hands down,5,0,23.12.3,2023-07-14 08:26:07,Hey Stephanie! Thanks for your kind words! I'm so glad YNAB is helping you love how you spend your money! Keep it up! \- Kat @ YNAB,2023-07-16 09:17:43,23.12.3,YNAB
d273281a-cbf7-4da5-bdea-89818070d31f,It changed my life,5,0,23.11.1,2023-07-13 14:39:37,Hey there! Thanks for this review! I'm so glad to hear that YNAB has helped you change your life! I hope you're loving the way you spend your money! \- Kat @ YNAB,2023-07-16 07:58:07,23.11.1,YNAB
6214443e-3769-455f-b011-944554c4a20f,Too much work. Requires too many manual input points.,3,0,23.12.3,2023-07-12 23:20:51,"Thanks for taking the time to leave us a review! If you are running into trouble with your direct import connections, reach out to us at help@ynab.com and we can troubleshoot! \- Jill@YNAB",2023-07-13 12:17:04,23.12.3,YNAB
9f189da9-748f-4fbd-89a0-428315162b69,"This budgeting app is hands down the most practical and efficient way to manage your money. I read the book, which was a game changer, but this has transformed my finances and it's so easy.",5,1,23.12.3,2023-07-12 03:52:50,"Thanks for this great review, Krystle! We're so glad to hear that YNAB has been a game changer for you. 🙌 It sounds like you've really put the four rules to work for you! \- Jill@YNAB",2023-07-13 11:04:53,23.12.3,YNAB
3b9e5593-2e78-4a19-8dd9-f49bc7e52826,best budget app I've ever used!,5,0,23.11.1,2023-07-12 00:31:31,"We're thrilled to hear that! 🤩 Thanks for taking the time to leave us a review, we appreciate it. \- Jill@YNAB",2023-07-12 12:15:22,23.11.1,YNAB
fefe7091-3b39-4415-bea7-1765224991cd,"love this app, but there is a feature gap in the reports page, between the web app",4,0,23.11.1,2023-07-11 14:22:34,"Hi Barak, we're so glad to hear you're loving YNAB! If you're hoping to see the Spending Report and the Income v Expense Report added to the mobile app, you can share that request directly with our Product Team here: https://youneedabudget.typeform.com/to/Pt6cek. Thanks for taking the time to leave us a review! \- Jill@YNAB",2023-07-12 10:15:50,23.11.1,YNAB
4669baa6-65c5-4118-b845-28005be21168,Doesn't allow you to sync accounts in Australia - only Europe & UK,1,0,23.12.3,2023-07-11 11:25:10,"Hi Sally, thanks for taking the time to leave us a review. We hope to have direct import available in more locations in the future. Meanwhile, manual entry and File Based Import are great alternatives for keeping your budget up\-to\-date. \- Jill@YNAB",2023-07-12 07:44:25,23.12.3,YNAB
1922747e-d272-4833-8292-4b62523feb46,"I chose this paid app as I can track multiple accounts, create multiple categories that I can easily move funds between, and create and share a budget with my kid. I can use the computer or the mobile app with equal ease. Their help videos are good. I think their reports could be better. The budget goals system is a bit stiff to use when plans change mid month, but not hard to work around. This app is very satisfactory for my needs.",5,2,23.11.1,2023-07-11 04:58:23,"Thanks for leaving a review, Lynne! I love that you have found YNAB to be easy and such a great fit for you. Thanks for budgeting with us! \- Natalie @ YNAB",2023-07-11 11:12:29,23.11.1,YNAB
61fedc26-c763-4a31-b29a-1094e6b50477,"I tried all the budget apps, this is by far the best.",5,0,23.11.1,2023-07-10 08:57:01,Awesome! We love to hear it! \- Natalie @ YNAB,2023-07-11 04:57:09,23.11.1,YNAB
651e4593-2a8c-4ab2-8254-454a39188f57,I have been using this app for about 3 years and it has helped me so much to manage my finances. I was wanting something that would manage my budget and checking account register together and YNAB fit that description! It does all the math and reconciling is quick and easy. There's a ton of support via articles and videos. They always respond quickly when I have a question. The annual fee is WELL WORTH IT! Thank you YNAB for simplifying the way I manage money. 🙂,5,9,23.11.1,2023-07-08 09:01:25,"Thanks for leaving a review, Toni! I'm so glad YNAB has been such a help for you over the years. Simplifying your finances is so awesome, way to go! \- Natalie @ YNAB",2023-07-10 07:40:27,23.11.1,YNAB
07cbd0e1-5659-4fcd-b835-67a1f09f386a,Best budgeting tool. Been using it as far back as I can remember!,5,0,23.11.1,2023-07-08 01:07:55,"Yay, Cyril! So glad YNAB has been such a help for you over the years. Thanks for budgeting with us! \- Natalie @ YNAB",2023-07-10 07:35:40,23.11.1,YNAB
b599e453-6c80-4abd-bae4-4afe826f07d1,A lifecycle of YNAB: Installed. Logged in. Was immediately asked for credit card details. Uninstalled.,1,0,,2023-07-07 20:15:19,Hi! I totally understand wanting to uninstall after being asked for credit card details. You can cancel the trial at anytime so you aren't charged after the trial is up. I hope you'll give us another try! \- Natalie @ YNAB,2023-07-10 07:33:59,,YNAB
44179fa7-2f3a-4a35-8ad8-23e30e6bb6bd,"I've used this app for two years. I loved the YNAB book, and the app has been a great tool. There is a very steep learning curve for using the app, but reading the book first helps. For the last year the app has been increasingly less reliable connecting to my accounts, I have to relogin every few days. It doesn't notify when an account disconnects, so you can be looking at incorrect numbers and not know. For the cost of the app, I'd expect continual improvements, not a slow, tragic decline.",2,71,23.11.1,2023-07-07 07:13:05,"Hi Sarah, thanks for leaving a review! Bank connections can be tough but we are always happy to take a closer look. Email us at help@ynab.com with your bank name and we'll take it from there! \- Natalie @ YNAB",2023-07-10 05:26:03,23.11.1,YNAB
6af824ad-ac8c-47af-8b5d-b0af6d992ff6,Amazing budgeting tool.,5,0,23.11.1,2023-07-05 15:18:57,Hey William! Thanks for taking the time to submit this five\-star review. I'm so glad to hear you're enjoying using YNAB for your spending plan! Keep up the awesome work! \- Kat @ YNAB,2023-07-09 06:22:51,23.11.1,YNAB
14f47898-9589-4502-b4da-5cb8c3dabecd,Essential for my finances,5,0,23.11.1,2023-07-05 09:06:20,"Thanks for your five star review, Ronnie! We're thrilled that YNAB has had a big impact on your financial life. 🎉 Happy budgeting! \- Jill@YNAB",2023-07-06 12:19:05,23.11.1,YNAB
fec4ced0-03ab-4922-b493-ab007389cd3c,game changer budget app,5,0,23.11.1,2023-07-05 05:06:13,Hey Billie! Thanks for this five star review! I love that YNAB has been a game changer for you \- I hope it's helping you love how you spend your money! \- Kat @ YNAB,2023-07-09 06:18:47,23.11.1,YNAB
d6935668-ce3b-4b19-af81-af913aa64f7f,"pricey, but good product. phone app gets confusing at times",4,0,23.6.1,2023-07-04 14:38:07,"Hey H Cash! Thanks for this review! If you ever have questions about the mobile app, feel free to chat in or email us at help@ynab.com. We're happy to answer any questions you have! \- Kat @ YNAB",2023-07-09 05:34:48,23.6.1,YNAB
390b955b-4a23-45e5-9f42-80640b7ce545,I use this app everyday. It has really helped me save and reach my financial goals. I was able to create a budget for my personal account and one for my household account. I always know how much money I am working with. I highly recommend.,5,0,23.11.1,2023-07-04 11:40:36,"Hey Kalaya! I love that YNAB has helped you see your finances clearly, save and reach your goals! I'm glad the two\-budget system works well for you! Keep up that everyday YNAB habit! \- Kat @ YNAB",2023-07-09 05:33:48,23.11.1,YNAB
003f0590-83a6-49d7-ad5d-06512f7cf59a,Best budgeting app,5,0,23.11.1,2023-07-04 07:28:54,Hey Joseph! Thanks for taking the time to submit this review and for your kind words! I hope YNAB is helping you love how you spend your money! \- Kat @ YNAB,2023-07-05 12:58:03,23.11.1,YNAB
9b237a0c-2906-4824-9e7e-f3aec5b4b148,"Amazing, my go to finance app since 5+ years.",5,1,23.11.1,2023-07-04 06:28:27,Thanks for this awesome review! We're so glad that YNAB has made a difference in your financial life over the last five years. 🥳 \- Jill@YNAB,2023-07-05 11:57:53,23.11.1,YNAB
6f247985-3bdc-4cc2-9379-1cdd8af19924,Excellent app for checking up on your budget. The product itself is the best budgeting experience I've found after trying many different options. The only criticism I have of this app is that the reporting options are lacking when compared to the website.,4,0,23.11.1,2023-07-04 06:02:19,"Hi Jason! Thanks for taking the time to leave us this thoughtful review. We're so glad to hear that you've enjoyed using YNAB! If you'd like to see some of the web reports available on the mobile app, we'd love for you to share that feedback directly with our Product Team, here: https://youneedabudget.typeform.com/to/Pt6cek. \- Jill@YNAB",2023-07-05 11:55:16,23.11.1,YNAB
df335498-4f2b-4dc7-8b32-a4c5f15de4b2,Great app. The app and program has helped me take better control of my finances. Highly recommend it to anyone and everyone.,5,0,23.11.1,2023-07-04 04:51:43,"Hi Nate! Thanks for this fabulous review. We're thrilled to hear that YNAB has helped you gain full financial control, that's a huge win. 🙌 \- Jill@YNAB",2023-07-05 11:43:21,23.11.1,YNAB
5ec593a6-ece7-44ca-b74c-66399a9dc9f7,"Heard great things, but many can't afford another bill just to budget. Stay awesome",2,0,23.9.3,2023-07-03 13:17:19,"Hi Brianna, I'm sorry to hear you are passing on the YNAB app but I understand it might not be what you are looking for. I wish you all the best as you find the right budgeting solution for you! \- Natalie @ YNAB",2023-06-07 12:43:01,23.9.3,YNAB
98a6fc94-4cb6-40cf-bb78-a4fbaaa1f10e,Doesn't allow fortnightly recurring payments,1,0,23.11.1,2023-07-03 05:17:44,"Hi Jack Finegan, Thanks for taking the time to share your review—we do actually have the option to put in Scheduled transactions on an every other week basis in YNAB! If you're having trouble getting things to work for your particular pay cycle or setup, make sure to reach out to help@ynab.com Sasha@YNAB",2023-07-05 06:50:31,23.11.1,YNAB
8960ecc1-db81-44c2-aa2a-22ffc915087c,"I've used this app for over 10 years and still find it very useful for keeping an eye on my money. The app is simple and easy to use, and syncs instantly with the webpage version. However, having the annual subscription, which doesn't seem to get me much for my money, rankles with me.",4,0,23.11.1,2023-07-02 00:43:15,Hey David! We appreciate this review! I'm glad that the app feels easy to use and syncs easily for you. Thanks for being a YNABer for 10 years! \- Kat @ YNAB,2023-07-04 12:07:05,23.11.1,YNAB
f6a51438-4987-4e97-a86e-553605a73f6c,"They have convinced me to stick around and pay for the service. I live in El Salvador, therefore i cannot connect my local accounts, but I found that making myself input each expense makes me not want to spend money on dumb stuff. I also scheduled my monthly/yearly automatic payments in-app. The app is very visual, and made me realize where all my money is going to, first month i ended up with 480$ in the bank having budgetet another 300$ for saving. This is truly a lifechanging experience.",5,2,23.11.1,2023-07-01 11:12:26,Hey Gerardo! I'm so glad to hear that using YNAB and entering transactions yourself has helped with your awareness. I love that you've been able to save more money than before! Keep up the awesome work! \- Kat @ YNAB,2023-07-04 12:04:09,23.11.1,YNAB
2d40a9af-e0c7-48f5-8eba-ecf79e85d6c5,This will give you an accurate representation of your finances and help you spend appropriately. Definitely pays for itself.,5,0,23.11.1,2023-07-01 08:27:49,Hey John! I'm so glad to hear that YNAB is giving you a clear picture of your money and helping you plan how you spend it! We love hearing that it's worth the money to you. Keep up the great work! \- Kat @ YNAB,2023-07-04 11:59:01,23.11.1,YNAB
73c5795a-2874-468d-9a0e-dc24c5e015e9,Ynab has finally given me a feeling of control over my budget!,5,0,23.11.1,2023-06-30 04:30:58,Yay Anne! Having control over your budget is the best feeling and I'm so glad YNAB could help you do that. Thanks for budgeting with us! \- Natalie @ YNAB,2023-06-30 06:40:45,23.11.1,YNAB
cdc3da24-099f-41a3-9b4a-0aab15a3743e,So easy to use. We don't get surprised by expenses anymore and can create and keep up with categories for saving... and dare I say it's a little fun?!,5,1,23.11.1,2023-06-29 07:25:13,"Hi Gretchen Roberts, Thanks for sharing your experience with YNAB—so glad you find it fun! 🎉 We love to hear it when folks are able to plan ahead for their expenses and savings goals.",2023-06-30 04:17:53,23.11.1,YNAB
f629cd74-0867-4635-9042-4804a395555a,I am so glad I found you guys.,5,0,23.10.1,2023-06-28 14:16:08,"Hi Edgar Sihues, Gosh we're so glad you found us too! Thanks for sharing your review—it's great that YNAB has made an impact for you! Sasha@YNAB",2023-06-29 11:44:27,23.10.1,YNAB
c8bba9dd-6f5b-410f-a82b-e26b9bef73d8,One suggestion. It will be very helpful if there is an option for weekend & weekday recurring expenses.,5,0,23.11.1,2023-06-27 09:43:54,"Hi Jethin! Thanks for your five star review. If you're up for it, we'd love for you to share this feature request directly with our product team! You can do so here: https://youneedabudget.typeform.com/to/Pt6cek. \- Jill@YNAB",2023-06-29 07:49:07,23.11.1,YNAB
ed1c3860-4013-4350-b8e7-8437404ab0df,It's the best budgeting app I've ever used. Well worth the subscription cost,5,0,23.10.1,2023-06-27 08:26:08,"Hi Wesley Barker, Thanks for sharing your review—we're so glad you also think YNAB is the best! It's great to hear that it has been worthwhile for you. Sasha@YNAB",2023-06-28 07:22:34,23.10.1,YNAB
2113813e-7290-407b-a753-e9a48f4bdc44,YNAB needs a better printing option,4,0,23.10.1,2023-06-27 03:34:48,"Thanks for sharing your experience with YNAB! We've got a handy guide about printing here: [https://support.ynab.com/en\_us/alternatives\-to\-printing\-a\-guide\-ryisuObRc]. If that doesn't suit your needs, make sure you share your feedback with us at help@ynab.com! \- Natalie @ YNAB",2023-06-28 10:44:21,23.10.1,YNAB
41ba3ca3-a563-4302-b7aa-8ef36e71caec,"The best budgeting tool I've ever used... and keeps getting better with updates! Love that it allows you to use the principles of the envelope system without using cash, tracks several accounts, and has excellent reporting features! And synching is seamless.",5,0,23.10.1,2023-06-26 03:40:06,"Hi Alasa Harper, Thanks for taking the time to share your thoughts—we're so glad to hear YNAB has been the best tool for your needs! Always great to hear from someone who is using all of those features successfully. Sasha@YNAB",2023-06-27 08:39:45,23.10.1,YNAB
bccbef7b-fbd6-43cc-9c69-a11f701c6e1b,"It takes some time and YouTube training to use properly, but once you start using it consistently, it is excellent for managing your finances.",5,0,23.10.1,2023-06-25 17:57:34,"Hi Luis, thanks for this great review! We're glad to hear you've enjoyed using YNAB and that it's been a useful tool for managing your finances. 🎉 \- Jill@YNAB",2023-06-27 08:11:26,23.10.1,YNAB
5de54cf9-0de4-4f1b-b816-665071f70114,Please improve on reports & insights on mobile.,4,3,23.10.1,2023-06-25 02:22:27,"Hi Matt, thanks for taking the time to leave us a review! If you're up for it, we'd love for you to share this feedback directly with our product team, here: https://youneedabudget.typeform.com/to/Pt6cek. \- Jill@YNAB",2023-06-27 11:25:39,23.10.1,YNAB
7b42adcc-cf42-4590-b1fa-06e64ab3f3f2,"The best budgeting system I've ever used! The app works very well for entering transactions, I wish it had better reports.",5,1,23.10.1,2023-06-24 07:10:18,"Hi Justin! Thanks for leaving us a review. We're so glad you've loved using YNAB! If you haven't already used our feature request form to voice your desire to see the Income v Expense and Spending reports added to the mobile app, you can do so here: https://youneedabudget.typeform.com/to/Pt6cek. \- Jill@YNAB",2023-06-27 07:53:34,23.10.1,YNAB
fae7d10e-5767-4221-a201-74bae13ddeba,"Expensive, but worth it.",5,0,23.10.1,2023-06-22 23:42:35,Hey Jamethon! Thanks for letting us know that YNAB is worth the money to you \-\- we're so glad to hear it! Keep up the awesome work and let us know if we can ever help with anything! \- Kat @ YNAB,2023-06-27 04:14:34,23.10.1,YNAB
127ae5ca-8b66-45e2-a1c8-63b019e47315,Game Changer!,5,0,23.10.1,2023-06-22 12:01:10,Hey Ryan! Thanks for letting us know that YNAB has been a game changer for you! We hope you're absolutely loving the way you spend your money! \- Kat @ YNAB,2023-06-27 04:13:54,23.10.1,YNAB
5b585f82-04a7-438b-8065-0aae0ea4a31a,You have to pay 130/yr after a 30 day trial. No thanks.,1,0,,2023-06-22 09:51:13,"Hey Star Lord! A YNAB subscription is $98.99 USD \(plus local tax\), so you must be using a different currency if you were charged $130. I totally get it if YNAB isn't right for you \-\- reach out to help@ynab.com if you need help cancelling. Thanks for giving YNAB a try! \- Kat @ YNAB",2023-06-27 04:10:44,,YNAB
715ced1e-0abe-4c44-b8be-8e3b41c30dab,"Great app and service, but insanely greedy and unfair pricing. Avoid!",2,0,23.10.1,2023-06-20 13:51:23,Thanks for leaving a review. I'm sorry you find the pricing to be unfair. I wish you all the best as you find the right budgeting solution for you! \- Natalie @ YNAB,2023-06-21 05:16:13,23.10.1,YNAB
2f08385e-29d0-417c-89fc-eb0f56aba109,Love this app so much! Srsly changed everything for me,5,0,23.10.1,2023-06-20 09:19:55,Yay! That is so great to hear. 🎉 Thanks for leaving a review! \- Natalie @ YNAB,2023-06-21 05:07:57,23.10.1,YNAB
35ca61c2-4e75-49a5-bc9e-2c363203d2f7,I got notice that my account was charged yearly so i canceled my account the very next day. i even request refund and they refused to give me refund. so basically I do not have YNAB account and i am out of $$ for an account that will expire next year in 2024. I want my refund or restore my account so i can use it again till it time to expire. either way works for me. You ripped me off big time.,1,0,6.21,2023-06-20 07:47:59,I'm sorry you ran into this. We can definitely make sure your account is restored so you can use YNAB. Email us at help@ynab.com and we can go from there! \- Natalie @ YNAB,2023-06-20 12:04:46,6.21,YNAB
21853212-8e84-414d-87b8-201699bd65f2,"Waste of time. Spent hours setting things up and then it reset and had to redo everything. And you have to pay to do all the work yourself anyway. Not worth the time or money, especially for someone trying to save money.",1,0,,2023-06-19 16:59:08,"I'm sorry you ran into that! You do assign money each time you are paid but it shouldn't reset where you have to do everything all over again. If you'd like to give us another try, you can email us at help@ynab.com and we can check to see what might happened! \- Natalie @ YNAB",2023-06-20 11:40:34,,YNAB
1fce37e0-0ee7-4422-bc1d-600281f9a7c8,"Been using this product for years. Absolutely love it. They actually teach you how to really budget vs just tracking where your money goes. I finally feel in control of my finances. It took some time, but keep at it.",5,0,23.10.1,2023-06-19 10:43:15,This is so great! I love that the YNAB Method has helped you feel in control of your finances. That's a big deal! \- Natalie @ YNAB,2023-06-20 11:33:28,23.10.1,YNAB
2438a979-d566-40e1-91e1-3345a7382e4f,Cant do anything without paying,1,0,23.10.1,2023-06-19 08:15:14,"Hey Kagen! Our 34\-day free trial is full\-featured, so you should be able to use everything about YNAB for 34 days without having to pay anything. If you're stuck, you can email us at help@ynab.com and we can see what's going on! \- Kat @ YNAB",2023-06-20 00:54:41,23.10.1,YNAB
c4b63cd7-bf36-4fdb-ac7e-97b8566a8e69,"Does not give users the option to deficit rollover across months. This is different from the original YNAB, and makes it extremely difficult for users whose credit card statement dates do not follow the calendar month, or who practises debit in the first month and subsequent credit/reimbursement in the next month. In general, app is not flexible enough to cater for different user behaviour, and simply assumes that people who rollover deficits are simply outspending their budgets.",2,4,23.10.1,2023-06-17 21:21:37,Hey Zhi Wei! You're right about overspending not rolling to the next month in the current YNAB. This is intentional to keep the budget accurate. You can reach out to help@ynab.com if you want to talk about how to make this work in your budget! \- Kat @ YNAB,2023-06-19 23:40:02,23.10.1,YNAB
d05b03ee-fc45-4d3c-b566-1df5186e8102,I refer to YNAB daily. It's been an idespensible tool for managing our family's finances since 2017 and I couldn't be more pleased!,5,0,23.10.1,2023-06-17 16:08:51,Whoo! It's so great to hear that YNAB has helped you and your family so much. 🎉 \- Natalie @ YNAB,2023-06-19 05:25:18,23.10.1,YNAB
64a413af-49e9-4893-b4d0-a55545e7e6fd,LOVE YNAB!! I STRONGLY dislike the mobile app though. I do as much as I can on my desktop and avoid the mobile as much as I can.,1,0,23.10.1,2023-06-17 03:26:49,"That is really interesting, Cody! I'm so happy to hear you love YNAB though and that the web app meets your budgeting needs. 😄 \- Natalie @ YNAB",2023-06-19 05:17:22,23.10.1,YNAB
9e29d7c9-5504-47b6-8754-9a116e200940,"Thank you for your kind words Natalie! chgd rating. I'm sure this app is great, but made me depressed. YMMV. According to this It'll take me 244 years til out of debt, and then what? I'll be quite old then. Last year i had $200K cash. Now down at $67.79 total assets. 6yrs ago I went into one of those video lottery delis for the 1st time, put in $10. $1500 jackpot on 3rd spin. worst event ever. from then on i tried to make it repeat, even when i had plenty. sick. lost my life to it. don't gamble.",4,1,23.5.1,2023-06-16 08:49:28,"Ah, I'm so sorry to hear that. We always try to make our tools be motivating but I can understand how that wasn't the case for you. I wish you all the best as you find the right budgeting solution for you! - Natalie @ YNAB",2023-05-04 09:27:49,23.5.1,YNAB
5bd7e14b-a619-4b81-95ee-3779cfcb8251,"This is an absolutely phenomenal tool for money management. I am a financial coach, and I recommend this to clients as well as friends and family.",5,1,23.10.1,2023-06-16 07:30:39,Hey Ryan! I love reading this awesome review from a financial coach! Thanks for spreading the YNAB love and keep up the awesome work using YNAB to love the way you spend your money! \- Kat @ YNAB,2023-06-18 10:11:51,23.10.1,YNAB
d2afdcdd-01c5-45c4-8f9e-cf553d6d84bf,"Used classic for years. This has helped me to save way more money than the annual subscription fee costs. Definitely worth it, and the newer features are useful too",5,1,23.10.1,2023-06-15 14:25:22,Hey Alex! Thanks for this review and for being such a long\-time YNABer. I'm glad to hear you're liking the newer features and YNAB is helping you save money! Keep up the awesome work! \- Kat @ YNAB,2023-06-17 22:58:11,23.10.1,YNAB
a1d6f409-1127-46d8-b58e-558268b294d9,"For me it has been a whole new way of thinking, but I love it!",5,0,23.9.3,2023-06-15 06:47:52,Hey Aaron! You're right \-\- YNAB is a whole new way of looking at your finances! I'm glad it's working so well for you. Happy budgeting! \-Kat @ YNAB,2023-06-16 11:12:50,23.9.3,YNAB
4cef51ec-4c22-4882-a5a6-9b732ae59e90,Life changing!,5,0,23.10.1,2023-06-15 06:00:42,Hey Stacey! Thanks for this amazing review! We're so glad YNAB is helping you change your life and love the way you spend! Keep it up! \-Kat @ YNAB,2023-06-16 11:12:15,23.10.1,YNAB
9df0ae8e-c68d-4253-a5b1-bed4b82af68a,"have tried excel and mint before to budget, but this one blows them away! you get more than a budgeting app; you get a framework for managing your money. and the framework works and makes assigning your money almost into an exciting game to see which goals you can hit! this has more than paid for itself with the yearly subscription, and I've become a YNAB proselytizer!",5,6,23.9.3,2023-06-15 05:57:34,Hey David! Thanks for this awesome review! I'm so glad to hear YNAB helps you gamify your finances and the YNAB framework and method has been so helpful. Keep hitting those goals and thanks for sharing the YNAB love! \-Kat @ YNAB,2023-06-16 11:11:29,23.9.3,YNAB
c4eb392f-45f4-4516-b287-72d3e313885d,I have used YNAB for many years and really appreciate all the work that the team have done to make this program so easy to use. YNAB is very interactive and any help I've needed has been taken care of immediately. ... I highly recommend YNAB.,5,1,23.10.1,2023-06-14 07:33:40,"So happy to hear this, Peter! It's great that YNAB has been so valuable for you. Thanks for being such a longtime YNABer! \- Natalie @ YNAB",2023-06-14 13:06:33,23.10.1,YNAB
73ab3d59-88f1-458b-8b1f-f755f3e3efc0,Still no tablet support after a year and a half.,3,1,23.9.3,2023-06-13 19:09:06,"Hi Mike, I'm sorry we still don't offer tablet support. I don't know if it's in our plans to work on but I'll let our team know you are waiting for it! \- Natalie @ YNAB",2023-06-14 13:00:22,23.9.3,YNAB
5a444cd6-66d6-46b1-8ec0-aa2bc5e60c91,I've been an avid YNABer for a few years now and this is without a doubt the best money management system ever. It teaches you how to prioritize your financial goals (whether big or small) and give you peace of mind with your financial future. Worth every penny and I don't think I would ever want to be without this app.,5,1,23.9.3,2023-06-13 17:31:35,"We love to hear it! It's true, we are all about helping you make sure your spending aligns with your priorities. Thanks for budgeting with us! \- Natalie @ YNAB",2023-06-14 12:58:52,23.9.3,YNAB
71b4e298-e86b-40fd-8f9a-99811dd6dc95,Love it!,5,0,23.9.3,2023-06-12 17:17:13,Yay! So glad you are loving YNAB. 🎉 \- Natalie @ YNAB,2023-06-13 11:28:18,23.9.3,YNAB
3175f886-afbe-4e91-963b-aca3a13730a8,"overall love the app and being able to stay connect with my spouse on our budget. The handling of accounts, transfers, and credit cards could be a little more simple/easier to use.",4,0,23.9.3,2023-06-12 08:09:20,"Hi Jared DeVisser Thanks for taking the time to share your review of YNAB! I'm so glad the app makes it easy for your and your spouse to communicate about finances. If you ever want more help with your account or credit card setup, please feel free to reach out at help@ynab.com Sasha@YNAB",2023-06-13 08:58:40,23.9.3,YNAB
6848b71c-57b0-485f-9a2a-0c424e7ce945,necessary and worth it. much better than mint or spreadsheets or budgeting and spend tracking,5,1,23.9.3,2023-06-12 05:57:40,"Thanks for taking the time to leave us a review, Ethan! We're so glad you're enjoying YNAB, and finding the value in it. 🙌 \- Jill@YNAB",2023-06-13 10:07:25,23.9.3,YNAB
0daaee50-7c51-4829-992c-4c5f576c818d,It took me a while to wrap my head around how they track credit cards. It is worth watching their videos and working on it. This is the best money management application out there for personal finances. My finances have never been better! I gave the app 5 stars for ease of use because of the plethora of free training. They don't just give you an app. They teach you how to change your financial life. This app works well for those who are Neurodivergent as well.,5,2,23.9.3,2023-06-12 05:53:38,Thanks for leaving a review! We are all about that YNAB Method helping you transform your finances. I love that you found the app to be so easy to use and that it has helped you so much! 🎉 \- Natalie @ YNAB,2023-06-12 05:28:30,23.9.3,YNAB
d422ef81-a6db-4ac9-a049-5ede74c9e4d9,"This app is not intuitive at all. I just downloaded it and spent an hour trying to figure everything out! Still have no idea. Thank gods it was just a trail, cause this app is not good at all, let alone worth 15 bucks a month?!",1,0,23.9.3,2023-06-11 09:52:52,I'm sorry you didn't have a good first experience with YNAB! I appreciate the feedback and will pass it along. \- Natalie @ YNAB,2023-06-12 05:45:41,23.9.3,YNAB
bd62ff09-ce0c-4cb5-8f10-cd88630de922,Very hard to use interface,1,0,,2023-06-11 04:06:24,Thanks for leaving a review. It is possible to use YNAB on a tablet! \- Natalie @ YNAB,2023-06-12 05:39:30,,YNAB
312fa0de-d4de-46d3-a0ed-db8daf34de7f,"I had heard of YNAB for a few years, but never took the plunge until recently. I am so glad I did. YNAB handles money the same way I do in my mind, so it has been a very easy transition to using it compared to my excel spreadsheet. There are some nuances to using it, and I admit I had to go back and fix a thing or two after I tried to be smarter than the platform, but once I understood what it was doing, how it was transferring funds around, etc, it became second nature. I highly recommend it.",5,7,23.9.3,2023-06-09 12:01:02,Hey Jordan! I'm so glad to hear that YNAB handles money the same way you conceptualize it! I'm glad you're enjoying using it and the transition from your spreadsheet went so smoothly. Keep up the awesome work! \- Kat @ YNAB,2023-06-12 01:48:31,23.9.3,YNAB
81881a0b-08c1-424f-b69a-9333bc073df7,"Very easy to use! Makes your transactions easy to sort, and the goal setting is amazing! 5/5!",5,0,23.9.3,2023-06-09 09:00:01,Hey Ben! Thanks for taking the time to submit this review. I'm so glad to hear you're enjoying setting financial goals with YNAB. Keep up the great work! \- Kat @ YNAB,2023-06-12 01:41:34,23.9.3,YNAB
38e87cdf-eb0f-4f0d-b992-dee1bd75842f,I did not ask to be in a free trial! Please! Let me out of this!,1,0,,2023-06-09 04:10:21,"Hey Lorenzo! If you signed up for YNAB on your Android device, you can cancel that subscription from [My Subscriptions](https://play.google.com/store/account/subscriptions) in the Google Play Store. If you run into trouble, reach out at help@ynab.com and we're happy to help! \- Kat @ YNAB",2023-06-12 01:40:44,,YNAB
34a06f1e-af45-49c2-ad74-c7fb208e8366,"Steep learning curve, but otherwise does what it needs to. Never been actually able to connect to my bank account so I have to do everything manually but maybe that's just a me problem.",4,0,23.9.3,2023-06-09 02:36:26,Hey Stephanie! Thanks for this review! I'm so glad to hear you got past the learning curve and made YNAB work for you. Feel free to reach out at help@ynab.com if you want us to see if we can help you get your bank connected! \- Kat @ YNAB,2023-06-12 01:38:54,23.9.3,YNAB
a35bb846-a1a9-4d23-94cd-c1c39ceb29b0,"The budgeting system itself is so useful, you just have to stick with it. The app is super well designed. Easy to navigate and understand. The notifications come in once or twice a day (at night or the morning, when I tend to open it and budget. I'm not sure if it learned and sends me notifications then or not, but it's super helpful) I've never had an issue with the apps math or connection to my accounts. All around 5 star app. Worth paying for the year.",5,40,23.9.3,2023-06-08 18:39:29,Hey Jacob! I'm so glad to hear you're finding YNAB well\-designed and easy to navigate. Keep up the great work with YNAB and let us know if we can help with anything! \- Kat @ YNAB,2023-06-12 01:31:09,23.9.3,YNAB
1b0794f6-ce3a-40d1-8e2e-cdbb58c27de2,"Love, love, LOVE YNAB!!!",5,0,23.9.3,2023-06-08 07:01:19,Hey Tonie! Thanks for shouting your love for YNAB to the rooftops! We're so glad YNAB is helping you love the way you spend your money. Keep up the awesome work! \-Kat @ YNAB,2023-06-11 09:42:07,23.9.3,YNAB
219510c7-5e7c-47c6-997c-ba89db65d873,"The app is very useful, but they've been having issues with American Express imports for over a year, making importing transactions from Amex a terrible experience. You'd think that a year dealing with technical issues would be more than enough time to fix the problem, specially when it impacts such a core function of your application. I'll be changing this to a better score after they figure out how to fix their import issues.",1,22,23.9.3,2023-06-08 06:31:32,"Hey Anibal! You're right \-\- the Amex connection has been so unreliable while we wait for our import providers to negotiate with Amex. It looks like Amex and Plaid just announced an agreement, so we're hopeful to have import from Amex again soon! \- Kat @ YNAB",2023-06-11 09:41:22,23.9.3,YNAB
5b5b72aa-4a4e-4b31-ae16-10f741f034ec,"Life changing, I've thankfully stayed out of debt in the past, but at the end of each month always wondered where my money went, now it's easier to know.",5,0,23.9.3,2023-06-08 06:12:00,Hey Travis! Thanks for letting us know that YNAB is helping you see clearly how you're spending and to know and choose how you want to spend. Keep up the awesome work! \- Kat @ YNAB,2023-06-11 09:38:27,23.9.3,YNAB
aec484e6-60f3-4919-ae7a-c1364e350367,It took some serious mind set changes for the two accountants in our house but now we wonder how we did without YNAB. With YNAB the age of our money remains well over 100 days. We used to owe; now pay as you go.,5,0,23.9.3,2023-06-08 04:26:29,Hey Thomas! I'm so glad to hear you were able to get the mindset shift of YNAB and you're able to spend your money on what really matters to you without creating debt. Keep up the great work! \- Kat @ YNAB,2023-06-11 09:37:17,23.9.3,YNAB
fa093e03-d736-45a9-97d2-35d051fabde7,"It takes a while to get the hang of, but now that I have it's really indispensable to my life. I really like the way it subtracts credit card spending from your categories so you don't go over budget",5,1,23.9.3,2023-06-08 03:54:10,Hey Louise! Thanks for this awesome review! I love the way YNAB lets you fund your credit card spending too! I love always knowing I have enough money to pay down my card. Keep up the great work! \- Kat @ YNAB,2023-06-10 01:38:34,23.9.3,YNAB
784c05eb-cbfd-4983-85e9-e1a7b267701f,"I'll stick to my self-made spreadsheets, as others have said this app has categorizing/syncing issues. For example I put in all my expenses, and it backdated them for the current month, so according to their app I still had to pay all of May's bills even though when I put the bill in let's say for the 25th of June on May 27th, app backdated them as if hadn't paid them already and could not find a way to not force the backdate. If anyone needs a budget tool I can send a more intuitive excel sheet",3,0,22.19.0,2023-06-06 14:53:50,"Hi there, I'm sorry to hear you didn't find YNAB to be very intuitive. If you'd like to give it another try, we are happy to help with the backdate issue! \- Natalie @ YNAB",2023-06-05 05:30:10,22.19.0,YNAB
23557838-a432-4b49-acfe-a7da75677050,Knocking off a star because of the persistent and reoccurring notification if a category is left overspent or transactions uncategorized. It is annoying to swipw away a notifications 20x/day. Otherwise Great support. Constantly improving the app. FYI there's a subscription price.,4,0,23.9.3,2023-06-06 12:33:00,I appreciate the feedback about the notifications. So glad you've have good experiences with our support team. Thanks for budgeting with us! \- Natalie @ YNAB,2023-06-07 12:41:51,23.9.3,YNAB
fe1cbd94-6a5e-44f6-b59b-01140cab3229,this is hands down the best app! it made my budget easy to manage and see. I'd be lost without it,5,1,23.9.3,2023-06-06 07:28:15,"Thanks for this review, Mary! I love that YNAB has helped you so much. I totally agree, the mobile app makes it so easy to have your budget with on the go! \- Natalie @ YNAB",2023-06-07 12:18:33,23.9.3,YNAB
ec47c14f-73d8-4e85-a878-d8afb9541940,YNAB assisted me with making major strides to reduce debt and increase savings.,5,0,23.9.3,2023-06-05 12:12:32,"Hi Ryan, we're thrilled to hear that YNAB has played a part in helping you reduce debt and increase savings\-\-that's a huge win! It sounds like you're really putting in the work to reach your financial goals. 🙌 \- Jill@YNAB",2023-06-07 09:46:27,23.9.3,YNAB
495e4a26-e088-4fa8-8903-d54b9f99b682,"YNAB has completely changed the way I interact with and think about my money. It is without question the most indispensable application I have ever used. I prefer the desktop version, which has an incredibly intuitive UI and is a dream to use. However, the mobile app is also excellent. It has all the capabilities of the desktop version, and I'm sure people who are more accustomed to doing everything on their phones will find it to be an incredibly valuable tool. 5 stars for YNAB.",5,14,23.9.3,2023-06-04 06:48:09,"Thank you so much for this review! I'm so glad YNAB, the app and method, have helped you so much. We love to hear it! \- Natalie @ YNAB",2023-06-05 08:49:43,23.9.3,YNAB
45dffd11-a0af-40a3-a02e-b12fa1fecfa0,"the learning curve is kind of steep, but customer service is awesome. I love this app! has helped me save for a house and car without giving up my ""fun money"" along the way.",5,0,23.9.3,2023-06-03 07:38:43,Whoo! It's so great you were able reach some big financial goals while also keeping that fun money! Thanks for leaving a review. \- Natalie @ YNAB,2023-06-05 08:22:42,23.9.3,YNAB
caefac35-c453-4ae0-8173-f7c79d5ae41e,works great to plan our spending.,5,0,23.9.3,2023-06-03 07:11:17,"Thanks for the review, Tyler. YNAB is all about helping you love the way you spend your money. I'm glad it's helping you make a plan for your money! \- Natalie @ YNAB",2023-06-05 08:26:18,23.9.3,YNAB
fe3356a8-f7d0-4f17-ae2a-d333124eb630,By far the best budgeting app and system I have used.,5,0,23.9.3,2023-06-03 04:29:15,"🤩 We love to hear it! Thanks for budgeting with us, Peggy. \- Natalie @ YNAB",2023-06-05 08:27:10,23.9.3,YNAB
d4fd8af0-07b8-451b-be93-0345465e5560,"YNAB is by far the best budgeting software around. I've been using it for 5 years and it's helped us get out of debt, build our savings, and plan ahead for larger expenditures.",5,0,23.9.3,2023-06-03 04:01:50,Wow! Thanks for being a longtime YNABer! It's great to hear YNAB has helped you achieve so much. Way to go! \- Natalie @ YNAB,2023-06-05 08:34:31,23.9.3,YNAB
efe69e53-aa98-4fd6-b2ac-0bd1e105e3c3,YNAB is the best budget app I have ever used. If you want to sort your finances out this is the app for you!,5,0,23.9.3,2023-06-02 22:46:23,"I love this, Lisa!! It's great that YNAB has helped you sort your finances. Thanks for leaving a review! \- Natalie @ YNAB",2023-06-05 05:38:36,23.9.3,YNAB
d0dc5b38-3f4b-44c7-8c32-6d979ebb60a0,the program is great very helpful. The price went up again and I believe it is overpriced.,4,0,23.9.3,2023-06-02 21:42:44,Thanks for leaving a review. I'm so glad you have found YNAB to be helpful for you! \- Natalie @ YNAB,2023-06-05 05:28:35,23.9.3,YNAB
5e0216ac-41ba-4db5-89d7-64805735bab6,"Allowed me to understand my finances during a difficult time, eliminate debt, and make financially healthy decisions.",5,0,23.9.3,2023-06-02 08:53:14,Hey Sondra! I'm so glad to hear you were able to use YNAB to make financially healthy decisions during a difficult time. Great work on eliminating your debt! We're thrilled for you! \-Kat @ YNAB,2023-06-05 00:13:41,23.9.3,YNAB
5c531cbb-3c9c-4be4-a2e0-fa8eb0c0d6d9,"there's a learning curve to it, but I can't imagine not having a budget anymore. YNAB is a great community",5,1,23.9.3,2023-06-01 18:14:06,"I love hearing this. Once you have a budget, it feels stressful to not have one. 😅 Thanks for leaving a review! \- Natalie @ YNAB",2023-06-02 08:40:33,23.9.3,YNAB
c1e061ee-f288-419d-b991-af1c393630a9,makes me feel like chocolate,5,0,23.9.3,2023-06-01 15:31:08,Ha! We'll take it! Thanks for leaving a review.🍫 \- Natalie @ YNAB,2023-06-02 08:39:07,23.9.3,YNAB
43b5521a-6a2f-4b74-9a1f-e7b3cedc56a5,This app changed my money habit. I am more disciplined with money and not getting into debt.,5,1,23.9.3,2023-06-01 07:04:33,"Wow, that is so great! I'm glad YNAB could help you with your money habits. \- Natalie @ YNAB",2023-06-02 08:27:56,23.9.3,YNAB
456444ba-ea15-421a-80c6-227e26e9c0e3,Best budget app out there.,5,0,23.9.3,2023-06-01 05:43:02,Thanks for the review! It's awesome that YNAB has been so great for you. Thanks for budgeting with us! \- Natalie @ YNAB,2023-06-02 08:27:16,23.9.3,YNAB
